State,Year,total_emissions_excluding_lucf,total_emissions_including_lucf,total_co2,total_ch4,total_n2o,total_f_gas,emission_by_energy,emission_by_industrial,emission_by_agriculture,emission_by_waste,emission_by_forestry,emission_by_bunker_fuel,emission_sub_electric,emission_sub_commercial,emission_sub_residential,emission_sub_industrial,emission_sub_transportation,emission_sub_fugitive,state_gdp,population,total_energy_use
Alabama,1990,142.6596173,100.2894252,108.7964039,30.3826084,5.4995939,0.5684567,121.2733409,2.5338356,6.3239897,5.5025423,-48.2956099,0.0,51.3916009,2.3174761,3.1945076,21.3945825,28.6849649,21.3983836,83766.0,4050055.0,41970.97941
Alabama,1991,146.5712282,104.8887123,112.8281644,30.0860005,5.495659,0.551307,125.0809921,2.4871053,6.1764012,5.6948112,-48.4412625,0.022603908,55.3707234,1.9094394,3.1228425,21.5710751,29.2994633,21.0886431,86115.0,4099156.0,42409.62845
Alabama,1992,152.7041185,112.7517324,119.4407324,28.9611064,5.6397422,0.5793626,130.6798637,2.4897182,6.2060175,5.9669233,-48.2199013,0.022894892,58.1824244,2.008612,3.3176036,24.1210089,30.099162,19.767581,89814.0,4154014.0,44186.34984
Alabama,1993,156.1671559,109.163465,123.7996805,27.0317022,6.013421,0.6447658,132.8649808,3.0379275,6.5157204,6.0321451,-53.287276,0.020905596,64.1934895,1.9578865,3.4994458,22.2733976,30.1664364,17.6848014,91168.0,4214202.0,45543.39747
Alabama,1994,156.4085941,108.7253201,122.2413427,29.6655078,5.7149803,0.7766258,132.9197674,3.3492963,6.2277882,6.1824399,-53.7638023,0.022805487,60.1045691,1.9613428,3.3748822,23.1362753,31.406455,20.1360231,94803.0,4260229.0,47841.19572
Alabama,1995,166.5692763,122.7368256,129.7310248,32.4717722,5.6981661,1.0533428,142.2239076,3.5256031,6.223966,6.3293613,-52.7576839,0.020169326,65.8083178,1.8736957,3.3852405,23.7374564,32.9092051,22.7364862,98024.0,4296800.0,49704.60365
Alabama,1996,171.1134205,127.8494191,135.6124428,30.0515443,5.8699722,1.2448633,146.1319226,3.6972242,6.2984441,6.472179,-53.0518253,0.016045263,71.0871374,2.0625597,3.8007992,24.4369832,32.3361531,20.2374052,101379.0,4331102.0,50526.05947
Alabama,1997,169.6632061,127.3837972,135.9882144,27.8097517,5.6439113,1.4240559,142.6640394,5.6530112,5.8467883,6.5988873,-52.2027073,0.016268954,69.4406028,2.3005315,3.3726079,24.4739026,31.988477,18.2492957,122541.0,4367935.0,49709.36637
Alabama,1998,167.7254046,125.2636963,133.8736536,27.8343272,5.7718302,1.5187638,140.4503588,5.8428945,5.9021314,6.7146268,-52.0344232,0.013043265,70.4240386,1.8117768,3.1318165,21.806119,32.5774057,18.2821824,126309.0,4404701.0,50864.86779
Alabama,1999,168.8333989,126.8117918,135.7383937,27.0238223,5.4726202,1.6782872,142.1679179,5.7593455,5.5673988,6.4167474,-51.903439,0.002419978,71.5661695,2.0819096,3.3375869,21.9768565,32.8792784,17.8668142,130898.0,4430141.0,51950.13798
Alabama,2000,174.6746211,133.2938534,141.6002013,26.9722193,5.2445121,1.7654173,147.8009219,5.8412186,5.3458319,6.4789548,-52.3478704,0.007422068,76.4869603,2.141831,3.6869123,21.44663,34.1550648,17.8601625,132699.0,4452173.0,53212.4604
Alabama,2001,165.1486963,121.4009301,133.4470234,25.3795153,5.3064479,1.8429676,138.480264,5.8682772,5.4097096,6.7914729,-52.4891191,0.012839181,73.6970434,2.0588365,3.5497115,18.5291879,32.0783786,16.255004,133888.0,4467634.0,48332.08348
Alabama,2002,168.7894029,124.91348,138.7733803,23.2952688,5.0404459,1.9114278,141.3938692,6.2840353,5.2756783,7.0259595,-53.1012977,0.008210844,77.2070016,1.8968407,3.2621025,18.507887,33.8688068,14.008599,137086.0,4480089.0,49868.19931
Alabama,2003,170.3943794,126.7772231,139.9872483,23.6897333,5.0381886,1.9616502,142.4099985,6.5770621,5.4438833,6.9268203,-53.1683961,0.007670649,77.9445487,2.0023394,3.1056702,19.5791142,32.7679854,14.3352828,140020.0,4503491.0,49674.94375
Alabama,2004,172.5823751,129.1927181,142.5272644,22.9858906,5.1051586,2.0075546,144.2155307,6.7938455,5.4753407,6.8493447,-53.3643569,0.036434483,77.4387523,2.0526672,3.0010979,19.9517761,35.1021346,13.8238601,146937.0,4530729.0,52537.11173
Alabama,2005,172.7147736,128.7781583,143.8848966,21.5977925,4.8928721,2.0614017,144.4817819,6.7209936,5.3053177,7.077153,-53.7142245,0.00701234,81.1308898,1.7550495,2.7322834,18.750894,34.896367,12.3719828,150968.0,4569805.0,52074.85069
Alabama,2006,175.3679173,130.9629511,146.7882921,21.3293654,4.6953393,2.1516193,146.4644682,7.1297447,5.1670653,7.3271399,-54.4069322,0.008670166,83.4578961,2.1100721,2.5153943,18.3123416,35.3285989,12.0103028,153681.0,4628981.0,53043.19484
Alabama,2007,178.2416716,134.6367715,148.1007884,23.0501378,4.7662393,2.2565892,148.9405388,7.080127,5.3295118,7.5294731,-54.3108937,0.009817712,85.7549269,1.8872856,2.3877803,17.778048,35.5317736,13.4835184,155388.0,4672840.0,52753.6013
Alabama,2008,173.20905,127.6012139,140.2131981,27.0158169,4.663076,2.395072,144.6011471,6.8334116,5.2973561,7.4159787,-54.870375,0.010230344,80.884397,1.9026531,2.5449814,17.4675448,32.7894174,17.6650414,155870.0,4718206.0,50866.37976
Alabama,2009,152.0031502,101.0346506,120.0007067,26.9276878,4.2985674,2.5447861,126.3444649,5.5012814,5.1999381,7.4258008,-55.2347692,0.01071878,66.3744624,1.8006657,2.5257594,14.4264252,31.6702039,17.5730116,149843.0,4757938.0,46042.67669
Alabama,2010,164.6313869,116.0727241,132.9895572,25.8141559,4.25095,2.6970005,137.5511429,6.3430563,5.136477,7.0032896,-55.5255615,0.012381474,76.72615,2.0114355,2.8916532,15.5500842,31.9903409,16.7581712,153839.0,4784762.0,49342.23373
Alabama,2011,159.0868886,107.2164877,129.5220606,23.5423398,4.0469281,2.7370733,133.4272338,5.6555,4.9605898,6.9353209,-56.8543123,0.009569609,74.0586208,1.9505987,2.3813473,15.9407137,32.0207422,14.6437387,155390.0,4803689.0,48666.96066
Alabama,2012,151.458331,96.4231382,123.3270058,22.0360226,3.9963928,2.7390689,126.4948896,5.8918888,5.0237589,5.8757388,-57.7843987,0.008619683,66.6505545,1.6947284,1.7873304,17.6588416,31.5027204,13.7967091,186553.9,4815588.0,1890289.0
Alabama,2013,149.4466698,94.3727178,121.2898413,21.3703369,4.5385652,2.7572569,123.9319991,6.0647147,5.5956958,5.5516706,-57.5149993,0.008619683,64.3412468,1.7432621,2.2298095,17.4355759,31.2090227,13.3314676,188814.2,4830081.0,1933626.0
Alabama,2014,151.4715046,96.4817978,123.7004148,20.7455706,4.5011942,2.8288993,125.39933,6.3288482,5.573555,5.7652119,-57.7568988,0.008619683,65.2000629,1.8363978,2.4691494,18.2446971,31.2015241,12.5652835,187568.0,4841799.0,1970386.0
Alabama,2015,146.5805565,90.526344,120.8687328,18.3133598,4.4102726,2.8668372,120.9584389,6.2766169,5.4759474,5.7444001,-57.7296496,0.008619683,62.1430349,2.0307893,2.12759,17.3340402,32.4601355,10.3078697,189428.8,4852347.0,1923945.0
Alabama,2016,140.0717525,81.911197,115.8979388,17.1260734,3.9871541,2.8860404,115.4483934,6.0820205,5.1257139,5.728751,-58.1396149,0.008619683,55.5009458,2.0765622,1.8638745,17.4097416,34.1756174,9.1283853,191523.4,4863525.0,1929369.0
Alabama,2017,136.1397384,77.4678577,110.290368,19.4666672,4.0287317,2.867528,111.5868764,6.0590026,5.2835256,5.7165615,-57.8948444,0.008619683,50.9064854,1.9789829,1.7339461,17.2148295,33.3696634,11.3842651,193693.0,4874486.0,1901160.0
Alabama,2018,138.6581374,81.1430661,114.0361878,17.6851518,4.0609924,2.8758053,114.0361878,6.0602117,5.380972,5.4367888,-57.5150712,0.008619683,53.8151808,2.2107195,2.2498525,17.9789754,32.7123374,9.7338531,198053.7,4887681.0,1954823.0
Alaska,1990,40.82147,9.0023522,31.0702944,8.333521,0.2750758,0.0411156,37.6753672,0.3766143,0.0314669,0.7539864,-29.2066772,0.0,2.6240556,2.0948019,1.4869001,15.9610038,7.3433738,8.2555327,28772.0,553290.0,14718.64465
Alaska,1991,41.516871,9.1637489,31.7306813,8.3655902,0.2780037,0.0393912,38.2153566,0.4203083,0.0285166,0.8136236,-29.2286587,0.000449872,2.4814102,2.1288717,1.5025924,17.5980408,6.7984512,8.2800574,25821.0,570193.0,15186.7772
Alaska,1992,42.7010853,9.4381752,33.1709637,8.1546078,0.2689625,0.0431307,39.2796124,0.4642042,0.027813,0.7179525,-29.2773607,5.99e-05,2.3093647,2.397068,1.6382104,19.0439611,6.6050111,8.2251373,26151.0,588736.0,15806.1072
Alaska,1993,42.7285672,9.4948217,33.3586614,8.0038601,0.2783095,0.0520002,39.3073627,0.4565491,0.0313142,0.744859,-26.271875,0.000131559,2.3355452,2.4424953,1.6303254,18.6664833,6.6971323,8.3633903,26048.0,599432.0,15720.20185
Alaska,1994,41.9834795,9.322151,32.8765462,7.7534651,0.2876718,0.0726676,38.5184843,0.4871968,0.0295861,0.765145,-26.2436468,0.000547072,2.3486294,2.4656614,1.6654375,18.2374028,6.8072537,7.7820419,26188.0,603308.0,15704.60331
Alaska,1995,45.2128468,10.0737709,36.5757116,7.3312262,0.2930544,0.1142009,41.600995,0.4812297,0.0318142,0.7842013,-26.1941867,0.000527035,2.4267934,2.3850455,1.7008353,21.6302734,7.4917052,7.2006454,27608.0,604412.0,17745.86986
Alaska,1996,45.5973607,10.1637428,37.3277656,6.9946735,0.2959037,0.1437504,42.0328653,0.4505523,0.0308427,0.8081616,-26.1642101,0.000901633,2.5494779,2.5836202,1.6845369,22.709145,7.3013225,6.8048552,27271.0,608569.0,18114.48927
Alaska,1997,45.1299998,10.0540842,37.3839513,6.5164854,0.305042,0.1717306,41.6217779,0.4304001,0.0321574,0.8361221,-26.2211236,0.000650427,2.7548606,2.4431815,1.5956988,21.3368495,8.1934889,6.3715409,37249.0,612968.0,17863.22429
Alaska,1998,45.4986015,10.139182,38.2773442,6.0489838,0.3122601,0.1896456,41.9174408,0.4447639,0.0348671,0.8785138,-26.2580415,0.000743641,2.9289236,2.5418325,1.546209,21.8526852,8.3517081,5.9023244,35341.0,619932.0,18228.31576
Alaska,1999,45.4679921,10.1317441,38.703053,5.6398853,0.3132401,0.2128377,41.8815604,0.4457574,0.035629,0.8860691,-26.2730461,0.000390295,3.0347639,2.6922381,1.8248037,20.792088,8.9884185,5.4462025,34967.0,624779.0,18281.33567
Alaska,2000,45.5508494,10.1504755,39.1874133,5.286856,0.3127733,0.2250718,42.0524668,0.4041578,0.0324742,0.9175493,-26.3047841,0.000382516,3.1826393,2.5643272,1.6277632,20.7563556,9.530662,5.107116,34192.0,627963.0,18702.59701
Alaska,2001,44.5716626,9.9227878,38.2018714,5.278576,0.3106518,0.24177,41.1812603,0.3490827,0.0359168,1.0742571,-26.3078609,0.000459316,3.2645483,2.3719766,1.6967209,20.8379821,8.9288855,5.0433851,35729.0,633714.0,18543.48688
Alaska,2002,44.9412883,10.0086089,38.4429164,5.3859472,0.3049855,0.2555041,41.3904613,0.4019926,0.0370608,1.1120472,-26.3139924,0.000405247,3.2810565,1.9722233,1.5275359,21.2812911,9.1047307,5.1229934,37111.0,642337.0,18471.76888
Alaska,2003,44.9280159,10.0062822,38.4151281,5.3910319,0.304571,0.2669935,41.4617547,0.3651007,0.0382155,1.1172362,-26.2695242,0.000483334,2.9937151,1.8555365,1.5644975,21.0692353,9.537652,5.0800894,36288.0,648414.0,18486.00664
Alaska,2004,48.7548487,10.8959979,42.4023172,5.2580796,0.3098571,0.2780879,43.9555015,0.8472402,0.0397238,1.1255136,-26.2652487,0.00019398,3.1791969,2.1069825,1.6926023,20.3314924,11.5622984,4.9251093,38179.0,659286.0,19535.56903
Alaska,2005,48.3811751,10.8091164,42.4200235,4.9180587,0.3022071,0.2890622,44.6582127,0.3960739,0.0398654,1.167039,-26.2634946,1.81e-05,3.2457336,2.0225975,1.6485818,21.8356364,11.4892306,4.5991701,37774.0,666946.0,20107.37264
Alaska,2006,45.6788366,10.1809215,40.0078218,4.6533867,0.2921186,0.3054592,42.5949406,0.1728529,0.0410777,1.2081039,-26.2590638,1.26e-05,3.4910031,2.3057317,2.0034136,18.5819848,11.5693508,4.3483076,39836.0,675302.0,18819.19545
Alaska,2007,44.0174707,9.7949472,38.496965,4.5163591,0.2773118,0.3227094,40.9827753,0.1753073,0.0440053,1.2504458,-26.2425254,1.72e-05,3.2824886,2.0913965,1.7212841,18.7335674,10.8915209,4.1740957,40694.0,680300.0,18246.20746
Alaska,2008,40.0114825,8.8637196,34.5204255,4.4806062,0.2493979,0.3440471,37.3165523,0.1080985,0.0447865,1.2625737,-26.2347559,8.62e-09,3.274005,2.2624918,1.6566182,16.6031899,9.3526307,4.2678375,41039.0,687455.0,16420.64929
Alaska,2009,37.6398146,8.311778,32.8670613,3.8538801,0.2232111,0.3710759,35.0290523,0.1162202,0.04389,1.2822338,-26.2677482,0.0,3.158061,2.1081868,1.640824,16.9742822,8.2621234,3.5130048,44215.0,698895.0,15913.3818
Alaska,2010,38.4420588,8.4979991,33.8824686,3.6495671,0.2342959,0.3949563,35.7819683,0.1237024,0.0447624,1.2643826,-26.2852745,0.0,3.0495187,2.4773521,1.5750955,16.3508074,9.1070176,3.4474142,43472.0,714046.0,16198.36382
Alaska,2011,38.1378281,8.4273767,33.8171813,3.4466986,0.2203188,0.4046139,35.4856319,0.1266511,0.0436996,1.2667898,-26.2788684,6.46e-06,3.176854,2.6640934,1.6132119,16.5685142,8.6716803,3.2915607,44232.0,723860.0,16075.94428
Alaska,2012,36.9398459,8.1489401,33.3798796,2.7892934,0.2115401,0.4108394,34.5346887,0.1285577,0.0426918,0.7828891,-26.2738454,3.45e-07,3.1399804,2.5514655,1.6431116,17.0515966,8.1427324,2.8317045,57717.5,730443.0,651177.0
Alaska,2013,34.8680428,7.6675284,31.6303485,2.5021833,0.2079395,0.416139,32.3675459,0.21825,0.0423851,0.7280509,-26.2581246,3.45e-07,2.6520496,2.3253405,1.4591852,16.9772392,7.5042234,2.4137908,54748.1,737068.0,618287.0
Alaska,2014,33.606886,7.3744258,30.7318477,2.1877104,0.1963552,0.4246042,31.2122286,0.2172939,0.0420258,0.617256,-26.2518872,3.45e-07,2.9138001,2.2597906,1.3702319,16.6303697,7.0481019,2.1261509,53480.6,736283.0,605257.0
Alaska,2015,34.3854486,7.5554887,31.7173176,2.0010034,0.2049437,0.4328346,31.9384419,0.2221214,0.0441334,0.6202329,-26.2486266,3.45e-07,2.9557928,2.4845327,1.5125907,16.6563047,7.5047826,1.8773229,54015.3,737498.0,623778.0
Alaska,2016,33.5619681,7.3644924,30.7098968,2.1564355,0.2008677,0.4364617,31.1790273,0.2108417,0.0437211,0.624458,-26.2214026,3.45e-07,2.7618603,1.9705244,1.4376834,16.5537621,7.2876292,2.1391812,53289.0,741456.0,607570.0
Alaska,2017,33.4338224,7.3351389,30.6126334,2.1380801,0.1932509,0.4319182,31.0458042,0.2143226,0.0445367,0.6277917,-26.1951318,3.45e-07,2.7933412,1.9826327,1.579384,16.5121476,7.1363446,2.0914099,52825.9,739700.0,609681.0
Alaska,2018,33.552133,7.362741,31.144324,1.7821732,0.1967577,0.4288781,31.144324,0.2236331,0.0487663,0.5903632,-26.189392,3.45e-07,2.6940258,1.9630581,1.3977418,17.0722104,7.3453466,1.7475782,52928.7,735139.0,609786.0
Arizona,1990,77.9281416,77.4537469,66.1182283,4.612034,9.219996,0.8198628,67.9994597,0.7065009,6.8614601,1.3803284,-3.639453614,0.0,33.0367257,1.7960693,1.8635067,3.717485,26.3517131,2.5041718,81606.0,3684097.0,23661.773
Arizona,1991,79.3397075,78.9222037,67.5472429,4.7180455,8.824167,0.8059838,68.9087516,1.0353751,6.5912911,1.4451282,-3.647845406,0.0,33.276024,1.7335773,1.9285119,3.7735002,26.9533758,2.990679,81946.0,3788576.0,23807.09896
Arizona,1992,82.346085,82.0877813,70.2972894,4.8602134,8.7589605,0.8374472,71.8929161,0.9518545,6.5938071,1.506076,-3.632303963,0.0,35.9245787,1.680939,1.7997608,3.7827565,27.3907599,2.7568157,90282.0,3915740.0,24523.59854
Arizona,1993,85.5791107,88.7512502,72.7658686,5.0187098,9.5628046,1.0033001,74.5022796,1.0551567,6.9460009,1.5957517,-0.752123235,0.0,37.1643989,1.6459041,1.7560047,3.7949487,28.8393115,2.6735924,94916.0,4065440.0,24930.74811
Arizona,1994,88.8774713,92.1368752,75.6878904,5.2069264,9.2377648,1.1947794,77.4176632,1.2205643,6.8079611,1.672517,-0.811856882,0.0,38.6158355,1.7307686,1.8364059,4.1812749,29.6597265,2.8243474,104104.0,4245089.0,26279.20269
Arizona,1995,84.3081822,87.4633602,70.6375533,5.3163866,9.4919189,1.6295076,72.0699205,1.6267032,6.9694426,1.7653365,-0.714466702,0.0,32.8080953,1.6966992,1.7287185,4.4983685,30.199483,2.5824972,112019.0,4432499.0,27191.15019
Arizona,1996,87.5184432,90.7877909,73.1259703,5.4693333,9.8533453,1.9263655,74.1035717,2.1185824,7.1486375,1.8566559,-0.746918931,0.0,32.8036183,1.7755617,1.696759,4.6717214,32.0759872,2.2797496,120869.0,4586940.0,28852.9615
Arizona,1997,91.3213181,94.8061955,76.8572893,5.1242503,9.7943732,2.1793127,77.4455878,2.5515896,7.064791,1.5628389,-0.714826487,0.0,35.5524056,1.8758464,1.8884546,4.7773781,32.1084399,2.5516462,141474.0,4736990.0,29461.1281
Arizona,1998,96.5238526,100.224615,81.3188098,5.2086274,9.9416413,2.561173,82.0989774,2.7099533,7.1663253,1.6022467,-0.740304023,0.0,37.4523252,2.1577359,2.2002205,4.5117454,34.5175428,2.462382,154770.0,4883342.0,30815.22738
Arizona,1999,100.9360682,104.8263146,85.5411525,5.1041234,9.5559999,2.8145897,86.424893,2.807335,7.0449289,1.4876113,-0.756293515,0.0,40.0122896,2.0869792,2.11579,4.605637,36.3064312,2.5571834,167704.0,5023823.0,31863.58019
Arizona,2000,106.1109324,110.131142,91.5057585,3.9714058,9.6392326,2.8384079,92.4587803,2.8476736,6.9356539,0.6259005,-0.856114812,0.0,44.9462037,2.077667,2.1700364,4.5807863,37.2005084,2.8382454,178845.0,5160586.0,33048.23751
Arizona,2001,110.1853373,114.40565,93.6113435,5.9886305,9.868718,2.696486,94.8292723,2.5588204,7.4254003,2.1066577,-0.848804741,0.0,46.2042963,1.9724361,2.1973701,4.6699058,38.289539,2.8948424,185464.0,5273477.0,33309.50673
Arizona,2002,109.5813168,113.7341302,92.7842391,6.0110196,9.9402571,2.8842989,94.0230077,2.5656896,7.7089297,2.119872,-0.88312869,0.0,45.2154441,2.0475513,2.174145,4.1573101,39.0534633,2.7610099,189985.0,5396255.0,33156.74689
Arizona,2003,112.0011791,116.332133,94.8363627,6.0756398,10.5181263,2.8706619,95.9082613,2.6294851,8.2227667,2.119283,-0.82669171,0.0,46.3632593,1.935365,2.1440768,3.9296787,40.2012044,2.6117174,199895.0,5510364.0,33640.27638
Arizona,2004,119.6012429,124.3047511,102.1351039,6.146116,10.3861431,2.8628269,103.2148925,2.6334996,8.1268441,2.2191453,-0.813672728,0.0,52.0084706,1.9097851,2.2519856,4.4235807,41.0193114,2.7358053,207289.0,5652404.0,34932.4351
Arizona,2005,119.8902335,124.5496558,102.1952459,6.565291,9.8805677,2.8900054,103.2466578,2.6310453,8.2956646,2.3358866,-0.864356221,0.0,51.1181028,1.8979107,2.1589232,4.8460347,41.6568429,2.5950375,222569.0,5839077.0,35982.24949
Arizona,2006,123.4911666,128.2731388,105.6074164,6.7709546,9.0817976,3.0541918,106.5037793,2.7624664,8.0897132,2.4606208,-0.905601888,0.0,53.0768365,1.9249484,2.1723561,4.8852402,42.8625993,1.7980025,238371.0,6029141.0,37160.90931
Arizona,2007,125.9919829,130.9488003,107.5799628,7.1604673,9.0612478,3.1283037,108.3842567,2.8044792,8.510705,2.6165715,-0.855407874,0.0,55.5460498,2.0061371,2.2993047,4.7060565,42.113296,1.7430166,243950.0,6167681.0,37923.67531
Arizona,2008,126.4727326,131.4814784,107.749384,7.3036456,9.1134522,3.2606983,108.6111732,2.7937242,8.8327428,2.6486717,-0.82966633,0.0,57.9767329,2.2802524,2.4468994,5.2120345,38.6514731,1.7505207,241134.0,6280362.0,37172.04753
Arizona,2009,116.5082568,121.0636713,98.1915371,7.2790049,8.8725147,3.3554407,99.1368517,2.6233653,8.9820618,2.6563619,-0.815874845,0.0,52.7876034,2.073361,2.1654144,4.0630066,36.3016872,1.6288921,221405.0,6343154.0,34992.76289
Arizona,2010,117.8308458,122.4855818,100.2239255,6.784106,7.9492675,3.4135864,101.0348689,2.7004127,8.1046557,2.5286341,-0.783308704,0.0,54.7008142,2.2228008,2.3086087,4.4631905,35.407363,1.6754754,221016.0,6410810.0,35045.15281
Arizona,2011,115.769994,120.2635406,98.2985388,6.70874,7.6960196,3.5224409,98.9551676,2.8070652,7.8717678,2.5775496,-0.839699656,0.0,52.5881577,2.2463058,2.3864092,4.8069122,35.0230546,1.750254,224787.0,6467315.0,36072.99317
Arizona,2012,113.345505,117.702559,96.3160296,6.5435432,7.2576339,3.5019836,96.784836,2.842926,7.9406739,2.3325612,-0.859354838,0.0,51.6450421,2.1824717,2.0722111,4.7179732,34.321906,1.6168253,268068.2,6554978.0,1394326.0
Arizona,2013,117.5482516,122.1996659,100.3370053,6.5249222,7.2524488,3.5373301,100.7230213,2.913945,7.869106,2.3846819,-0.774540777,0.0,55.034585,2.2218307,2.3918438,4.3778101,34.7292477,1.635149,269967.4,6632764.0,1411465.0
Arizona,2014,115.7118522,120.3607949,98.3140364,6.6526002,7.2552905,3.6691654,98.5704617,3.0461945,7.9770428,2.4452143,-0.70076914,0.0,53.3990033,2.0995995,2.0194311,4.2508622,34.9631602,1.7463592,274112.9,6730413.0,1420260.0
Arizona,2015,113.4770705,118.0169776,95.991748,6.6770677,7.3484788,3.7786374,96.1679512,3.1267448,8.0255666,2.5002385,-0.704146485,0.0,49.9676199,2.6944471,2.1247644,4.1094157,35.5438262,1.4784558,281935.6,6829676.0,1442275.0
Arizona,2016,109.128135,113.4569719,91.9822852,6.6232172,6.8530516,3.8502218,92.1709808,3.1085294,7.7694917,2.4903623,-0.709738879,0.0,44.5797695,2.8273561,2.177705,4.3134159,36.7909961,1.1598101,291259.6,6941072.0,1473592.0
Arizona,2017,108.5593448,112.9179787,91.1843321,6.878728,6.8371394,3.8700767,91.2334432,3.1799954,8.0015011,2.5794337,-0.660038309,0.0,43.7667981,2.6983721,2.0543523,4.5902295,36.6615469,1.3285118,302117.8,7044008.0,1474130.0
Arizona,2018,112.9657797,117.5854962,95.2905245,6.9768184,6.7660328,3.932404,95.2905245,3.2631769,8.0195501,2.6284797,-0.61288441,0.0,46.7831505,2.6916255,2.2420834,4.317083,37.7200228,1.3754868,314016.1,7158024.0,1487797.0
Arkansas,1990,74.5287458,26.2583974,50.9850828,15.6393994,7.83349,0.2298465,52.4080339,0.2649975,18.0821416,1.7445994,-46.9055165,0.0,21.9737552,1.5862645,2.480518,8.5393433,16.7017835,2.0100872,44496.0,2356586.0,21569.30091
Arkansas,1991,73.1526873,25.0851146,50.0330431,15.6523551,7.5511326,0.2271699,51.4939438,0.2481828,17.6136611,1.826483,-46.6841577,0.0,22.1163105,1.5950158,2.5337012,7.3884842,16.8930412,1.9024969,46498.0,2383144.0,21306.89771
Arkansas,1992,75.8658436,28.5808614,51.6595778,16.4752614,7.8975973,0.2375312,53.3551175,0.2593913,18.3611547,1.8525717,-46.0134018,0.0,22.5005846,1.5525323,2.4176162,8.7497953,16.8694616,2.3313146,49260.0,2415984.0,22036.07268
Arkansas,1993,75.5533766,29.6172146,50.9764217,16.0412273,8.3800487,0.285918,52.5519045,0.3123716,18.6277012,1.8987753,-44.7432116,0.0,20.1475592,1.7760204,2.7998946,8.8490671,17.626857,2.3539406,50756.0,2456303.0,23933.87804
Arkansas,1994,80.2525597,33.7128361,54.8866617,17.1911459,8.1922566,0.3536503,56.4640973,0.3473808,19.0601287,1.9384481,-45.4158879,0.0,22.4226524,1.7129552,2.5979352,9.5707067,18.807104,2.3449767,53641.0,2494019.0,24697.72762
Arkansas,1995,83.8397559,38.6637157,58.1320592,17.2756614,8.140206,0.5050455,59.9290049,0.3877235,18.826581,1.9223684,-44.2209879,0.0,24.3815149,1.758689,2.6736169,10.4033684,19.2193181,2.6050983,55836.0,2535399.0,25975.42178
Arkansas,1996,86.7688661,41.2218312,60.7304527,16.1625742,8.7249025,0.6072102,62.6088001,0.4138091,19.0174773,1.7569421,-44.6353954,0.0,26.6660205,1.8631472,2.8231305,10.2058056,19.6190631,2.6372404,58346.0,2572109.0,26415.75919
Arkansas,1997,88.0749832,43.6496013,62.1293915,16.8312232,8.1917106,0.7027873,61.4659764,1.000955,18.8435879,1.7782157,-43.6149522,0.0,24.9705251,1.7547612,2.5946351,10.5690816,20.170027,2.4069771,71547.0,2601090.0,26901.58184
Arkansas,1998,88.61855,44.3954058,62.9422525,17.0135713,7.8196337,0.7556777,62.1360184,1.0538581,18.3670996,1.8136393,-43.4380104,0.0,25.9149369,1.7146512,2.2999519,10.439283,20.370563,2.4855399,72648.0,2626289.0,27408.19414
Arkansas,1999,91.4362092,47.4076282,65.1481931,17.8607439,7.7098176,0.8372794,64.7139651,1.0404089,18.4775774,1.8821326,-43.3202768,0.0,26.9822018,1.7483895,2.6066504,9.9711932,21.5744981,3.6937907,76595.0,2651860.0,27846.49039
Arkansas,2000,90.4020971,45.7315419,65.2440467,16.7319832,7.3336578,0.9073158,64.5622787,1.0614322,17.3536958,1.9354668,-43.8977686,0.0,26.6155125,2.0601522,2.8517757,10.0386664,21.6157823,2.5539502,77539.0,2678588.0,28869.11443
Arkansas,2001,90.7455927,47.4723884,63.9819456,18.0990886,7.9104663,0.9605345,63.8718273,0.9674721,18.7667158,2.1261205,-42.5971397,0.0,27.169051,2.0913438,2.5987601,10.0094871,20.4224982,3.0776735,78447.0,2691571.0,27733.44509
Arkansas,2002,89.7938159,47.2757329,63.1285508,17.9965709,7.8944677,0.9974006,62.9667209,1.0672833,18.4758645,1.9501094,-41.8682675,0.0,25.7294114,2.0859619,2.5653148,9.6216552,20.9643336,4.0897142,80583.0,2705927.0,28295.06806
Arkansas,2003,91.1552426,50.1475877,63.9406453,17.9043318,8.2932709,1.0288968,63.8863003,1.0893948,18.9768956,1.7981207,-40.4850387,0.0,26.517006,2.1331131,2.4362294,9.7200724,20.8835216,4.5894727,83054.0,2724816.0,27835.32698
Arkansas,2004,90.9759265,51.2728565,64.3050911,17.0491957,8.2531321,1.0557855,63.2351425,1.1009224,19.3839152,1.8745563,-39.2593166,0.0,27.3558946,1.977228,2.207524,9.4393435,21.0844858,2.2627129,86060.0,2749686.0,27619.3162
Arkansas,2005,87.2859333,48.5975078,61.9277284,17.1087403,7.3066374,1.0932845,61.0324539,1.0513547,18.1276894,1.8659387,-38.2247863,0.0,25.4904471,2.0806212,2.1385467,9.1347423,21.012071,2.2307158,88501.0,2781097.0,28212.53945
Arkansas,2006,88.7126523,49.8775018,63.7983431,15.8850154,7.4283742,1.1475537,62.8933807,1.0785944,17.4644408,1.8249767,-38.3948177,0.0,27.6370743,1.8371298,2.0522815,9.2220091,20.9553601,2.3862435,90861.0,2821761.0,28129.80924
Arkansas,2007,90.7922339,52.8510605,64.9953948,16.2409533,7.8244046,1.2071187,64.4118401,1.0756421,17.9176732,1.9063743,-37.6052652,0.0,28.8075846,1.8242922,2.0794954,9.045854,21.2242935,3.0770769,91312.0,2848650.0,28524.30862
Arkansas,2008,92.127325,54.7107348,65.70407,17.1584277,7.7648817,1.283439,65.4053807,1.0655024,18.214391,1.970236,-37.1445842,0.0,29.2317891,2.1269291,2.3243399,9.5681779,20.4298433,3.6613701,91618.0,2874554.0,28091.98467
Arkansas,2009,88.4246758,51.6946872,62.1505573,17.6442395,7.5131029,1.3677128,62.8418059,0.8589427,18.0318038,2.0492604,-36.4169455,0.0,29.0765822,2.4394696,2.2240862,7.3367959,20.1506776,3.8961922,89776.0,2896843.0,26306.36783
Arkansas,2010,94.9537347,59.2506865,67.1592852,19.506449,7.4804753,1.4445364,67.3671697,1.0624784,19.0177584,2.0159639,-35.6046712,0.0,32.5868076,2.5049199,2.3354543,8.205462,19.8449987,4.5616545,92075.0,2922750.0,28233.00151
Arkansas,2011,94.7997931,57.8747887,68.4796055,17.1820872,7.3958088,1.4720967,69.092338,1.0504171,16.8771619,2.057494,-36.7453958,0.0,34.5134348,2.4652261,2.1554897,8.1351772,19.6446229,5.3966792,92684.0,2938582.0,28151.60687
Arkansas,2012,93.8517205,56.2249807,67.3517181,17.764365,7.30076,1.4762687,67.9300056,1.0736777,17.0632182,2.054769,-37.3808165,0.0,34.8599685,2.4294972,1.6630111,7.8122335,18.9337559,5.6384309,107718.8,2952164.0,1072816.0
Arkansas,2013,96.6364888,59.9524505,69.7283629,16.9784855,7.8729397,1.4843701,70.2734221,1.087854,17.1180854,2.255709,-36.5617701,0.0,35.830753,2.7618533,2.2349655,8.3511571,18.8324835,5.609926,110301.4,2959400.0,1104533.0
Arkansas,2014,98.9383754,62.5369051,70.352619,18.7972614,8.2136053,1.521668,70.8162617,1.1310787,18.9053052,2.1671402,-36.3498296,0.0,35.7666864,3.0155583,2.3787287,8.1795714,19.1435623,5.8003636,111729.9,2967392.0,1121936.0
Arkansas,2015,88.2886605,51.0337147,60.8711957,18.3182,7.9713342,1.5469691,61.4099158,1.1189267,18.0644198,2.2076718,-36.9054067,0.0,27.2714463,3.0306955,2.0338517,7.4401629,18.9528437,6.3003744,112938.9,2978048.0,1062299.0
Arkansas,2016,91.5521027,53.9641965,64.228943,19.252098,7.2867356,1.5593492,64.3430503,1.1810071,17.8810243,2.2775747,-37.2918467,0.0,30.4996197,2.8617937,1.6563034,7.4284626,19.4999256,5.8454635,113490.4,2989918.0,1054563.0
Arkansas,2017,93.4223153,56.3118312,66.1003243,18.0815247,7.7681819,1.5526811,66.4503625,1.177451,17.4252051,2.3638524,-36.887569,0.0,32.0601333,2.9571161,1.560692,7.7008633,19.5626982,6.3875009,114950.7,3001345.0,1057879.0
Arkansas,2018,100.948349,64.6358918,72.7291994,18.9259216,7.7344743,1.5587537,72.7291994,1.1991631,18.2767582,2.4232105,-36.3124572,0.0,36.9641809,3.4141031,2.1268266,8.1700263,19.8832053,5.4908643,116698.8,3009733.0,1119701.0
California,1990,405.6335398,360.5628822,340.7930792,38.2167282,25.7958944,2.3036236,351.3650827,2.1727243,31.5077253,11.9937682,-37.9975398,0.0,40.2925701,18.1378758,29.7779983,71.1351322,184.9298477,14.0000698,906103.0,29959515.0,187616.4466
California,1991,393.9792449,348.3363298,329.6673963,38.9537615,24.7782793,2.2178873,340.7570815,2.0340401,30.0300405,12.7756979,-38.0894267,0.219582868,38.0537795,18.2889742,29.5888408,72.4966745,175.7351448,14.0220983,893112.0,30470736.0,185051.6084
California,1992,398.0699119,353.3453394,333.3431607,39.461273,24.4633716,2.3791297,344.6016292,2.0270052,29.7599668,13.1619804,-37.6380747,0.121501453,45.6410803,16.67436,27.5888855,72.8380343,175.9555396,13.216434,891631.0,30974659.0,184206.8934
California,1993,390.4172992,350.790263,323.4947105,40.0506416,26.008428,2.8883521,334.4011762,2.1998829,31.5272241,13.7060861,-34.4990862,0.101490886,42.0369527,14.8517219,28.9970503,70.0625524,172.4901997,12.8827457,888070.0,31274928.0,180400.8248
California,1994,407.8312246,367.11456,339.9456218,41.203291,24.4552318,3.8172898,350.2583996,2.6860129,30.8772421,13.8954322,-35.6425624,0.087347907,49.4922273,15.2254329,29.5280418,70.4167521,179.6958686,13.1183424,904778.0,31484435.0,183455.7444
California,1995,401.4616039,362.654601,330.3300325,41.5727515,25.6552559,5.7965978,339.9562892,3.4188365,32.600205,14.0397826,-34.3730613,0.104058983,37.1539508,16.2662265,26.9455429,69.2406529,183.2058784,12.865471,940599.0,31696582.0,184014.0158
California,1996,405.5977261,365.5097446,331.8203093,42.6337343,25.9117896,7.1936615,340.7882654,4.0292929,33.1960197,14.6832714,-35.2247484,0.100479923,32.8401712,14.1118822,27.1609236,72.3398019,186.6818664,13.2274576,978299.0,32018834.0,187107.1127
California,1997,408.7185785,370.1826538,334.3594637,43.0892607,24.4301576,8.5406651,343.2974702,4.5004972,32.5473795,14.2857557,-34.440881,0.10334417,35.8402064,14.6680943,26.7771991,77.1030981,182.0646025,13.237811,1190161.0,32486010.0,190062.4183
California,1998,418.49159,380.0183753,343.791301,42.6435493,23.7550737,9.6274161,352.4596003,4.8525307,31.6548654,14.3251787,-34.6996931,0.095024766,39.3868948,16.9635824,32.2089076,74.87282,182.6098652,13.3624058,1270101.0,32987675.0,197437.1754
California,1999,424.8889978,386.3354949,346.9147789,44.5884308,24.2635175,10.6421741,355.3849729,5.233719,33.8675157,14.5253239,-34.9450053,0.102035254,43.3283416,14.2542947,31.8863032,73.0488022,186.2576992,13.4749908,1369606.0,33499204.0,197986.501
California,2000,439.7499222,399.8552593,361.1761574,44.4591952,24.2870486,11.0451935,369.1604577,5.3729298,34.4327051,14.4270319,-36.1464735,0.076086955,52.9329127,13.7450852,27.5583925,72.4714674,195.6044585,13.5446259,1472323.0,33987977.0,199724.0622
California,2001,439.755466,400.5896444,364.6192591,38.8848408,25.4731344,11.4192918,372.2635943,5.3551973,36.7047479,9.9499279,-35.7441314,0.095963596,57.8383908,14.1993005,28.6338351,74.0852293,191.6680167,12.9444233,1473927.0,34479458.0,200582.4606
California,2002,442.8508014,403.293244,364.3201911,40.9458657,26.6158861,11.9909038,370.7983154,5.6578517,39.0993441,11.2741975,-36.0588337,0.091723957,43.7681306,13.6127645,28.6540837,75.7117461,201.5898283,13.0831149,1502642.0,34871843.0,201927.5384
California,2003,434.040773,395.0279464,353.6366051,42.8691467,26.5080669,12.4441662,359.5367754,5.7851495,39.9821698,12.5625277,-35.4462259,0.031777103,42.7494874,13.3944644,28.3504477,75.3957155,192.6220031,13.1353892,1549596.0,35253159.0,199006.983
California,2004,451.2262454,413.766514,371.2881888,42.7279203,25.2974926,12.793372,376.4895518,5.9543153,38.9510156,12.7956485,-35.1035194,0.054718811,46.3891155,13.5007619,29.4260063,79.8552989,200.4650959,12.9924839,1620772.0,35574576.0,208323.5187
California,2005,448.4616506,411.008492,368.6309175,44.0419701,23.4384299,13.1629428,373.0767983,6.0216365,38.2938051,13.725849,-35.0208891,0.064850686,42.0042765,13.5883031,28.1099373,77.1777349,204.8448906,12.0112386,1688949.0,35827943.0,206017.5054
California,2006,457.0093588,419.329223,375.7784069,45.5986007,22.522079,13.8140168,380.0063683,6.1822432,38.2765673,14.5874291,-35.446805,0.127818948,46.517335,13.7938049,28.2792185,76.0607005,207.9281194,12.4296513,1745433.0,36021202.0,209226.6968
California,2007,464.4075709,428.6099785,380.4343516,47.8760702,22.4812467,14.4644608,384.1250856,6.3549106,40.584592,15.143974,-34.6090019,0.135568624,50.054729,14.3965438,28.509942,74.3810065,209.4931407,12.2679015,1763450.0,36250311.0,208946.6791
California,2008,448.2121477,412.3040252,363.3398711,48.7193372,21.9952339,15.3253377,367.0410784,6.4282983,41.0194533,15.642722,-34.1712035,0.12689118,50.956275,14.9156104,28.6837967,70.9449576,195.0352664,12.2961478,1756115.0,36604337.0,204632.7131
California,2009,431.1577111,395.4775651,348.5044488,47.0370671,20.4005361,16.2069472,353.0216455,6.2109058,39.6474655,14.8703416,-33.5168316,0.121518731,47.8937857,14.8961366,28.2967016,66.1919158,189.4796208,11.076873,1667152.0,36961229.0,197715.0259
California,2010,425.565042,391.0436222,343.1585052,45.7152341,20.4405189,17.150573,346.9689542,6.538556,39.5541228,14.4707755,-32.6917375,0.128248923,43.4829601,15.3717745,28.9263158,68.0294401,185.2545581,10.4074231,1672473.0,37334410.0,197707.3401
California,2011,413.277738,376.5892695,331.2098982,46.8193098,18.5164079,17.6990176,334.9933046,6.7891945,38.0643994,14.7786166,-33.5293579,0.099115377,36.4500628,15.0108706,29.6641386,68.4516738,178.8898047,12.0147166,1692301.0,37683933.0,198027.7527
California,2012,414.7167202,377.7342377,336.5900948,43.8915329,16.6493857,17.8398748,339.0126742,7.0041301,37.3720635,12.3273111,-33.7291111,0.079279905,48.0679452,15.2068758,27.2918069,69.1324014,174.4346054,10.3257248,2144089.6,37948800.0,7547035.0
California,2013,419.4109887,385.7666788,339.6298083,44.1770894,18.0100329,18.0046317,341.3731556,7.1917417,38.2322627,13.1398435,-31.9779315,0.079279905,45.7769392,15.2403785,27.7442107,72.7277538,175.1566536,10.0355262,2219610.5,38260787.0,7650033.0
California,2014,416.2990294,384.3499931,337.1672309,43.6961514,17.1228831,18.565338,338.2436935,7.4516187,37.5623074,12.9466281,-30.9204054,0.079279905,46.3495711,14.4100892,23.0150163,72.1886033,177.3030996,9.5038719,2316331.2,38596972.0,7584901.0
California,2015,422.3724767,390.8681744,342.7011396,43.8298024,16.8976454,19.0533851,343.6668806,7.478316,36.5976831,14.0984419,-30.8538349,0.079279905,44.3419377,17.5391022,23.3514025,71.3698399,181.900366,8.9272484,2437366.9,38918045.0,7671759.0
California,2016,424.4139672,392.0147771,344.1352546,45.1987291,15.967406,19.2200941,345.0064575,7.5146588,35.7785336,15.2188493,-31.4242776,0.079279905,36.6333634,17.7857711,24.0188162,72.6540138,188.1119977,8.3922716,2519133.6,39167117.0,7825522.0
California,2017,427.0141755,395.5766175,346.0667814,46.394925,15.5667007,19.1456299,346.4685656,7.537142,35.2786507,16.5196043,-30.9580047,0.079279905,33.0522499,17.8754308,24.9878754,72.4900691,191.9973901,7.8481676,2628314.6,39358497.0,7889218.0
California,2018,426.793518,396.480704,346.8571527,44.980025,15.7479769,19.2083634,346.8571527,7.5880002,35.3743111,15.7505323,-30.312814,0.079279905,33.7350028,18.5058547,24.7019117,72.4585405,191.7065395,7.1518074,2708966.9,39461588.0,7966578.0
Colorado,1990,91.4646999,95.6021887,67.9676307,13.2498404,12.3589135,0.3448044,66.1226151,0.3158422,14.4969833,0.7308485,4.1646415,0.0,31.8978336,3.8023452,5.2450027,5.4960396,20.2522685,8.6911563,88933.0,3307618.0,23508.98796
Colorado,1991,92.4979892,96.346427,70.0387847,12.6265285,11.7456093,0.337747,67.4020584,0.3501251,14.0287368,0.6221054,3.8972688,0.0,31.2124555,4.0899379,5.710296,7.1887998,20.5015944,7.9234965,90780.0,3387119.0,24789.22728
Colorado,1992,94.3484297,98.6645178,71.0681072,13.3369224,11.7768859,0.3571015,68.6553638,0.3828459,14.3059052,0.6780714,4.3410323,0.0,32.1812698,3.9280874,5.4673104,7.3814371,20.8978802,8.2514476,97058.0,3495939.0,24794.2924
Colorado,1993,98.5739916,104.9811325,75.1817379,12.4467436,13.2591007,0.4277006,71.1035013,0.5300748,15.4112657,0.7382984,6.3124201,0.0,32.769267,4.0799311,6.0286819,7.9589717,22.8248229,6.9777289,103457.0,3613734.0,26521.49662
Colorado,1994,100.1827462,104.8321512,75.7356427,13.9142896,12.2110297,0.555486,72.6561999,0.5856351,14.9139936,0.810927,4.6716645,0.0,34.1423315,3.8851401,5.6214645,7.5029556,23.1228503,8.3647268,110529.0,3724168.0,26539.51432
Colorado,1995,99.6025783,105.5394369,75.6396245,13.2551579,12.1494742,0.8225703,71.989309,0.6546354,14.9125955,0.8455248,5.8753357,0.0,33.1503435,3.8531819,6.0384452,7.4452308,23.864641,7.3736144,116821.0,3826653.0,27177.08882
Colorado,1996,103.0915733,107.6217,78.733678,13.3717372,12.1946043,1.016601,74.5202605,0.7348714,15.2415175,0.8947063,4.5692159,0.0,34.8852395,4.0423773,6.3746626,7.6968668,24.4161418,7.1035869,123144.0,3919972.0,28432.02777
Colorado,1997,108.0258893,113.5666992,79.8539695,16.2548371,12.9865849,1.2001735,77.1695506,1.2000854,16.1244978,0.9091017,5.531245,0.0,35.0835977,4.0227806,6.1941389,8.0953428,24.2618359,10.3038464,157345.0,4018293.0,28354.99266
Colorado,1998,110.2013982,115.3184322,81.2241278,16.6077366,13.3989305,1.3424378,78.629602,1.236111,16.4837072,0.9691324,5.1413496,0.0,35.5333066,3.629652,5.8660002,8.6728559,25.4154445,10.5495249,166949.0,4116639.0,29482.47214
Colorado,1999,112.5567036,117.1854475,83.3313584,16.8078358,13.1464218,1.5030935,80.6029067,1.2607325,16.3351036,1.0615416,4.6916168,0.0,35.7961224,3.6643079,6.3219862,8.5403123,26.9453641,10.6171275,179848.0,4226018.0,29975.24987
Colorado,2000,119.9670239,122.8898358,88.348606,19.3356706,12.3094737,1.6245225,87.4209557,1.3918275,15.8307883,0.7249755,3.1177934,0.0,39.4075305,3.625871,6.7574911,9.0328745,27.1786848,14.0554161,195300.0,4326921.0,31534.75091
Colorado,2001,128.731568,131.9990623,96.3312347,19.8631387,12.3201869,1.7112895,94.3728228,1.3828539,15.8354491,1.2307663,3.4683739,0.0,41.6521838,4.2094385,7.1452323,12.2315423,28.473738,14.0527573,201831.0,4425687.0,34108.35853
Colorado,2002,127.5245647,130.2312207,94.4987061,20.8016701,11.5956297,1.8109581,93.5584045,1.3668836,15.3596618,1.3797255,2.9393967,0.0,40.3853859,4.1442082,7.416775,11.7860882,28.1929069,15.0629602,204515.0,4490406.0,34108.63572
Colorado,2003,125.5101815,128.7531626,93.6166861,20.0991209,10.8971638,1.8928148,91.9368482,1.4547427,14.1679028,1.9313461,3.4351899,0.0,40.5225123,4.0025228,7.4762775,11.2031434,27.6581905,14.1983787,205386.0,4528732.0,34140.71479
Colorado,2004,126.7816604,130.2952556,96.4659994,18.8020897,10.4399991,1.9619481,93.6786139,1.5098983,12.9535767,2.0495603,3.6926189,0.0,40.5689368,3.8780625,7.1112457,11.5692871,30.454838,13.3297192,209357.0,4575013.0,34849.2009
Colorado,2005,131.9792073,135.4481805,98.7801182,21.3069201,10.5391994,2.0449965,97.5492604,1.5138972,13.6496487,2.0981393,3.6673438,0.0,40.8972661,3.904315,7.4524752,12.5719764,31.0021207,15.7510507,217329.0,4631888.0,35711.40443
Colorado,2006,132.2091771,134.9587079,99.6035083,21.008617,9.8607125,2.19138,97.453669,1.5976668,13.6149285,2.2395368,2.9944206,0.0,41.8563311,3.6163455,7.0191475,12.3512881,31.6913317,14.8578774,223154.0,4720423.0,36148.71789
Colorado,2007,137.0318412,140.6541916,102.5255365,22.5424746,9.964829,2.3270659,100.5725894,1.6280372,14.6696956,2.3946643,3.8270059,0.0,43.2470744,3.6121404,7.6959301,12.580223,32.2047364,15.6578011,228087.0,4803868.0,37518.44091
Colorado,2008,135.9649236,139.9765395,100.7441826,23.3478116,9.5462657,2.4643986,99.5209337,1.7238464,14.5084444,2.4602816,4.1881083,0.0,41.3248043,4.3587994,7.9040207,13.1311827,30.6218426,16.5096547,230987.0,4889730.0,37768.37032
Colorado,2009,132.5514212,137.3741691,96.5329444,23.9957003,9.5855026,2.6007098,96.7426934,1.6514209,14.1994003,2.668694,4.9367748,0.0,38.7047676,4.4927304,7.5687676,12.9806019,29.6473287,17.4507486,225984.0,4972195.0,37089.54411
Colorado,2010,136.7621503,142.5106544,98.9267192,25.5159147,9.6007337,2.7317148,100.1837876,1.7483533,14.2755945,2.5898971,5.8169842,0.0,40.1307714,4.0500838,7.705304,13.794283,29.9556034,19.3709183,230976.0,5048472.0,38150.49671
Colorado,2011,134.8156085,139.3619069,95.4397913,27.1223616,9.2317134,2.8246578,98.4080631,1.8337455,14.3063896,2.5198294,4.6851108,0.0,39.1136536,3.7963462,7.7160524,12.5813345,28.891073,21.2138577,234929.0,5116302.0,37315.38272
Colorado,2012,133.2638705,137.4197227,94.2495071,27.202982,8.5223604,2.8439767,96.9130578,1.9137314,14.2560582,2.5655904,4.3145863,0.0,39.326743,3.1979034,6.9268676,12.6726989,28.7237539,20.7867049,273593.9,5192647.0,1441627.0
Colorado,2013,132.4094719,138.6375816,94.9670007,25.3035694,9.191605,2.8862294,95.9528952,1.9419556,14.3977192,2.6304135,6.2522417,0.0,38.8072244,3.5323306,8.0699563,12.7355929,28.2876177,18.7560713,282605.5,5269035.0,1468231.0
Colorado,2014,133.1375452,140.385344,95.6306886,25.1041884,9.4459309,2.9943066,96.3136396,2.0304491,14.4390576,2.684496,7.209345,0.0,37.9169617,3.5728526,7.9329227,13.4957451,29.0245102,18.6058749,294812.0,5350101.0,1482820.0
Colorado,2015,131.7969607,138.7857035,94.1741378,25.0156696,9.6482904,3.0989363,94.8215667,2.0432443,14.7761412,2.7519145,6.962519,0.0,36.8295632,3.8440659,7.41585,13.7967535,28.6933738,18.2203959,308898.9,5450623.0,1490547.0
Colorado,2016,128.0182454,133.8697536,90.8762915,24.8443423,9.1658597,3.1580875,91.5866172,2.0280845,14.7235559,2.8186877,5.8856628,0.0,35.5119913,3.7330182,7.4012448,11.8377153,28.8598586,17.8048287,315793.0,5539215.0,1453287.0
Colorado,2017,129.8662517,135.9041271,91.4774529,25.976142,9.1718882,3.1708752,92.7981405,2.0494212,15.0696933,2.8848752,6.0660378,0.0,35.0366819,3.8492266,7.1919587,12.3596432,29.3378091,18.8749973,328510.2,5611885.0,1463470.0
Colorado,2018,130.5000941,137.0120899,93.2788822,24.8181814,9.1864596,3.216571,93.2788822,2.0544655,15.2180636,2.8321777,6.5119958,0.0,34.0806108,3.9562343,7.8885859,13.3098109,30.2283119,17.4563558,342865.6,5691287.0,1513286.0
Connecticut,1990,43.7030376,39.7992706,40.308285,2.0390385,1.8022835,0.2261193,42.0286798,0.066183,0.4290193,1.5231082,-4.2222522,0.0,10.9367667,3.6791446,7.6075455,2.863666,15.9514566,0.0,121176.0,3291967.0,19360.45717
Connecticut,1991,43.0854793,39.0851762,39.662562,2.0659054,1.8376563,0.216277,41.2594383,0.0632629,0.3986951,1.6567003,-4.2608166,0.0,10.5269059,3.5189175,7.3735488,3.0024101,15.8776323,0.0,118216.0,3302895.0,19337.12236
Connecticut,1992,43.4370585,39.4234599,39.9438342,2.0612389,1.9282595,0.22964,41.6854857,0.0665223,0.444101,1.5654586,-4.2830575,0.0,8.4762549,4.1435727,8.7333539,3.2390563,15.9900367,0.0,119832.0,3300712.0,20181.81219
Connecticut,1993,41.4229044,37.8988183,37.9369201,1.9625323,2.0049828,0.269392,39.7472379,0.0766356,0.4735306,1.42081,-3.8879946,0.0,7.3328823,3.6942232,8.3445968,3.2964217,16.0511898,0.0,118315.0,3309175.0,19916.35984
Connecticut,1994,41.0596274,37.4077641,37.5014059,1.9344359,2.0078552,0.3613466,39.0578883,0.1028056,0.4574304,1.5877978,-3.9566474,0.0,7.1989767,4.0115463,7.9742013,2.9080634,15.9737466,0.0,121001.0,3316121.0,19942.9202
Connecticut,1995,40.5870322,36.9500045,36.8376689,1.9066793,2.0459736,0.5463897,38.3679456,0.1543304,0.4572524,1.5789569,-3.9287172,0.0,8.0054851,3.6920515,7.330835,2.6880027,15.7334641,0.0,128538.0,3324144.0,19511.88143
Connecticut,1996,43.410934,39.8567781,39.5597279,1.8839368,1.9828971,0.6754639,41.1541797,0.1858423,0.3939075,1.5986958,-3.984547,0.0,9.0483522,3.9728801,7.7755071,2.8130326,16.559717,0.0,131913.0,3336685.0,20490.30541
Connecticut,1997,47.00139,43.6480821,43.2432232,1.5817473,1.9711795,0.7959563,44.0662466,0.415801,0.3788205,1.4480929,-3.9937065,0.0,12.1183172,4.1353366,7.5216323,2.6952259,16.5892495,0.0,164027.0,3349348.0,20247.23029
Connecticut,1998,44.6498148,41.0866219,40.9650722,1.4082903,1.9913027,0.8668094,41.6320398,0.4222006,0.4124286,1.426272,-4.0384335,0.0,10.9794829,3.8797542,6.5428239,2.534936,16.8223945,0.0,168753.0,3365352.0,19727.31261
Connecticut,1999,45.9404715,42.379419,42.2090452,1.3473103,1.9612942,0.96555,42.9118112,0.4169975,0.4275845,1.4633543,-4.08709,0.0,9.8038034,4.1255255,7.3881729,2.5944376,18.0629087,0.0,172260.0,3386401.0,20814.04438
Connecticut,2000,47.3864438,43.7637104,43.6507825,1.2667614,1.926993,1.0400588,44.2368037,0.4569193,0.4035573,1.4684562,-4.183094,0.0,10.5488509,4.3704677,8.0797786,2.6801309,17.5198009,0.0,184776.0,3411777.0,21800.50703
Connecticut,2001,45.7275493,41.980233,42.3251987,0.8335997,1.8631605,1.1069901,42.9462215,0.4615369,0.4256305,1.131854,-4.1994436,0.0,9.3678863,4.1513158,7.817966,2.4384437,18.2049283,0.0,186394.0,3432835.0,20923.71294
Connecticut,2002,44.3714788,40.4724376,40.7597097,1.1215531,1.7574572,1.160526,41.3425874,0.4820204,0.4430909,1.2177544,-4.2451096,0.0,8.4893929,3.9683676,7.5733807,2.3476429,18.0452486,0.0,183310.0,3458749.0,20574.5224
Connecticut,2003,47.4280106,43.7135035,43.4127665,1.5997891,1.6697364,1.2053699,43.9764771,0.4620732,0.416365,1.6718874,-4.2441309,0.0,7.7444422,4.7640731,9.0158672,2.7922448,18.5596713,0.0,184469.0,3484336.0,22568.31295
Connecticut,2004,49.6191982,46.0049599,45.6232212,1.5955739,1.562186,1.2364991,45.7893696,0.510796,0.3904439,1.8573229,-4.2641636,0.0,8.5280513,3.7869005,9.465782,2.5627662,20.3736488,0.0,193548.0,3496094.0,22898.7802
Connecticut,2005,48.8048689,45.0923765,44.8318878,1.5394404,1.549195,1.2723303,44.9571907,0.4830919,0.4697475,1.8915185,-4.296211,0.0,9.7669722,3.6033234,8.6020433,2.6001882,19.3736707,0.0,196307.0,3506956.0,21801.74181
Connecticut,2006,45.6576587,41.6771692,41.8267656,1.4878474,1.3448458,1.3254411,41.8394426,0.4840416,0.3871904,1.8672983,-4.3477177,0.0,9.3455686,3.1950735,7.4261496,2.5120882,18.4825871,0.0,203431.0,3517460.0,20472.71611
Connecticut,2007,44.8921522,40.8660195,41.1006128,1.3275804,1.3844421,1.3937148,41.0546813,0.4882658,0.4989856,1.7793042,-4.3475917,0.0,8.7055819,3.2270214,7.6606895,2.2452848,18.3316583,0.0,208854.0,3527270.0,21324.36102
Connecticut,2008,42.6095819,38.4182171,38.8629543,1.2782568,1.2791248,1.4711649,38.5635677,0.505887,0.4889012,1.8474113,-4.3660807,0.0,7.8235789,3.2462308,7.5036677,1.8466098,17.2884352,0.0,202473.0,3545579.0,19698.2071
Connecticut,2009,40.0419626,35.6614074,36.4081911,1.250624,1.0141435,1.5653733,36.8060158,0.472465,0.3792476,1.3723771,-4.389031,0.0,6.4838359,3.1649899,7.5375749,1.9934816,16.7782195,0.0,195237.0,3561807.0,19325.32896
Connecticut,2010,40.4585128,36.0788238,36.78368,1.2316355,0.9419099,1.6591482,37.1010104,0.4897186,0.3618542,1.427979,-4.4046209,0.0,7.6041822,3.2365813,7.0465316,1.9132723,16.4801659,0.0,197613.0,3576616.0,19296.47544
Connecticut,2011,39.1376941,34.5669787,35.5007988,1.2101668,0.8884087,1.6826339,35.7048376,0.4954642,0.3814384,1.4302093,-4.4771021,0.0,6.5411137,3.4635609,6.7162777,2.0037991,16.187879,0.0,197452.0,3586717.0,18687.07407
Connecticut,2012,38.3453147,33.6515732,34.7908732,1.1552162,0.8273775,1.6894338,34.916643,0.497191,0.3773202,1.4105107,-4.526041,0.0,7.176924,3.1278203,6.1856322,1.9140319,15.7780314,0.0,244114.4,3594547.0,725868.0
Connecticut,2013,39.1100516,34.5054816,35.5622278,1.1507211,0.7982311,1.6976828,35.6693264,0.4995892,0.383591,1.421018,-4.4979518,0.0,6.7430889,3.4415112,6.7400045,2.1336595,15.8045198,0.0,238621.4,3594841.0,749002.0
Connecticut,2014,39.3032163,34.7283111,35.820199,1.0907067,0.7090658,1.7338979,35.8862367,0.5091765,0.3261256,1.4147029,-4.4862328,0.0,6.6545623,3.6761344,7.0035821,2.0137098,15.6989029,0.0,237700.4,3594524.0,752241.0
Connecticut,2015,40.6586313,36.1341315,37.1312784,1.1139591,0.6851358,1.7614109,37.2044225,0.5148988,0.3398437,1.4388312,-4.5061477,0.0,7.4040859,4.1774159,7.1895387,1.8342486,15.7131001,0.0,245304.5,3587122.0,756548.0
Connecticut,2016,38.4895172,33.763337,35.0305774,1.0782061,0.651228,1.7620891,34.9568252,0.5165656,0.3434168,1.4525263,-4.5526367,0.0,6.964872,3.7596428,5.8625004,1.7660926,15.8791081,0.0,245966.1,3578141.0,724428.0
Connecticut,2017,37.999776,33.2390503,34.5972162,1.0605537,0.6205554,1.7443319,34.4838485,0.5115338,0.3383603,1.4508547,-4.556017,0.0,6.2614122,3.7740337,6.0817124,1.7887639,15.8397801,0.0,248077.1,3573297.0,726346.0
Connecticut,2018,41.4210148,36.8647183,37.9597284,1.0975691,0.6201552,1.7435621,37.9597284,0.511134,0.3546794,1.4594529,-4.5562965,0.0,8.0150648,4.1665913,6.9771484,1.8019529,16.132285,0.0,249043.3,3571520.0,753010.0
Delaware,1990,20.5683446,20.3280779,18.5423971,0.9056285,0.7770914,0.1084001,18.6001108,0.015373,0.5534148,0.9397163,-0.4044015,0.0,7.5228853,0.5621784,1.0518698,3.9508603,5.2806238,0.0,25887.0,669567.0,6437.055599
Delaware,1991,20.3790955,20.1023766,18.2984478,0.9283367,0.8129701,0.1063741,18.4552344,0.0150344,0.5763485,0.7967155,-0.429926,0.0,7.7856515,0.5618881,1.0766188,2.9810392,5.9073663,0.0,26929.0,683080.0,6383.481298
Delaware,1992,20.31479,20.0249262,18.2781054,0.9767136,0.7619816,0.1079579,18.4422184,0.0152122,0.530827,0.8372922,-0.4391729,0.0,6.7895904,0.5384511,1.1364518,4.2695729,5.4927368,0.0,27178.0,694925.0,6658.459084
Delaware,1993,21.8175922,21.4834708,19.7049015,1.0426087,0.7651073,0.1166551,19.8842212,0.0163383,0.5296346,0.8719373,-0.4889185,0.0,7.5436267,0.6717496,1.1612374,4.5443188,5.7108483,0.0,26946.0,706378.0,6776.267107
Delaware,1994,21.2032549,20.812432,19.070036,1.0648705,0.7721179,0.1315977,19.2470248,0.0182711,0.529171,0.9248698,-0.5251583,0.0,7.1482131,0.6011543,1.2083174,4.6890453,5.3280935,0.0,28750.0,717545.0,6654.376752
Delaware,1995,20.3602301,20.0064878,18.4167843,0.7469226,0.7439589,0.1681622,18.5724304,0.0230865,0.498338,0.6759436,-0.4879838,0.0,6.6747638,0.5580553,1.1526001,4.8315684,5.0805063,0.0,29941.0,729734.0,6683.12947
Delaware,1996,21.1979827,20.8203015,19.0937456,0.790913,0.8214841,0.1881299,19.2401296,0.0256695,0.5611542,0.7423911,-0.5151606,0.0,6.604928,0.706686,1.2488525,4.8186579,5.6088241,0.0,30503.0,740977.0,6950.446585
Delaware,1997,19.7837212,19.4161625,17.764912,0.8035909,0.762527,0.2086095,17.9085923,0.0283527,0.5041962,0.7932341,-0.4921938,0.0,5.7133977,0.6819036,1.1133992,4.6966796,5.4907547,0.0,41934.0,751487.0,6960.954809
Delaware,1998,18.9710184,18.5661368,17.018124,0.7048917,0.7596344,0.2154609,17.1524573,0.0292435,0.5053883,0.7089496,-0.5116278,0.0,5.3892553,0.5893025,1.0444801,4.4258663,5.5313609,0.0,43011.0,763335.0,6899.341842
Delaware,1999,19.1487847,18.7218613,17.2197643,0.7208121,0.7208726,0.2360051,17.374602,0.0319186,0.4785534,0.6642092,-0.5302251,0.0,5.005704,0.621084,1.1142615,4.7400076,5.7220157,0.0,44488.0,774990.0,7231.371472
Delaware,2000,19.3300971,18.8397169,17.3479826,0.6691152,0.7611352,0.2627234,17.5803776,0.0354854,0.5213297,0.4345364,-0.5801879,0.0,5.220768,0.6132987,1.194733,4.4877303,5.90764,0.0,46453.0,786373.0,7691.087358
Delaware,2001,18.5177511,18.0133843,16.652904,0.4682467,0.7531694,0.2797376,16.8730137,0.0377229,0.5239337,0.2358307,-0.5819737,0.0,5.1100464,0.6654992,1.1468512,4.2970757,5.4830239,0.0,48724.0,795699.0,7373.572686
Delaware,2002,18.3102058,17.770685,16.5201725,0.5491882,0.664473,0.2889984,16.7198934,0.0389426,0.4579631,0.3274536,-0.606318,0.0,5.0675114,0.7229378,1.1550222,3.9180697,5.7213187,0.0,47500.0,806169.0,7784.854985
Delaware,2003,19.3209248,18.7875181,17.2053187,1.0921588,0.6798798,0.2936745,17.3906198,0.0395255,0.4748069,0.879912,-0.6126346,0.0,5.8105618,0.7742309,1.278409,3.7565796,5.6004224,0.0,50084.0,818003.0,7660.117078
Delaware,2004,19.1152507,18.5599472,17.1937377,0.6733343,0.6952342,0.3005497,17.3635825,0.040424,0.4980666,0.4611688,-0.6269713,0.0,5.9154127,0.7668713,1.1945992,3.6333397,5.6995065,0.0,52069.0,830803.0,7299.082736
Delaware,2005,19.8677369,19.2949422,18.0252747,0.7496284,0.5916703,0.3081271,18.1732688,0.0414085,0.4157585,0.5530694,-0.6483479,0.0,6.3221528,0.7093,1.1672674,3.901242,5.910143,0.0,54422.0,845150.0,7620.503343
Delaware,2006,18.5230018,17.8809644,16.8188623,0.534734,0.5864091,0.3170148,16.9451786,0.0425603,0.4245273,0.3518986,-0.6861672,0.0,5.6476683,0.7064757,0.9690485,3.6074352,5.9042915,0.0,54888.0,859268.0,7274.714744
Delaware,2007,19.4273887,18.8007154,17.725752,0.4867728,0.5800047,0.3323436,17.8350366,0.0445507,0.4298067,0.2959259,-0.6843358,0.0,6.5966097,0.6659464,0.9871376,3.5542918,5.8927831,0.0,56577.0,871749.0,7416.84036
Delaware,2008,18.4993516,17.8447155,16.7788177,0.4842213,0.5975346,0.3514464,16.8651995,0.0470294,0.4602098,0.3001656,-0.6954411,0.0,6.1742009,0.6250169,0.9529954,3.3862311,5.5973726,0.0,53692.0,883874.0,7370.750333
Delaware,2009,14.0127914,13.2983811,12.3448669,0.4886211,0.6087533,0.3781426,12.424972,0.050456,0.4880295,0.3043236,-0.692087,0.0,3.7965644,0.8155725,1.0146707,1.4566528,5.3726982,0.0,55352.0,891730.0,6602.64202
Delaware,2010,14.0155557,13.3122606,12.3922237,0.4877519,0.5648603,0.3967872,12.4584665,0.0529469,0.4577209,0.3074922,-0.6837092,0.0,4.1907936,0.8074977,1.0326031,1.5003247,4.9105053,0.0,55496.0,899824.0,6372.796677
Delaware,2011,15.1720306,14.4294155,13.5363821,0.4746706,0.5532117,0.4105724,13.5858203,0.0547546,0.4503948,0.3082191,-0.7259709,0.0,3.8104594,0.698905,0.9366139,3.4007693,4.6175223,0.0,56004.0,908137.0,6844.910756
Delaware,2012,16.142299,15.3836098,14.5162195,0.4774949,0.5252388,0.4191406,14.5503456,0.0558834,0.4333231,0.3105435,-0.7486331,0.0,4.5462225,0.6768509,0.7740408,3.6568373,4.7570674,0.0,61866.7,915179.0,273665.0
Delaware,2013,16.0873218,15.377127,14.1881107,0.8844348,0.5661876,0.4300376,14.2187789,0.0573374,0.4710283,0.717945,-0.7113559,0.0,4.037373,0.7451138,0.9199618,3.6998621,4.6715271,0.0,59496.1,923576.0,274254.0
Delaware,2014,16.0405114,15.3625377,13.8942737,1.1637304,0.6325934,0.4473724,13.9194982,0.0596341,0.5325718,0.9951742,-0.6864765,0.0,3.6079051,0.8206871,1.0275967,3.6097266,4.7193293,0.0,64123.6,932487.0,274337.0
Delaware,2015,16.1289729,15.4437331,14.0239855,1.165526,0.5913081,0.461936,14.0377923,0.0615333,0.5031291,1.0002816,-0.6929302,0.0,3.247893,0.9148359,1.0203238,3.7764864,4.956712,0.0,66527.0,941252.0,277857.0
Delaware,2016,16.5161518,15.803011,14.5484921,0.9646888,0.5550789,0.4710645,14.5571379,0.062761,0.4730197,0.8019841,-0.7182265,0.0,3.5814254,0.8975703,0.8211312,3.9576509,5.1861785,0.0,62889.0,948921.0,273776.0
Delaware,2017,15.6136515,14.8958376,13.6709053,0.8813447,0.5811545,0.4726882,13.6887329,0.0629488,0.4926559,0.7177391,-0.7119914,0.0,2.942459,0.9154191,0.8072877,3.6718215,5.2830629,0.0,61851.1,956823.0,270503.0
Delaware,2018,15.7638732,15.0632867,13.8419974,0.8856089,0.559159,0.477108,13.8419974,0.0635256,0.483743,0.7248422,-0.7005865,0.0,2.5487006,1.0746908,1.0103526,3.6328583,5.5136976,0.0,63162.6,965479.0,290283.0
District Of Columbia,1990,5.3274949,5.2598944,5.2118976,0.102537,0.2856607,0.0540592,5.7879157,0.011396,0.0,0.0616764,-0.056888,0.0,0.409479642,1.2258707,0.9204226,0.0438448,3.297894,0.0,51175.0,605321.0,4561.627465
District Of Columbia,1991,5.2682118,5.2057977,5.1494387,0.1009483,0.2931849,0.0529591,5.7249099,0.0111487,0.0,0.060729,-0.0539484,0.0,0.232988793,1.3525963,0.9282256,0.0301552,3.3009532,0.0,50241.0,600870.0,4715.848877
District Of Columbia,1992,5.2551853,5.1953398,5.1246699,0.0999921,0.3094589,0.0552381,5.7075904,0.0115848,0.0,0.0599327,-0.052559,0.0,0.116190247,1.3551499,0.9936303,0.0373804,3.3475786,0.0,50598.0,597565.0,4706.550233
District Of Columbia,1993,5.4704506,5.4209783,5.3303912,0.1035392,0.3118522,0.0640517,5.9351787,0.0132778,0.0,0.0591299,-0.0480406,0.0,0.224602506,1.42768,0.9887963,0.0270769,3.368128,0.0,51310.0,595301.0,4876.798577
District Of Columbia,1994,5.4516258,5.4095186,5.2899688,0.1004315,0.3135873,0.0787939,5.8907811,0.0160964,0.0,0.0582157,-0.0441324,0.0,0.310609165,1.4091921,0.9360053,0.0404461,3.2662241,0.0,51290.0,589239.0,4757.226583
District Of Columbia,1995,5.402525,5.3690277,5.1949286,0.0964134,0.3080329,0.1115426,5.7829474,0.0224011,0.0,0.0566797,-0.0394533,0.0,0.222683648,1.4142767,0.9658369,0.030093,3.2259293,0.0,49889.0,580517.0,4813.648436
District Of Columbia,1996,5.3791088,5.3527118,5.1458257,0.0948052,0.2934821,0.1334864,5.7219143,0.0265864,0.0,0.0554636,-0.0356643,0.0,0.135452076,1.4151526,1.0660036,0.0289399,3.1202105,0.0,49232.0,572377.0,4751.077886
District Of Columbia,1997,6.196709,6.176059,5.9688276,0.0878582,0.2886239,0.1568034,5.5597234,0.1506481,0.0,0.0543642,-0.0360083,0.0,0.090174004,1.378103,0.9783002,0.0377433,3.1804165,0.0,66301.0,567736.0,4669.028063
District Of Columbia,1998,5.9507994,5.9292191,5.7046196,0.0829701,0.2782759,0.1687348,5.3146527,0.1472415,0.0,0.0537277,-0.0354896,0.0,0.263174337,1.2407669,0.8256755,0.0237699,3.0788472,0.0,66355.0,565230.0,4577.4276
District Of Columbia,1999,5.9289391,5.9092913,5.6530876,0.082327,0.2760961,0.188508,5.4087884,0.1336157,0.0,0.05371,-0.0343952,0.0,0.254791016,1.2119794,0.8583435,0.080001,3.1288576,0.0,69647.0,570213.0,4680.720667
District Of Columbia,2000,6.2198044,6.1985278,5.9270076,0.0886222,0.2725868,0.2044531,5.5942683,0.1489083,0.0,0.0591662,-0.0364285,0.0,0.172255739,1.3279434,0.9359017,0.0304189,3.2575344,0.0,69866.0,572046.0,4853.715764
District Of Columbia,2001,5.9374448,5.9129788,5.6150618,0.0858261,0.2724492,0.218036,5.3150155,0.1445817,0.0,0.0595239,-0.0369363,0.0,0.156978377,1.3592718,0.7949543,0.0741166,3.033395,0.0,73786.0,574504.0,4756.646993
District Of Columbia,2002,6.0793222,6.0555581,5.7655798,0.0837667,0.2375433,0.2292213,5.4221482,0.1504969,0.0,0.0598012,-0.0371497,0.0,0.267915874,1.3045008,0.9215775,0.0778038,2.8612695,0.0,75948.0,573158.0,4856.260921
District Of Columbia,2003,5.6769807,5.6540794,5.3224118,0.0848137,0.2543182,0.2389532,5.1171915,0.1337398,0.0,0.0597507,-0.0350604,0.0,0.082230135,1.186135,0.9784987,0.118288,2.812311,0.0,77609.0,568502.0,4766.752023
District Of Columbia,2004,5.9319474,5.9114501,5.5994052,0.0841702,0.2163579,0.2445899,5.1935929,0.157733,0.0,0.0601029,-0.0348494,0.0,0.056032267,1.2576451,0.9469154,0.0821584,2.9434417,0.0,80536.0,567754.0,4962.930732
District Of Columbia,2005,5.6733264,5.6505387,5.3342242,0.0757212,0.1957546,0.2541943,5.0698227,0.1386561,0.0,0.0601045,-0.0349864,0.0,0.23303486,1.3155801,0.9207155,0.0688821,2.4454379,0.0,82488.0,567136.0,4943.249862
District Of Columbia,2006,4.7850913,4.7553886,4.4061591,0.0727358,0.1731879,0.2665715,4.1170239,0.1337086,0.0,0.0604344,-0.0349619,0.0,0.099522212,1.0901384,0.6908777,0.0690679,2.1773683,0.0,83594.0,570681.0,4602.375181
District Of Columbia,2007,4.9706212,4.943296,4.583817,0.073273,0.1545841,0.2824779,4.352375,0.1305385,0.0,0.0605548,-0.0344816,0.0,0.084679228,1.216693,0.8115572,0.049343,2.1225669,0.0,85280.0,574404.0,4918.503877
District Of Columbia,2008,4.6511738,4.6215948,4.2283114,0.0725143,0.1415152,0.3025064,3.9714064,0.1331599,0.0,0.0606691,-0.0343515,0.0,0.070133103,1.1331688,0.7735485,0.0439603,1.8545304,0.0,87765.0,580236.0,4716.630064
District Of Columbia,2009,4.5128269,4.4790506,4.0577964,0.07338,0.1273424,0.3240979,4.0814227,0.1025784,0.0,0.0615202,-0.0359709,0.0,0.036513742,1.1810615,0.8050292,0.0417785,1.9253731,0.0,87172.0,592228.0,4828.894181
District Of Columbia,2010,4.5376627,4.5024681,4.0598192,0.0736319,0.1148121,0.3436361,4.1176416,0.1015264,0.0,0.0620915,-0.0368099,0.0,0.186205243,1.1423002,0.8123056,0.0216435,1.8053213,0.0,89968.0,604989.0,4704.005076
District Of Columbia,2011,4.3984829,4.3619359,3.9055029,0.0743937,0.1068498,0.3521201,3.946192,0.1031259,0.0,0.0632409,-0.036946,0.0,0.17225442,1.0421212,0.6742518,0.0294509,1.9960969,0.0,91442.0,619020.0,4542.475786
District Of Columbia,2012,3.91431,3.8736136,3.3991963,0.0750797,0.0993021,0.3561532,3.3946559,0.103888,0.0,0.064947,-0.0371304,0.0,0.010909594,0.8914043,0.6847306,0.0292739,1.7719849,0.0,112610.0,634924.0,172778.0
District Of Columbia,2013,4.1186842,4.0801214,3.6075715,0.076935,0.0920247,0.3602141,3.6144973,0.1046979,0.0,0.066536,-0.0368538,0.0,0.0,0.979242,0.7734658,0.0264277,1.7858273,0.0,112811.4,650581.0,174798.0
District Of Columbia,2014,4.3521288,4.3150739,3.832496,0.0784517,0.0898054,0.3716051,3.8549244,0.1068839,0.0,0.0681353,-0.0370212,0.0,0.0,1.0039836,0.8376011,0.0313178,1.9474356,0.0,114814.8,662328.0,179278.0
District Of Columbia,2015,4.3042478,4.2662614,3.7691128,0.0795799,0.0863335,0.3809287,3.7841038,0.1086471,0.0,0.0694787,-0.0373106,0.0,0.0,1.012683,0.8167936,0.0278686,1.8787102,0.0,117011.0,675400.0,178216.0
District Of Columbia,2016,4.0853847,4.047433,3.5358634,0.0798157,0.0842488,0.3851797,3.5300202,0.1094932,0.0,0.0705487,-0.0364001,0.0,0.0,0.9302116,0.6304113,0.0375508,1.9852854,0.0,119420.2,685815.0,174223.0
District Of Columbia,2017,3.8867613,3.8488435,3.3301341,0.0808368,0.0814326,0.3850237,3.3066595,0.1094367,0.0,0.0714825,-0.0355727,0.0,0.0,0.9286918,0.654739,0.0240366,1.6681199,0.0,120210.9,694906.0,166869.0
District Of Columbia,2018,4.1983366,4.1626588,3.6487326,0.0818383,0.07904,0.3887257,3.6487326,0.1101467,0.0,0.0721642,-0.0356777,0.0,0.0,0.9702496,0.7614985,0.0266499,1.8670621,0.0,122661.9,701547.0,174515.0
Florida,1990,222.2272601,208.3074174,186.5767139,17.3212744,28.9440851,1.1656936,193.6839961,2.5028884,11.0058459,11.5729833,-5.6192506,0.0,86.1067683,5.8247803,1.7412244,12.0555488,82.9230854,6.3908347,304324.0,13033307.0,82688.05305
Florida,1991,223.1005883,211.2293262,187.2362218,17.6258152,28.8495036,1.1323423,194.7102166,2.4637317,10.7622741,11.6603644,-5.205359,0.032152289,92.2266343,5.5688692,1.7907942,11.3550588,78.9156984,6.5725137,305979.0,13369798.0,81807.95782
Florida,1992,227.063088,212.8124966,190.203771,18.14462,29.861328,1.1926214,197.4975472,2.6191093,10.7887486,12.666057,-5.7538271,0.027700754,90.1328117,5.5541879,1.9684989,12.931439,81.8940037,5.9373883,317416.0,13650553.0,83373.25476
Florida,1993,231.3598703,212.94976,193.5885406,18.1538584,31.3560369,1.3786967,200.508335,3.0766853,11.3451082,12.8815924,-6.6821232,0.025286631,94.3518661,4.4411954,1.7494804,14.1678824,80.8594532,5.9581348,329410.0,13927185.0,84251.71202
Florida,1994,239.5183007,232.2833983,201.6099755,18.0589728,29.293705,1.7728469,208.193243,3.6765758,10.6199393,13.1355909,-4.4236141,0.020989123,96.1051308,4.0469371,1.6458636,14.9322431,86.2890869,6.6021714,345550.0,14239444.0,87240.23068
Florida,1995,247.0456466,233.2719327,207.0209652,18.5910099,30.6205884,2.5994293,213.8272211,4.5911545,10.9675799,13.5830914,-5.8926125,0.018794636,98.1985998,4.0303776,1.5650644,16.1234225,88.6091792,5.2788105,358419.0,14537875.0,90822.19938
Florida,1996,254.0829452,249.4032326,212.942431,18.6404154,30.8923983,3.1714961,219.6316818,5.320577,10.824579,14.0061418,-4.063153,0.03092876,102.996099,3.870939,1.7335694,16.1493133,89.5205876,5.7669097,376851.0,14853360.0,93022.67686
Florida,1997,260.6600564,250.8676304,218.6517914,18.7793344,30.2672172,3.7368259,225.1201321,6.8009055,10.4944815,13.5250453,-5.2177727,0.019098738,107.0118628,3.381751,1.4153936,15.232762,92.6548078,5.776937,478036.0,15186304.0,93541.35976
Florida,1998,273.6625476,267.6033333,230.6923044,18.6471452,30.1544278,4.106118,237.3997163,7.2990402,10.2853037,13.5212946,-4.5916083,0.035631611,117.591734,3.3015128,1.4884647,15.4534251,94.0312048,5.4797575,500547.0,15486559.0,96800.67307
Florida,1999,272.8831663,270.244354,230.1434997,17.7379068,30.1139871,4.5905931,236.5014726,7.8022821,10.2435477,13.09574,-3.8565031,0.01594623,113.871203,3.3795831,1.4598071,15.5689625,96.6063485,4.6738086,525592.0,15759421.0,98096.48573
Florida,2000,282.6651163,290.798753,238.5798104,18.1719276,30.136496,5.0381628,245.0103974,8.4336172,10.0764559,13.6226204,-1.7040566,0.018271559,116.1868152,4.4673085,1.5656603,14.6222109,102.2483995,4.3919616,549269.0,16047515.0,102005.7213
Florida,2001,281.6916403,287.9710061,238.4016757,16.812877,29.8051687,5.4109942,243.4430467,8.9295095,10.1016358,13.6936517,-2.0812613,0.009776308,117.1322131,4.5532979,1.4642786,13.8374566,100.6260237,4.1767548,563294.0,16356966.0,101713.7086
Florida,2002,287.5526888,298.0130842,243.1852132,17.4053899,29.6659753,5.74116,247.2767856,9.3882149,9.8101875,15.5582804,-1.2703367,0.008736936,119.7783506,4.6561963,1.4176286,12.5677444,102.9723529,3.4385249,583005.0,16689370.0,104587.7204
Florida,2003,292.7484821,300.9781349,247.4557713,18.1707278,29.0313692,5.9861082,251.3382913,9.6735819,9.7616045,16.3889636,-1.8054495,0.017528509,124.565535,4.6036209,1.4483433,13.4748301,101.3750905,3.1336582,610448.0,17004085.0,104959.8174
Florida,2004,305.3492384,313.0860225,259.2439915,18.1703178,28.6816944,6.2120791,262.582594,10.3618488,9.7515008,16.6923968,-2.0659671,0.036437611,124.9652439,5.439685,1.5837921,12.49466,111.7637286,2.8858257,641330.0,17415318.0,108969.7253
Florida,2005,308.1992489,316.6424547,262.4810242,17.6297882,27.3487173,6.486388,265.6252737,10.7352239,9.5566124,16.1047848,-1.9483353,0.022967344,125.5717434,5.2560767,1.507548,12.6787558,114.1913587,2.4935442,681225.0,17842038.0,110725.279
Florida,2006,306.7679252,319.7511171,261.1037789,17.5825494,26.2807222,6.8588342,263.9998364,11.3196043,9.6061066,15.5946206,-0.9775995,0.038995727,122.3941065,4.8118552,1.4342233,12.7046132,116.2120614,2.4589118,707896.0,18166990.0,112175.3887
Florida,2007,303.2420441,311.3149535,258.6542774,16.2948971,25.3332389,7.2297587,261.2851929,11.550635,9.7584011,14.3325239,-1.970662,0.040813208,123.5424356,4.3483255,1.3286855,11.5116614,114.2827895,2.1468019,714630.0,18367842.0,112019.8821
Florida,2008,284.7730538,289.8460025,240.8442574,17.1156605,22.8678629,7.694682,242.8888726,11.4707991,9.1869424,15.5200346,-2.3812563,0.046075509,116.2937273,4.4545144,1.343607,11.303682,103.694627,2.032833,689445.0,18527305.0,108436.3006
Florida,2009,267.750481,267.2500554,224.5902646,17.1199056,21.5528168,8.225108,228.501489,10.8889353,9.2773152,13.672276,-3.3487435,0.037837701,109.9500435,4.4772829,1.545529,10.1541781,96.9520585,0.6560349,648642.0,18652644.0,104651.2486
Florida,2010,287.7492038,283.1431835,242.8203777,17.3279762,21.5723974,8.7128618,246.3584807,11.8637123,9.4261313,14.1236008,-4.4558251,0.037462528,118.9164356,4.911884,1.7373432,11.5026626,103.4387994,1.602247,650291.0,18845967.0,108919.4017
Florida,2011,273.7030775,275.6802767,230.1516909,17.0842344,19.5039011,8.9228184,233.1755012,11.8901186,8.9978942,13.9795218,-2.8982685,0.037725962,110.0685725,4.3912505,1.4634961,10.0234814,101.5956626,2.5156699,656346.0,19082262.0,106268.2046
Florida,2012,266.7624025,270.9221343,224.6532743,15.9804453,18.3560751,9.0525193,226.7983937,12.3990781,8.8704675,13.0456805,-2.3536132,0.03484628,106.8094755,4.3536741,1.2096682,10.3630415,98.5694996,2.2551184,768722.9,19297822.0,4014683.0
Florida,2013,267.4557111,259.957655,224.4536108,16.324447,19.7292774,9.200595,225.7782166,13.1036093,9.5958659,13.393792,-4.8197974,0.03484628,104.3971327,4.7800285,1.2766591,10.7857918,98.9840593,2.2181534,784238.4,19545621.0,4058797.0
Florida,2014,274.6742064,262.5514841,230.2556193,17.1531428,19.8024407,9.5477767,231.3645179,13.6853574,9.5174874,14.3918475,-5.8820152,0.03484628,108.8982376,4.8969989,1.3922906,10.523231,100.0315809,2.1312962,806029.4,19845911.0,4096281.0
Florida,2015,279.9342918,270.3992717,234.9448585,17.1550655,19.5727406,9.8823426,235.7648385,14.1297702,9.6335828,14.540389,-5.399993,0.03484628,107.501967,6.2270426,1.1681792,11.2926325,103.6609464,2.0247259,842269.4,20209042.0,4245922.0
Florida,2016,277.4680021,275.4063035,233.088623,16.7371088,18.2994121,10.1121801,233.5228093,14.5465246,9.0902445,14.3828951,-3.7946011,0.03484628,105.8297256,6.6870483,1.1897394,11.5534522,102.3599631,1.8583262,870963.2,20613477.0,4227859.0
Florida,2017,276.4259794,274.0768479,232.4278841,16.4170564,17.7705796,10.1932915,232.6164642,14.7019577,8.9897561,14.1661308,-3.8426127,0.03484628,102.9195639,6.3342964,1.2109959,11.8339466,104.3707287,1.8015254,901903.5,20963613.0,4211840.0
Florida,2018,278.1722842,273.903951,234.5632368,15.6573668,17.6262146,10.325466,234.5632368,15.003819,8.9204451,13.5695601,-4.2683332,0.03484628,100.6328285,6.4589709,1.3586762,11.7658886,108.2475898,1.5059156,936580.3,21244317.0,4281336.0
Georgia,1990,165.708479,130.1079457,144.8900372,15.6722574,6.6661798,0.6519217,148.5301145,0.5468301,5.3465786,11.134689,-37.8913123,0.0,62.7924893,3.6810191,5.8727443,16.2948836,57.4222243,0.0,165062.0,6512602.0,56187.59808
Georgia,1991,157.8568455,121.3183985,136.6718397,16.0705783,7.2280355,0.6284753,140.4297819,0.5193134,5.7296112,11.4862409,-37.8844756,0.000177692,56.2943632,3.4504751,6.2290812,15.9758158,56.2133195,0.0,167209.0,6653005.0,56007.7991
Georgia,1992,157.8547222,121.3789468,136.2705171,16.5251988,7.3832181,0.6705445,140.2289585,0.5429326,5.7188628,11.8919615,-37.8416036,0.000183154,54.0368807,3.7737989,6.9377895,16.1904814,57.0245779,0.0,176731.0,6817203.0,57118.69726
Georgia,1993,169.0440194,129.2926202,146.8908421,16.8385996,7.2284622,0.7790058,150.6155414,0.7173231,5.5699045,12.0679036,-40.9941325,0.000175822,58.5865402,3.844392,7.4554433,15.8833666,62.8462399,0.0,184789.0,6978240.0,61036.97952
Georgia,1994,174.1688146,134.548858,150.1735799,17.5710782,8.4038605,0.9565578,154.0192772,0.802007,6.3775559,12.955869,-41.3265328,0.000523642,61.0787273,3.7351097,6.8406492,16.4792086,63.7900626,0.0,198125.0,7157165.0,61411.19324
Georgia,1995,185.8060979,147.486212,158.957975,18.2772029,10.0885954,1.3882162,162.9463051,0.9650418,7.5866989,13.9507226,-41.3982629,0.000546237,65.3094339,3.9404381,7.3145499,17.327431,66.7888367,0.0,209292.0,7328413.0,65954.929
Georgia,1996,191.0254995,152.8481047,163.1908031,18.7215493,10.3406819,1.6928599,167.747694,0.957402,7.6636032,14.5184992,-41.7303119,0.000159437,65.0671818,3.9540591,7.9672778,17.9050131,70.6891081,0.0,223307.0,7501069.0,69909.14586
Georgia,1997,193.3445386,155.1041305,165.3257933,18.9760833,9.9773312,1.9793558,168.8602707,1.3873835,7.2400713,15.2029499,-41.9645207,0.000718073,69.6936686,3.8812126,7.321884,17.4791957,68.1415963,0.0,281022.0,7685099.0,69350.69803
Georgia,1998,193.5687542,155.8648131,165.5899602,18.871871,9.7565953,2.1659884,169.0488282,1.4765621,6.9825427,15.3481266,-41.6174307,0.000702554,70.1681711,3.5000626,6.8152906,16.252478,70.4422201,0.0,296040.0,7863536.0,70165.19876
Georgia,1999,195.7643094,158.8311749,167.9893292,18.6519677,9.238023,2.433483,171.5028116,1.5273025,6.6121532,15.2206052,-41.2723068,0.0,71.4870807,3.1242477,6.4387081,16.1902385,72.5675204,0.0,316573.0,8045965.0,70631.69334
Georgia,2000,204.6896062,169.1825775,176.3817539,19.1721457,8.9019079,2.6614169,179.9249911,1.6309522,6.2751441,16.113025,-41.0349989,0.0,75.3982048,3.9484303,8.7639366,16.9525452,72.6536136,0.0,329292.0,8227303.0,73566.1841
Georgia,2001,197.1668007,161.3362623,168.3499929,20.1947384,9.0385186,2.859926,171.6406007,1.6763853,6.4923492,17.8727638,-40.6364425,0.0,70.084067,3.5912198,7.4068182,16.3616032,72.3883884,0.0,334131.0,8377038.0,71037.12933
Georgia,2002,202.8398653,168.1904112,173.4681061,20.7970443,8.8977587,3.0266104,176.5411546,1.7721213,6.498148,18.6965147,-40.2984858,0.0,74.9182698,3.2043576,7.6676627,16.5488451,72.2146305,0.0,337679.0,8508256.0,73946.77332
Georgia,2003,206.5535195,173.0290341,176.6272757,21.3583494,8.9088793,3.1520903,179.4242955,1.7906466,6.8193086,19.4880269,-39.8391736,0.001972774,74.9766749,3.2584881,7.9259753,17.1017686,74.1605261,0.0,343372.0,8622793.0,74479.51758
Georgia,2004,211.9266618,178.7048223,181.9887591,20.6484327,8.8787685,3.2842267,184.7089709,1.824248,6.8565153,18.7714686,-40.0735553,0.000141527,77.0611511,3.6046788,7.7916793,17.2198188,77.102992,0.0,352510.0,8769252.0,78024.4177
Georgia,2005,222.239193,189.8864645,192.3723068,20.5153527,8.2593732,3.4249968,195.1899644,1.7986609,6.5039784,18.8532848,-40.3350166,0.006325307,84.9549918,3.4309432,7.5688667,17.2653709,80.0033889,0.0,363177.0,8925922.0,78415.66634
Georgia,2006,218.7377348,185.5169859,189.7692154,18.8008048,8.0362834,3.6362034,192.1953604,1.8968213,6.4798803,16.743664,-40.6401759,0.00853753,85.6997084,3.0491329,6.668137,16.391935,78.5862448,0.0,369241.0,9155813.0,77985.05596
Georgia,2007,221.8524636,188.731294,192.4766555,18.8274626,8.039622,3.8772762,194.6860697,1.9761523,6.6961545,16.7409842,-40.8261077,0.005513019,91.3062845,3.0858871,6.7549191,15.2625236,76.3848581,0.0,377492.0,9349988.0,77866.59275
Georgia,2008,207.9235649,172.7694366,179.394734,18.6223586,7.5074873,4.1579009,181.1112058,2.078303,6.4246614,16.961437,-41.0621331,0.001805479,85.4417185,3.2433004,7.1960762,14.027477,69.2481103,0.0,373862.0,9504843.0,74647.95155
Georgia,2009,197.8854943,161.1954331,169.2945949,19.5173039,7.2090961,4.4669426,171.1906309,2.0473165,6.318713,18.2601417,-41.2886977,0.009042752,73.6722319,3.368948,7.1807366,12.4076745,73.6038217,0.0,353817.0,9620846.0,73807.52045
Georgia,2010,207.4855403,171.0121135,179.4230174,17.8847768,6.8595865,4.6075993,180.9578389,2.21844,6.058998,16.0839425,-41.9330779,0.011565833,79.092172,3.8170067,8.3686263,13.1430183,75.236068,0.0,358843.0,9714748.0,78625.17562
Georgia,2011,190.4652801,150.816582,163.897424,17.0048074,6.3152819,4.7032401,164.9736567,2.276224,5.7691595,15.0399091,-42.694235,0.009270577,67.8905834,3.5899439,6.7867136,12.6243223,73.2381376,0.0,366342.0,9812460.0,75651.60031
Georgia,2012,168.3189439,124.945023,143.4061071,14.9675502,6.4403167,4.7479837,143.9216061,2.3159855,6.1003333,12.1764337,-43.4074612,0.005926712,55.907943,3.4672678,6.0189791,11.9482484,65.8336418,0.0,443566.1,9901430.0,2777268.0
Georgia,2013,166.6423891,122.2900102,141.6169215,15.1312484,6.4940022,4.7981628,142.0155026,2.340548,6.1967779,12.4261481,-43.9361928,0.005926712,53.7903178,3.7809209,7.1140901,12.4054252,63.9222558,0.0,449796.1,9972479.0,2792063.0
Georgia,2014,172.4651573,127.9048332,146.7316124,15.807998,6.4848901,4.9552165,147.0428133,2.4314552,6.2744762,13.0868372,-44.5569796,0.005926712,59.6685248,3.9124841,7.9126066,12.7847976,61.2544259,0.0,465137.8,10067278.0,2860380.0
Georgia,2015,169.7161043,125.6841739,144.205203,14.9829214,6.6156131,5.0828733,144.3444322,2.4701368,6.4686628,12.0806011,-43.9707604,0.005926712,55.9407212,4.3750814,6.9224388,11.7411122,64.4148124,0.0,484378.4,10178447.0,2855970.0
Georgia,2016,168.3975797,124.9055791,143.2061471,15.2670278,6.0981717,5.16554,143.4674984,2.4574536,6.1401587,12.2128089,-43.494386,0.005926712,57.7833456,4.3190935,6.8229821,11.6905978,61.6852721,0.0,500909.3,10301890.0,2830718.0
Georgia,2017,165.5433779,122.5561344,140.5119966,15.2452715,6.0537792,5.1718379,140.5609316,2.4789807,6.1916565,12.2332119,-42.91562,0.005926712,52.359803,4.1517759,6.4784599,11.3601801,65.5849221,0.0,519452.6,10410330.0,2803197.0
Georgia,2018,163.893262,121.5568931,140.2632197,12.5078675,5.8996845,5.2224903,140.2632197,2.5114462,6.038164,8.5228954,-42.3363689,0.005926712,52.206129,4.5215333,7.7771383,11.7897464,62.9638981,0.0,538730.8,10511131.0,2876097.0
Hawaii,1990,19.6823564,16.692947,18.1998825,0.8170747,0.5174704,0.0666104,19.037676,0.0352209,0.5506497,0.4796054,0.338614408,0.0,7.3706644,0.5291686,0.023791,1.7435549,9.1264464,0.0,39176.0,1113491.0,8100.000898
Hawaii,1991,18.2404287,15.585551,16.6993907,0.8526936,0.5199018,0.0653857,17.332274,0.0355191,0.5646974,0.6045028,0.46101581,0.017797866,6.0767857,0.3051696,0.0235292,1.664427,8.9357607,0.0,39756.0,1136754.0,7438.184402
Hawaii,1992,18.963848,16.0756671,17.4772665,0.8240136,0.5044017,0.071274,18.1531084,0.0361074,0.5074489,0.6092149,0.298658471,0.016310636,7.0335703,0.6460267,0.0391537,1.6303545,8.542478,0.0,40834.0,1158613.0,7712.582598
Hawaii,1993,17.663488,14.7593068,16.1557905,0.8117941,0.5143743,0.0848804,16.583794,0.0563731,0.501197,0.6962344,-0.027173502,0.014829546,7.0577453,0.2338304,0.0215747,1.5130602,7.7083278,0.0,40152.0,1172838.0,7133.72311
Hawaii,1994,18.5956816,16.0073239,17.2086251,0.7297364,0.4782124,0.1182895,17.72537,0.0684996,0.4538303,0.5827143,0.641812718,0.015187544,7.2898044,0.3602316,0.0220828,1.6718165,8.2629192,0.0,40062.0,1187536.0,7544.627416
Hawaii,1995,18.5927647,15.7032438,17.0938751,0.7569822,0.4922055,0.1863746,17.6148296,0.0815971,0.4763135,0.5955916,0.21095359,0.015217755,7.5587807,0.2231504,0.0217172,1.6334465,8.1433467,0.0,39552.0,1196854.0,7485.9376
Hawaii,1996,17.7722943,15.395888,16.2293675,0.75562,0.4880881,0.2334149,16.8533228,0.057824,0.4573396,0.6216513,0.753224752,0.013717678,7.8324977,0.1712254,0.0216678,1.7130817,7.2163947,0.0,39132.0,1203755.0,7139.06542
Hawaii,1997,18.1136777,15.4279928,16.5222861,0.7752522,0.4771534,0.2776429,16.473449,0.2141775,0.4565006,0.6344049,0.391977101,0.013158339,7.7695301,0.2159496,0.0257044,1.6231424,6.9508965,0.0,48395.0,1211640.0,6895.057914
Hawaii,1998,18.0997421,15.5314005,16.451816,0.8017905,0.4786724,0.3019452,16.4426067,0.2069407,0.4718333,0.6554269,0.556402439,0.01306948,7.5952851,0.767349,0.0465704,1.2178874,6.791653,0.0,47158.0,1215233.0,6893.571139
Hawaii,1999,17.8118858,15.4240897,16.1730432,0.7976645,0.4472714,0.3347732,16.1899701,0.1931611,0.4379839,0.696506,0.752105408,0.007838917,7.6934395,0.1906319,0.032897,1.0810128,7.2963466,0.0,47545.0,1210300.0,6791.689249
Hawaii,2000,18.1599541,16.1458372,16.5248013,0.7958598,0.4303529,0.3583011,16.4726413,0.2187954,0.4162086,0.6904293,1.368680979,0.006477348,7.8131981,0.1937892,0.0395913,1.1043413,7.4217875,0.0,48819.0,1213519.0,6891.781969
Hawaii,2001,18.4199378,16.2667658,16.7101588,0.8443363,0.4260961,0.3831943,16.8724757,0.1901082,0.3997769,0.7082245,1.237419975,0.0,7.8084427,0.1671879,0.0398232,1.1055408,7.8178149,0.0,48444.0,1225948.0,6812.025307
Hawaii,2002,19.4882198,17.3130991,17.7135522,0.9036954,0.4124104,0.4030699,18.0774093,0.1689159,0.3964319,0.7183702,1.456193354,0.0,8.38383,0.2184641,0.0402873,1.244183,8.2629693,0.0,49595.0,1239613.0,7179.787937
Hawaii,2003,20.3836208,17.9487946,18.5250928,0.9646152,0.4136294,0.4208283,18.8993949,0.1710949,0.4027415,0.7862356,1.294837092,6.86e-05,7.6920462,0.1964858,0.0337129,1.2660378,9.5728533,0.0,51684.0,1251154.0,7620.326946
Hawaii,2004,21.3398177,18.6907381,19.3973829,0.9714816,0.4740537,0.435921,19.764421,0.1747344,0.4686698,0.8100079,1.21275028,2.07e-05,7.9710247,0.2306894,0.0336906,1.261533,10.1030515,0.0,54304.0,1273569.0,7972.138243
Hawaii,2005,21.718028,19.0334274,19.8493929,0.968414,0.4046466,0.4517777,20.281929,0.161466,0.3977568,0.8312862,1.242205937,0.008383399,7.9079186,0.2326639,0.0343986,1.4710629,10.4172599,0.0,56901.0,1292729.0,8229.526725
Hawaii,2006,21.9364175,19.4083903,20.0411735,0.9779574,0.4010588,0.474938,20.4291966,0.1701047,0.4142518,0.8455073,1.524389734,0.000963076,7.882023,0.2345839,0.035655,1.4946725,10.5446699,0.0,58743.0,1309731.0,8297.338787
Hawaii,2007,22.711947,19.8484593,20.8248853,0.9632298,0.3970469,0.4986622,21.0657791,0.1746566,0.4166406,0.9514215,1.227269736,0.00052992,7.8624692,0.1955357,0.0315225,1.3539531,11.3259122,0.0,59548.0,1315675.0,8594.038609
Hawaii,2008,18.8998355,16.5771258,16.9861767,0.9528959,0.3749572,0.5313839,16.8660757,0.1807282,0.3999786,1.0958533,1.10745704,0.000176337,7.6593225,0.2048185,0.0488137,1.1845881,7.7969957,0.0,60098.0,1332213.0,7067.397823
Hawaii,2009,18.1861684,15.7816146,16.2883456,0.9281094,0.3530141,0.5680874,16.4637819,0.1628932,0.4007618,0.9108515,0.822699103,0.000943277,7.466664,0.2422556,0.046386,1.1753473,7.5541192,0.0,57902.0,1346717.0,6966.901909
Hawaii,2010,18.4966376,15.8142534,16.5549668,0.9265775,0.3518378,0.6228086,16.6337633,0.1878617,0.3994405,0.9400429,0.495449679,0.00406448,7.3639288,0.23937,0.0458541,1.1721491,7.7973146,0.0,59673.0,1364274.0,6946.339054
Hawaii,2011,18.9087402,16.4819743,16.9747892,0.9258088,0.3377259,0.6375921,17.0546135,0.1909138,0.3875883,0.9480573,0.95716835,0.003928357,7.2319971,0.2664579,0.0431585,1.2066528,8.2242604,0.0,60899.0,1378129.0,7206.650686
Hawaii,2012,18.4199714,16.1849057,16.5630717,0.8686192,0.3202979,0.6471339,16.6132356,0.1928034,0.3733774,0.9056198,1.119621024,0.000839528,6.89671,0.2468295,0.0556022,1.190129,8.1084199,0.0,73676.7,1394804.0,277993.0
Hawaii,2013,18.0703262,15.3839869,16.1947181,0.8593389,0.3361509,0.6562484,16.2085353,0.1946983,0.385057,0.9163265,0.39321127,0.000839528,6.5800874,0.2491009,0.0448391,1.133934,8.0601053,0.0,74294.1,1408243.0,278471.0
Hawaii,2014,18.0526092,15.1224352,16.1661643,0.8546228,0.3368335,0.6733825,16.1689148,0.1982315,0.3808086,0.9235498,0.040798499,0.000839528,6.5367397,0.2768026,0.0444287,1.0886642,8.0713016,0.0,74490.6,1414538.0,279324.0
Hawaii,2015,18.2392218,15.3527784,16.3389837,0.8570606,0.3348737,0.6896177,16.3294416,0.2015004,0.3841472,0.9343377,0.146950595,0.000839528,6.4316425,0.3099375,0.0319396,1.130892,8.2410051,0.0,77176.6,1422052.0,282848.0
Hawaii,2016,18.2950355,15.706098,16.3886328,0.8695042,0.3239726,0.6942111,16.3687527,0.2024867,0.3824859,0.9460542,0.584940691,0.000839528,6.4097285,0.3081481,0.0377889,1.151865,8.2668828,0.0,79093.5,1427559.0,283215.0
Hawaii,2017,18.3856008,15.7466389,16.4861159,0.8756261,0.3181723,0.6867679,16.4618139,0.20087,0.3834785,0.9515705,0.534696273,0.000839528,6.2887912,0.3555816,0.0342866,1.2629797,8.2910271,0.0,81039.5,1424393.0,284004.0
Hawaii,2018,18.85043,16.0219493,17.0359337,0.8019602,0.3277045,0.6848315,17.0359337,0.2004401,0.3921212,0.8833748,0.372843067,0.000839528,6.2617156,0.3626534,0.030454,1.0265761,9.0609661,0.0,82203.9,1420593.0,292895.0
Idaho,1990,21.8165868,13.5833215,11.1053266,4.8221442,5.7778086,0.2475766,11.197425,0.621867519,9.2847151,0.698706,-4.4636087,0.0,0.0028613,0.7712836,0.7576992,3.4018349,5.9979876,0.0,20161.0,1012384.0,10216.26139
Idaho,1991,22.9651462,14.5066274,11.877874,5.1067286,5.8454008,0.2401338,11.8619552,0.764445789,9.5715515,0.725588,-4.6154505,0.0,0.0026553,0.9115722,0.8674404,3.9362802,5.8960383,0.0,20592.0,1041316.0,10470.32353
Idaho,1992,22.3542573,14.3666476,11.1903798,5.2407498,5.8472119,0.2520931,11.2108644,0.761261587,9.664672,0.7394355,-4.3944654,0.0,0.002665,0.8336253,0.7783038,3.2934053,6.0326949,0.0,22022.0,1071685.0,10585.63679
Idaho,1993,24.4371175,20.6010998,12.3522297,5.2002612,6.7766094,0.2826775,12.30013,0.905837743,10.4669526,0.7636694,-2.8486058,0.0,0.0026279,0.8087024,0.962755,3.4117095,6.8003835,0.0,23940.0,1108768.0,10979.38019
Idaho,1994,24.0634504,18.0538984,12.5043687,5.5090717,5.8009327,0.3290217,12.4450714,0.965719318,9.8043526,0.7894966,-3.6965467,0.0,0.0025575,0.7954229,0.8993866,3.5001563,6.9292419,0.0,25845.0,1145140.0,11344.21967
Idaho,1995,25.7945121,21.4666005,13.1487279,5.8213771,6.5293005,0.4255453,13.2033665,0.970004228,10.7693576,0.8131007,-3.1181904,0.0,0.002734,0.815283,0.9459243,3.7067685,7.3923925,0.0,27995.0,1177322.0,11687.03471
Idaho,1996,26.6008707,20.6802394,13.5925982,6.0936558,6.5295084,0.4995488,13.6475599,1.065299806,10.9989901,0.836049,-3.7977385,0.0,0.012456,0.9351147,1.0354211,3.7833446,7.5346919,0.0,28927.0,1203083.0,12537.72204
Idaho,1997,26.6209541,21.8378851,13.5955284,6.3176453,6.2521586,0.5572116,13.6484392,1.12052695,10.9408589,0.8578685,-3.3444975,0.0,0.1000322,0.8466654,1.0649933,3.5682514,7.7102386,0.0,30989.0,1228520.0,12589.96076
Idaho,1998,27.4537856,22.2386632,13.8658328,6.6034551,6.4278994,0.6755827,13.8712401,1.295185755,11.3715704,0.8797143,-3.5619216,0.0,0.0991176,0.9068447,1.042629,3.6055174,7.8524151,0.0,32326.0,1252330.0,12711.57392
Idaho,1999,28.4932911,22.784256,14.6888694,6.7971672,6.26379,0.7863346,14.692623,1.414874923,11.4394934,0.8346741,-3.815186,0.0,0.0987691,1.0384713,1.2872539,3.6176766,8.2600845,0.0,35590.0,1275674.0,13299.07687
Idaho,2000,29.3574873,21.7484877,15.3388657,7.2103982,5.9943195,0.809123,15.3312933,1.424657041,11.599893,0.8562479,-4.6205586,0.0,0.0978579,1.0316391,1.439322,4.1164,8.2648413,0.0,39402.0,1299430.0,13608.17488
Idaho,2001,29.678013,22.5152342,15.3615324,7.4804704,6.0961083,0.7720386,15.2540407,1.471916338,11.964128,0.8830672,-4.4596141,0.0,0.575302,0.9923423,1.3584889,3.910457,8.0676418,0.0,39286.0,1319962.0,12629.4989
Idaho,2002,29.4761755,21.570819,14.8100224,7.6165874,6.3107179,0.8509433,14.6725118,1.529946707,12.3400985,0.9110331,-4.7453129,0.0,0.1434237,0.9444141,1.3444468,3.6889107,8.1685397,0.0,40225.0,1340372.0,12511.86728
Idaho,2003,29.1972076,21.8086788,14.2206102,7.8948033,6.5103868,0.7859582,14.0685893,1.44424793,12.8181738,0.9390904,-4.5238711,0.0,0.5121999,0.8334901,1.2366963,3.369005,7.7690234,0.0,41272.0,1363380.0,11842.28931
Idaho,2004,30.4473634,23.4916092,15.4023964,7.8146264,6.6259614,0.7260503,15.2367556,1.39430927,12.8372324,0.9674828,-4.4183813,0.0,0.6505257,0.9385799,1.4727056,3.7630094,8.0607006,0.0,44742.0,1391802.0,12656.79004
Idaho,2005,30.6498434,23.6164018,15.5568782,8.0556744,6.4773322,0.6772412,15.3818809,1.391002917,13.0194689,0.8071337,-4.460317,0.0,0.6207861,0.9640988,1.5145842,3.9005144,8.0335077,0.0,48683.0,1428241.0,12887.26538
Idaho,2006,30.8959893,22.9697536,15.6016184,8.4276783,6.3427345,0.6586723,15.3720499,1.387008813,13.2526252,0.8690401,-4.8301451,0.0,0.5256595,0.9618965,1.5741971,3.3852366,8.5305006,0.0,49468.0,1468669.0,13227.03128
Idaho,2007,31.9187053,25.0795371,15.8275905,9.1017871,6.5602139,0.6338911,15.8219631,1.11029203,14.1154035,0.9018444,-4.4510883,0.0,0.681456,1.0246615,1.555792,3.410027,8.7520927,0.0,51427.0,1505105.0,13684.6052
Idaho,2008,31.0123334,24.4151537,15.0769481,9.0993257,6.3586002,0.7194462,15.0679507,1.168691711,13.9203587,0.9404335,-4.3056108,0.0,0.6767857,1.0800456,1.7738494,3.246337,7.932498,0.0,51371.0,1534320.0,13597.56586
Idaho,2009,30.3701111,24.5576917,14.6087494,9.0844733,6.1458646,0.7846638,14.6569726,1.096639113,13.7495569,0.985157,-3.9575908,0.0,0.6783974,1.0036305,1.632325,3.1915696,7.800497,0.0,49949.0,1554439.0,12771.70012
Idaho,2010,31.2751412,26.6102548,15.4017501,8.975073,6.1999844,0.8750224,15.4355963,1.203871922,13.7221995,0.9567216,-3.5480448,0.0,0.6692608,1.0274406,1.5379214,3.3643706,8.4541782,0.0,50734.0,1570784.0,13127.01415
Idaho,2011,31.6903205,25.5981665,15.2420808,9.3017468,6.4089984,0.9768437,15.2247981,1.337302283,14.2553181,0.976966,-4.1404392,0.0,0.4471279,1.1259163,1.6822345,3.4500967,8.1439204,0.0,50759.0,1583744.0,13245.40177
Idaho,2012,31.360924,24.6818298,15.177763,9.4084493,5.9645459,1.0137755,15.0802916,1.436194568,13.9717761,0.9593714,-4.3571067,0.0,0.7317251,1.084021,1.4744378,3.2207096,8.2024045,0.0,57780.1,1595324.0,511640.0
Idaho,2013,33.9920932,30.020391,16.5420562,9.6728213,6.9978996,1.0065071,16.4884176,1.386138783,15.2134479,0.9807033,-3.4175764,0.0,1.3340914,1.2016422,1.7602773,3.4107478,8.4330506,0.0,59966.8,1611206.0,527992.0
Idaho,2014,32.3700671,29.2821682,16.1147789,9.0257588,6.3115536,1.0421727,16.0231687,1.451572497,14.1279117,0.7307413,-2.9772127,0.0,0.9889092,1.1269655,1.5332297,3.471461,8.5350919,0.0,61663.2,1631112.0,521358.0
Idaho,2015,34.0967752,31.0197756,17.3084922,9.4120141,6.3747687,1.0658875,17.2871458,1.484543682,14.4076595,0.8235886,-3.0658873,0.0,1.4894743,1.2171711,1.5268785,3.2420918,9.4147193,0.0,63235.7,1651059.0,537058.0
Idaho,2016,34.6106821,30.3414172,17.7024824,9.6899879,6.1654942,1.0854219,17.6814029,1.498620279,14.4678121,0.847725,-3.5697448,0.0,1.2544158,1.317686,1.6139378,3.2469786,9.8163903,0.0,65643.2,1682380.0,538005.0
Idaho,2017,34.8188914,30.8905736,17.9518043,9.8355928,5.9362953,1.0943867,17.9372635,1.506977323,14.3968199,0.8322869,-3.4447937,0.0,1.1330086,1.3971638,1.8797574,3.2339779,9.8495507,0.0,68412.2,1717715.0,553515.0
Idaho,2018,35.4758237,32.2936243,18.2959419,9.8984621,6.1650942,1.1163255,18.2959419,1.527435514,14.6700747,0.8274638,-3.1821995,0.0,1.2858545,1.3855925,1.785651,3.325072,10.0687641,0.0,72455.4,1750536.0,553287.0
Illinois,1990,237.5141116,224.9503395,188.7498682,24.4821133,23.5759391,1.0191436,194.652205,0.7666509,25.1060392,8.0306951,-12.4805784,0.0,58.3602474,12.1945483,25.3343828,39.3368619,53.6096727,13.6965774,324012.0,11453316.0,90244.07068
Illinois,1991,236.5792517,223.038468,188.6605941,25.1118266,22.4342922,1.0170025,194.9098654,0.7410764,24.0252488,8.1907316,-13.1880784,8.11e-06,59.4485929,11.6757827,26.6526957,39.7087561,51.6429288,13.8980714,323640.0,11568964.0,91856.06243
Illinois,1992,233.9140258,221.5603742,184.9342633,25.60627,22.9521614,1.034913,191.5282125,0.7607572,24.2947304,8.4386791,-12.2768976,4.63e-06,54.1580393,11.9076598,26.9458057,39.5762322,52.5619029,14.5819771,336296.0,11694184.0,91315.5819
Illinois,1993,250.9064516,241.3981406,200.0438468,24.4025553,25.2661595,1.2209392,205.2644985,0.8291871,26.574403,8.658254,-10.4099106,8.48e-06,65.5760411,12.2273848,27.8891564,39.5922959,55.4389533,11.4759677,343470.0,11809579.0,94042.17615
Illinois,1994,250.4189874,235.5470891,200.5668121,25.7204548,23.229716,1.5891444,206.4360693,0.9960697,24.4165283,8.8097216,-14.3568618,2.15e-06,68.1233492,11.9592806,26.6807475,40.5643322,53.7308813,13.9070929,364916.0,11912585.0,94430.37564
Illinois,1995,255.0972666,243.9579642,204.6675531,26.3521867,22.6970748,2.364517,210.8699832,1.2129298,23.6772107,8.9693501,-11.6689371,0.0,68.9126351,12.1692866,28.1147819,40.6460023,55.2147133,15.1021124,374858.0,12008437.0,97191.19092
Illinois,1996,269.964824,254.8142706,218.3944145,25.6820319,23.7714043,2.8730169,224.3367291,1.3328217,24.3328692,9.0693965,-14.827218,0.0,76.7965787,12.9594637,30.4070461,41.8030616,57.2107204,14.4014166,389704.0,12101997.0,99324.38553
Illinois,1997,277.8590587,265.6320049,228.5618047,24.2207316,22.5384294,3.3726943,227.4716943,2.8991284,22.9251476,8.8564532,-12.7792838,0.0,82.0433906,12.5524507,28.2402417,42.96153,57.5339661,12.2278784,488044.0,12185715.0,98704.22393
Illinois,1998,266.8124523,252.9860054,217.7926158,22.730525,23.0882178,3.6588548,216.6056311,2.8494873,23.6781565,8.1555393,-13.8084708,0.0,79.5754635,10.7435129,23.2693862,40.6082729,58.5846385,11.1633703,503169.0,12271847.0,96476.43011
Illinois,1999,274.7018121,259.4146004,226.6977558,22.0881303,22.4015936,4.0690239,225.5854898,2.8564686,22.9202712,7.9857349,-14.9921637,0.0,80.1114758,11.2592517,25.8259095,40.3306041,64.2373523,11.011441,518823.0,12359020.0,100753.4284
Illinois,2000,279.7299441,259.4021277,232.9701633,21.3538001,21.6890536,4.3352073,232.7410215,2.7609523,22.2008614,7.2972899,-18.7758132,0.0,86.4351424,12.0513548,26.5504986,38.3827943,65.7444265,11.7177012,537369.0,12434161.0,101220.4773
Illinois,2001,265.7095465,246.1302674,222.8795522,14.5488682,22.8761262,4.6216715,222.9154115,2.5815784,23.5149634,3.2863509,-18.034001,0.0,86.5367331,11.4536087,24.0500156,34.8325014,63.4143754,10.0519172,539168.0,12488445.0,97937.6528
Illinois,2002,269.135754,247.7724238,225.971848,16.0992146,21.9329285,4.8276474,224.2822855,2.8377652,22.7516413,4.7879455,-19.3954908,0.0,89.0201065,12.078692,25.8961584,34.3606882,61.1963434,8.4797727,540839.0,12525556.0,98323.55912
Illinois,2003,272.708096,252.8349153,229.1584616,17.7393352,21.0129344,4.9785727,226.5542482,2.932701,21.7705874,6.44196,-18.3455096,0.0,89.0286055,12.5457359,26.4947928,33.5107876,63.7279462,7.2551705,551750.0,12556006.0,98992.6331
Illinois,2004,280.127636,261.0615144,233.8170046,18.5389045,22.6755994,5.114894,233.2315567,2.5656037,23.4424185,6.7114223,-17.8511939,0.0,94.7629977,11.8832783,24.8101291,33.298352,66.9987453,8.4769978,564341.0,12589773.0,100189.1594
Illinois,2005,286.0193454,266.7389846,240.4745456,20.4061189,20.6428656,5.2716913,239.986773,2.5818002,21.7361497,7.5933541,-18.0889784,0.0,94.1159551,11.5135014,24.3915089,33.9065085,73.9706239,9.2934124,568114.0,12609903.0,103872.002
Illinois,2006,280.5762915,258.8561624,232.8283392,21.9166478,21.2546112,5.4773286,232.2033704,2.6312451,22.5812942,8.4905762,-19.8135762,0.0,92.6224085,11.2731649,22.3714885,33.5104913,70.1836488,9.7127656,581562.0,12643955.0,100143.0442
Illinois,2007,286.5082499,267.3248458,239.742468,21.5471193,20.4941135,5.7644328,238.0580968,2.6200469,22.0049949,9.1448091,-18.0241381,0.0,97.6278604,11.5100538,24.3328917,33.9321024,69.9098167,6.6661629,588605.0,12695866.0,102985.5565
Illinois,2008,286.9163553,268.6679092,237.5153325,23.047672,21.3771297,6.1196325,237.6560956,2.5715349,22.858264,9.1486575,-17.3405015,0.0,97.4825834,12.8671673,26.4724924,33.0300279,65.8125017,10.469947,580712.0,12747038.0,103060.0465
Illinois,2009,267.9245682,251.4297595,220.5280047,21.7946564,20.2108523,6.523137,222.8946066,2.0546875,21.7792902,8.5420638,-15.7904275,0.0,91.1003333,12.8664251,24.9488898,28.0875785,64.1142789,9.9698598,561154.0,12796778.0,97610.48669
Illinois,2010,274.3191515,260.4231676,226.3441344,22.3995674,20.1031008,6.772705,227.7673762,2.4459114,21.8957764,8.3139745,-13.961486,0.0,94.8292011,11.2920628,23.6246898,32.6582519,62.8496341,11.5326472,571228.0,12840459.0,100215.6946
Illinois,2011,272.4691993,254.7531593,225.1495866,21.1598348,20.3336449,6.8752642,226.1191857,2.4373315,22.1631073,7.925505,-16.7522173,0.0,91.9708113,12.1771921,23.5766465,33.8124159,62.2581877,10.4092575,583055.0,12859752.0,100238.2482
Illinois,2012,257.2796228,237.8736816,212.9227262,20.8165001,18.0375328,6.902515,215.0087377,2.3746853,20.0251265,6.8928665,-17.7919579,0.0,86.1135702,10.702172,20.2803197,34.0467379,60.1979861,12.8793294,720881.5,12882510.0,3818858.0
Illinois,2013,274.7440256,261.5081083,227.1065202,19.4059045,21.777185,6.9339038,228.4465207,2.4510271,23.7567612,6.3208106,-13.4807026,0.0,89.7618724,13.2120997,25.6993047,35.814346,60.879271,11.8199942,719922.2,12895129.0,3974907.0
Illinois,2014,279.051053,268.6967937,229.435447,19.504201,23.2574969,7.079938,230.6181347,2.5274818,25.2750807,6.328377,-11.4149831,0.0,88.5719968,14.029631,27.03728,35.5915157,62.1410875,12.0927572,735876.3,12884493.0,4045886.0
Illinois,2015,262.716719,251.2151236,213.1954815,20.1990682,22.5705928,7.1778127,214.7032722,2.5649562,24.8306047,6.2726442,-12.0392746,0.0,77.1544229,13.1294386,22.7895286,32.3986647,64.8027966,13.5845843,747666.8,12858913.0,3893182.0
Illinois,2016,251.7594956,236.5724263,202.6859238,20.9188671,21.6583933,7.1852119,204.5402381,2.5170605,24.1762628,6.4139592,-14.6073481,0.0,67.1314815,13.00535,22.0155822,32.0688082,65.0903073,14.0739296,746370.0,12820527.0,3900315.0
Illinois,2017,249.353925,234.6229608,200.8626799,20.2010101,21.7291453,7.0996796,201.6654741,2.4629837,24.3087379,6.8475288,-14.2385385,0.0,65.1069208,13.2012306,21.4550592,32.4253843,65.2364564,11.0922749,752459.2,12778828.0,3875154.0
Illinois,2018,256.7816974,243.5408613,207.8388586,18.6360669,23.2354919,7.07128,207.8388586,2.4254065,25.8646815,6.5069713,-13.2408362,0.0,66.9921246,14.5618355,24.9684881,32.551167,65.6172427,8.7006232,769631.2,12723071.0,4011952.0
Indiana,1990,225.0427616,213.5621728,197.1571227,12.5802037,13.6744711,1.1543152,210.5871659,2.5107531,14.508982,6.0738488,-11.5631192,0.0,98.3861516,5.3099876,9.6108532,42.7321653,40.4950762,2.6464622,128197.0,5557798.0,62807.60261
Indiana,1991,220.3124019,208.9255747,193.5562476,12.6056659,12.7471411,1.1515699,206.8533025,2.3895863,13.6005232,6.1980777,-11.5290666,0.0,98.343725,5.1479799,9.8164448,40.6984923,39.5778198,2.3607914,128215.0,5616388.0,62367.1896
Indiana,1992,218.045879,206.6866303,191.2427941,12.4078288,12.9047255,1.1631853,204.326721,2.3804962,13.487317,6.594018,-11.5373206,0.0,96.6689433,5.3363267,10.029643,40.0384372,39.1738323,2.2990173,136438.0,5674547.0,62000.56095
Indiana,1993,223.2897774,211.8556545,194.1362792,12.5589116,14.681363,1.2352442,207.4714009,2.5064166,15.2397894,6.5279854,-11.5339001,0.0,100.2324722,5.5927509,10.7508744,37.4091117,41.0868443,2.2624818,140645.0,5739019.0,64744.89571
Indiana,1994,221.8429557,210.4889328,194.7228547,12.301546,13.0614261,1.3516789,207.8919366,2.8297643,13.5786136,6.0915867,-11.4506505,0.0,103.6867671,5.4270631,10.1875407,34.3497401,42.6214782,2.3937575,149157.0,5793526.0,64326.93552
Indiana,1995,226.5751078,215.1709178,199.7103282,12.2010442,12.5853687,1.7272908,212.8976515,3.1779757,13.0879246,6.195686,-11.422918,0.0,105.4917043,5.5120836,10.24295,35.9781321,43.7853327,2.0131337,153785.0,5851459.0,65984.18571
Indiana,1996,230.8618956,219.4267327,204.0662449,12.0066701,12.4136101,1.9883355,217.7352504,3.3219568,12.6581598,6.2150539,-11.3772966,0.0,107.1292641,5.8544853,11.5684238,37.6668623,43.1119863,2.1496583,160020.0,5906013.0,68111.73562
Indiana,1997,257.2060502,245.3803263,229.3024704,12.4148953,12.7870938,2.2122896,223.3677892,17.2624095,12.9112279,6.4751534,-11.3805235,0.0,111.880714,5.693566,10.8941512,38.8464077,43.1902614,2.6171947,198279.0,5955267.0,67583.22488
Indiana,1998,254.1821874,242.4076493,226.3366128,12.217609,12.7701538,2.3367332,221.6611039,16.3697276,13.0675333,6.071807,-11.3711507,0.0,112.5755098,5.3668433,8.9966673,38.4706626,43.4954433,2.729437,208317.0,5998880.0,67328.17996
Indiana,1999,260.3250914,248.4832765,232.7038774,12.0434132,12.5189602,2.5108628,227.335492,17.1508692,12.7521132,6.0724554,-11.3382013,0.0,115.0444391,5.318819,10.2255861,39.5216881,44.2567544,2.551378,214221.0,6044969.0,70206.02208
Indiana,2000,271.3522231,259.3335237,243.9181009,11.2713662,12.7371668,2.5528316,239.3765433,16.8656202,12.8099681,6.0302352,-11.3585369,0.0,121.5723949,6.0801062,10.4871723,41.7347838,46.1194123,2.2045906,222254.0,6091866.0,72259.43483
Indiana,2001,262.3573951,250.4683339,233.6075531,11.5994656,13.703777,2.5171332,230.5942642,15.6196671,13.8195001,5.9358786,-11.3626942,0.0,116.4472018,5.4880341,9.3391554,43.0210778,42.2005468,3.1545227,218459.0,6127760.0,69833.52193
Indiana,2002,261.4707728,249.5896886,233.8996902,11.8233131,12.5297906,2.6015961,233.8111696,13.5970878,12.842387,6.261665,-11.3699048,0.0,115.7616417,5.7119848,10.0690424,42.7721372,45.1719073,3.2574003,224552.0,6155967.0,71979.44232
Indiana,2003,268.6731305,256.7472267,240.6533592,12.5320535,12.3993556,2.6614182,239.7151763,14.5837951,12.7396445,6.6636209,-11.2830301,0.0,117.5605357,6.5607526,10.9834483,43.2757705,46.5348738,3.6592709,232875.0,6196638.0,74033.10707
Indiana,2004,273.8974765,261.8759344,244.2312368,12.7824228,13.5350206,2.7315903,239.8305976,16.8915794,13.9625021,6.998383,-11.3094281,0.0,120.0866615,6.2202244,9.5578889,44.953409,44.1460189,3.4346733,238593.0,6233007.0,73899.32251
Indiana,2005,269.5359165,257.5337573,240.3781632,13.326977,12.7548066,2.8007548,238.5040338,15.1128429,13.40224,7.2734885,-11.3730267,0.0,123.1975695,5.3042756,9.4194497,42.291748,44.2015119,3.561324,239321.0,6278616.0,74547.88403
Indiana,2006,268.5038068,256.4676165,239.1919131,13.7919968,12.5318662,2.8995498,236.8709325,15.4141004,13.2770372,7.5920859,-11.4427751,0.0,123.1041005,4.5927497,7.986409,42.07628,44.9432513,3.8421688,241687.0,6332669.0,73011.39021
Indiana,2007,267.271861,255.2378547,238.0678743,14.2573216,12.0605085,3.0380263,236.4836532,15.078275,13.059648,7.4393886,-11.4653999,0.0,123.1517231,4.9411144,8.9828996,41.5610572,43.6712164,4.170169,248011.0,6379599.0,74755.70494
Indiana,2008,263.9188613,251.8950972,234.0692179,14.6505515,12.245985,3.2021388,232.6141786,15.1016458,13.2684381,7.4748275,-11.5208906,0.0,123.4752376,5.9954273,9.6598798,39.3925941,40.3423884,4.7428653,241913.0,6424806.0,73799.38099
Indiana,2009,237.7162843,226.07408,207.7002203,14.4317545,12.4819326,3.3935477,210.7811397,11.434924,13.5634989,6.7886097,-11.5274573,0.0,109.9170888,5.6479876,8.82487,34.6451718,38.7950133,5.3146299,227383.0,6459325.0,68898.03802
Indiana,2010,250.0479808,238.2363331,219.9795364,14.364097,12.387406,3.5436879,221.2011999,13.1957004,13.7667509,6.2502801,-11.5100191,0.0,115.206261,5.3131984,8.5968399,37.6195604,40.6543268,5.4311413,241927.0,6489856.0,72786.10599
Indiana,2011,242.3125866,230.6325059,212.6569434,14.4948518,11.959249,3.5987602,213.4891909,13.2043415,13.418586,6.2214421,-11.4851524,0.0,109.6010328,5.216465,8.2088138,36.1894302,40.5853767,5.7069319,247222.0,6516353.0,72303.68528
Indiana,2012,227.4122839,215.9836685,199.3800767,13.8329189,11.0262397,3.6602215,199.755844,13.2557993,12.6155675,4.806,-11.4400373,0.0,99.6835406,4.4852912,6.9972097,35.0370775,39.5306317,6.6633719,297816.1,6537703.0,2771190.0
Indiana,2013,233.7424272,222.2290256,203.8921756,13.0797945,12.927398,3.6898836,203.9724422,13.3591362,14.4385453,4.7664032,-11.4279796,0.0,99.3064043,5.2302144,8.6888575,35.6364134,41.1615332,5.9084789,303966.8,6568713.0,2895955.0
Indiana,2014,239.7057386,228.128126,209.1107244,12.8778879,13.5661106,3.778036,209.675671,13.501877,15.126809,4.0755761,-11.3944371,0.0,104.2221998,5.7382808,9.3730973,34.5529689,41.8394837,6.4910528,313830.9,6593644.0,2933714.0
Indiana,2015,221.7826014,210.4822016,192.0795254,13.1840171,12.6879988,3.8281396,191.365399,13.4751523,14.5624839,4.2837908,-11.3759583,0.0,88.1905228,5.2191901,7.9912247,34.1028257,41.8661202,6.2231953,311850.4,6608422.0,2850526.0
Indiana,2016,216.3023693,205.11138,186.7230441,13.2409691,12.5551045,3.8554867,186.3307884,12.979038,14.591262,4.2614676,-11.3353951,0.0,84.5569258,5.0766642,7.5933694,33.5331079,41.7849505,6.0199119,316545.6,6634304.0,2799511.0
Indiana,2017,210.1991416,199.1284211,181.4891987,12.4395284,12.3550647,3.8349747,180.3098834,12.954688,14.4346807,4.0134733,-11.292458,0.0,80.8905213,5.0527188,7.5140431,33.0768858,40.5141778,5.3184306,322969.3,6658078.0,2701874.0
Indiana,2018,224.8172863,213.5461994,194.4184149,13.5055085,13.0378652,3.8554976,194.4184149,12.9527602,15.1854156,4.5060388,-11.2710869,0.0,90.1781979,5.7739639,8.8629092,35.2422879,40.3385699,5.8874951,332156.8,6695497.0,2837602.0
Iowa,1990,107.2603714,96.8255174,62.4926498,16.7722979,27.6210974,0.2410673,64.0906244,0.6971775,38.7130372,3.2386487,-10.7447782,0.0,27.0950781,2.94881,4.7359291,10.018684,17.58167,0.014362976,63460.0,2781018.0,23835.54929
Iowa,1991,108.7925989,97.6190771,64.5514243,17.3285618,26.664271,0.2399154,66.1749912,0.7283633,38.098927,3.3094108,-11.7019885,0.0,27.9592926,3.241065,5.2216341,10.779596,17.0149029,0.012968146,63818.0,2797613.0,24747.69838
Iowa,1992,106.3231387,96.0779277,63.2972692,16.9062772,25.8688868,0.2473373,64.8362614,0.7616024,36.8706315,3.3693164,-10.5166698,0.0,26.9557396,2.8919662,4.9112457,11.1575934,16.878424,0.010894751,66862.0,2818401.0,24527.73127
Iowa,1993,107.8620172,99.4395847,66.4983166,16.687234,24.3980102,0.2903522,68.6346982,0.6233073,35.3724685,2.9730066,-7.9820283,0.0,28.8530627,3.0519204,5.4772816,11.6008569,17.5279327,0.006597168,66913.0,2836972.0,26131.70956
Iowa,1994,112.5090629,100.2181239,67.8469566,17.1363467,27.0394261,0.3675278,69.7507738,0.7630319,38.3857751,3.0238187,-13.1046351,0.0,28.8400412,2.697891,5.2375344,12.2300959,18.5445489,0.001734113,72503.0,2850746.0,26913.02245
Iowa,1995,116.0672794,106.1846758,71.1177804,17.1443101,27.0983902,0.5317479,73.0979904,0.8368201,38.5449077,2.8862613,-9.7062845,0.0,30.8268748,2.9229346,5.4042301,12.4954248,19.2332211,0.0,74568.0,2867373.0,27867.10364
Iowa,1996,118.2271715,105.2711457,73.5760379,15.9089936,27.6469999,0.6408453,75.6555928,0.8921352,38.0378987,2.9372295,-13.8257544,0.0,30.7824187,3.4645853,6.0516491,12.5394168,20.5639552,0.0,78834.0,2880000.0,28945.06596
Iowa,1997,118.2479354,107.2622704,73.6813209,16.4329933,27.0539275,0.748128,75.2405006,1.1243924,37.7997373,3.0284012,-11.139183,0.0,31.3861358,3.5594155,5.6555285,12.3634419,20.0819592,0.0,96790.0,2891119.0,28607.66882
Iowa,1998,121.68848,109.6447701,75.7807333,17.2580738,27.5803876,0.8027084,77.3059493,1.189633,38.9850772,3.0319205,-12.469847,0.0,34.2998796,3.1033422,4.750426,12.4019335,20.7375313,0.0,97594.0,2902872.0,28845.32603
Iowa,1999,122.5707314,109.374211,76.5480704,17.5359369,27.3750538,0.8911039,78.3004106,1.1350562,39.0212021,3.0537087,-14.0126809,0.0,34.3614379,3.4799979,5.1943326,12.6035784,20.5343561,0.0,100119.0,2917634.0,30120.07184
Iowa,2000,121.9253369,105.1641246,77.2889751,17.629421,25.9439947,0.9437065,79.1398103,1.1192946,37.60539,3.1341445,-18.892828,0.0,36.1637786,3.2743948,5.2225525,12.3024826,20.172982,0.0,105338.0,2929067.0,30032.65451
Iowa,2001,121.3748068,105.304483,75.9399891,17.0739833,27.0928251,0.9989185,77.9550927,1.0467996,38.4985343,2.9351932,-17.9689022,0.0,36.2191305,3.2560343,4.6082057,11.961279,20.0306209,0.0,103211.0,2931997.0,29322.37923
Iowa,2002,123.4124361,106.0160138,76.6590225,17.2086574,28.1732634,1.0382155,78.4793428,1.1155445,39.6756503,3.107283,-19.7104736,0.0,35.8922341,3.362023,4.9416485,11.8406726,20.5795414,0.0,106125.0,2934234.0,30059.59286
Iowa,2003,120.3104258,103.9643172,76.2916777,17.4048931,25.4384863,1.0674273,78.1032283,1.101069,36.9872216,3.2837829,-18.3793665,0.0,36.0562582,3.484839,5.0450075,11.1207135,20.7142619,0.0,110158.0,2941999.0,29933.56977
Iowa,2004,124.5495237,108.5778565,77.7878614,16.8742495,28.3773133,1.0898513,79.5029831,1.1418831,39.5898689,3.3437309,-17.7314316,0.0,36.5287041,3.2072877,4.559594,11.7201317,21.7543002,0.0,117839.0,2953635.0,31350.81919
Iowa,2005,125.2402927,109.0461892,77.8350048,17.6396318,28.3495547,1.1213436,79.5343082,1.1279491,40.2225742,3.4000369,-18.0122372,0.0,35.7854431,3.2090497,4.5398244,11.845346,22.3971519,0.0,119998.0,2964454.0,32189.56192
Iowa,2006,125.7467265,107.9261948,79.1986241,17.6855126,27.4487982,1.1666222,80.6889178,1.2159807,39.5371086,3.1752205,-20.2128749,0.0,36.0697002,3.537021,4.2252251,12.1646994,22.8744952,0.0,121146.0,2982644.0,32923.04602
Iowa,2007,133.5116412,117.2349409,84.4694065,18.6496246,28.8947977,1.2259907,86.173515,1.2123717,41.8067936,3.2101538,-17.8565089,0.0,39.3191009,3.6306447,4.5373027,13.4372508,23.1710123,0.0,126808.0,2999212.0,34919.50772
Iowa,2008,135.6339358,119.9429554,87.4090433,18.5824553,28.0685209,1.3012346,89.3339578,1.1820678,40.930049,3.2377655,-16.9892383,0.0,41.0641872,4.066851,5.1800793,14.4008864,22.2290838,0.0,123680.0,3016734.0,36232.68289
Iowa,2009,129.6215162,115.5777852,82.4676713,18.1810316,27.3722025,1.385115,84.4864254,1.0940982,39.755398,3.5559988,-14.9388308,0.0,37.1646907,4.3194681,4.8398221,14.0495087,21.6917649,0.0,121742.0,3032870.0,36479.78994
Iowa,2010,135.3762285,123.036344,86.8983368,18.8379689,27.9588171,1.4626137,88.9084581,1.181458,40.914088,3.5143614,-12.4295507,0.0,40.7656277,4.1140777,4.5401164,15.2516381,21.6279392,0.0,124011.0,3050321.0,37893.76342
Iowa,2011,133.9479137,119.0622955,84.3733871,18.8314671,29.0006511,1.4896618,86.0669785,1.2559895,41.9905912,3.5716674,-15.9461025,0.0,37.3427826,4.1607213,4.5190393,15.4906697,21.7992658,0.0,126792.0,3064097.0,38116.35128
Iowa,2012,125.8465045,110.194452,79.4077674,19.4141678,25.6766899,1.4954885,80.812652,1.2791763,39.2021153,3.4238896,-17.253675,0.0,34.5364476,3.7784048,3.7086699,15.2192665,20.8532488,0.0,157838.6,3076190.0,1431310.0
Iowa,2013,129.4238782,117.8043448,80.4878946,18.7965047,28.4677154,1.5096124,81.8625597,1.3027429,41.6561551,3.3015747,-11.6406966,0.0,32.3006357,4.4714495,4.7898176,16.0013188,21.2194554,0.0,157902.5,3092997.0,1521719.0
Iowa,2014,131.0005558,121.3214672,81.2032395,17.9291593,29.9024992,1.5514577,82.5546858,1.3277342,42.7202016,2.8661484,-8.9444318,0.0,32.6197774,4.4739698,5.0596781,15.588952,21.8563781,0.0,165641.4,3109350.0,1544671.0
Iowa,2015,127.2928358,117.0251568,75.6733237,18.7884304,30.9886067,1.5786287,76.8027688,1.3318285,44.5874691,2.826723,-9.8670463,0.0,28.5927157,4.1580272,4.2206721,15.66877,21.127731,0.0,170545.9,3120960.0,1497299.0
Iowa,2016,122.8066132,110.110993,73.0771139,19.3458151,28.8088456,1.5917696,73.6351146,1.4974974,42.8470837,2.8247645,-13.3222267,0.0,24.8927434,3.4455373,4.1578394,15.7950741,22.2830792,0.0,169488.8,3131371.0,1527134.0
Iowa,2017,125.2739532,112.7695886,75.8165065,19.4149942,28.4672895,1.5847154,75.7515417,1.7551332,42.5647418,2.8248086,-12.9814768,0.0,25.6722494,3.5002794,4.0862338,17.7416984,21.1605621,0.0,168976.5,3141550.0,1559393.0
Iowa,2018,132.1992107,120.3900373,81.765286,20.0557218,28.7895348,1.5886681,81.765286,1.8156056,43.3798934,2.8440416,-11.8091734,0.0,29.2360019,3.9367169,5.1146011,18.3582786,21.3741484,0.0,172844.7,3148618.0,1616101.0
Kansas,1990,111.546886,102.6517854,68.3301608,21.3861115,19.4338362,0.2272988,68.673193,0.6974977,27.3973821,2.0514665,-9.3803883,0.0,27.9175911,3.1445621,4.1031664,13.6224011,18.0551156,10.8194796,60672.0,2481349.0,26874.2403
Kansas,1991,110.5106012,101.3342941,67.2750317,22.2107774,18.8875324,0.2243051,67.8739384,0.7081035,27.2061869,2.1023433,-9.7549568,0.0,28.0531308,3.3022025,4.3599045,13.2532528,16.935781,11.3845635,61275.0,2498722.0,26736.75141
Kansas,1992,108.2682932,99.5528127,64.2713707,22.5358758,19.7848778,0.2267378,65.6889639,0.5373993,28.0904613,2.2108115,-9.2085149,0.0,25.3691997,3.050258,4.0488344,14.0190824,16.7818502,11.5482146,63062.0,2532394.0,26408.47652
Kansas,1993,117.912442,111.159758,70.9785333,23.5296189,21.2158909,0.2668775,71.676669,0.7491755,29.8569337,2.3130691,-6.5528327,0.0,30.8138367,3.241369,4.7471925,13.9005645,17.0139121,12.0914414,63516.0,2556547.0,27128.27724
Kansas,1994,117.8953446,109.4380488,71.5518056,24.3033102,19.7793523,0.3386434,71.9241514,0.8576422,29.0263377,2.4357725,-8.7162616,0.0,30.8506233,3.0131554,4.2198753,15.5688188,16.1715927,12.0803436,66732.0,2580513.0,27754.43633
Kansas,1995,117.180373,109.9143253,69.3904259,25.9792088,19.989529,0.4896945,70.4421298,0.892637,29.7581489,2.5987268,-7.2168047,0.0,29.7760448,3.1424626,4.4255935,12.5970919,17.9077612,13.4918801,67531.0,2601007.0,26851.53548
Kansas,1996,124.7391706,116.009495,74.1950735,26.4978659,21.7833368,0.5940396,74.9349406,0.9340355,31.8091883,2.7560632,-8.9448822,0.0,34.1814288,3.4311489,5.0400807,12.5594222,17.7950618,13.2263241,70361.0,2614554.0,27613.2683
Kansas,1997,121.8175704,114.0709565,71.0066374,26.8987007,21.9956499,0.6965411,71.9259559,0.9348485,32.219413,2.9488872,-7.7473443,0.0,31.8693811,2.4705855,4.2987424,13.3287942,17.6274415,13.182892,88739.0,2635292.0,27353.48586
Kansas,1998,120.0586748,111.9254174,69.2541967,26.5879731,22.395545,0.7553125,69.9784266,0.9722398,32.720521,2.7534803,-8.2680678,0.0,31.5090584,2.484167,4.3344822,11.8892155,17.6565615,12.7531494,92223.0,2660598.0,27059.1296
Kansas,1999,122.23198,113.6099532,72.0406828,25.6005791,22.1457372,0.8363419,71.8281515,0.995472,32.614055,2.8077751,-8.851149,0.0,33.429445,2.3429269,4.571441,11.8041103,18.5984451,10.7190572,94776.0,2678338.0,27545.40584
Kansas,2000,123.4576591,113.2166852,74.4761366,25.7981767,20.3368264,0.8857613,73.1652269,1.171742,31.5149217,2.9026336,-10.8846192,0.0,36.5176837,2.4758061,4.4335841,11.8121816,17.6285702,9.6403771,97940.0,2693681.0,27721.09729
Kansas,2001,120.4868617,110.6174085,70.2950568,25.4313264,22.3826119,0.9380986,69.5843637,1.0495261,33.7980683,2.110005,-10.4639623,0.0,35.32088,2.3838144,4.2251408,10.8162216,16.451974,9.6797153,99287.0,2702162.0,26429.46776
Kansas,2002,125.2483821,114.757615,75.113133,26.3704523,20.8990889,0.9771836,73.8918257,1.235778,32.5883313,2.4120857,-11.1709836,0.0,38.5835403,2.3833695,4.3644037,11.4684516,16.7025357,10.5136931,100110.0,2713535.0,27325.74113
Kansas,2003,126.254172,116.1943307,76.1043336,26.5624058,20.598419,1.0062963,76.0162945,0.9231344,32.0213733,2.8725769,-10.6069441,0.0,38.4058003,2.3612896,4.3942571,12.0286294,18.2506365,10.7849874,102641.0,2723004.0,28355.64785
Kansas,2004,127.2828404,117.4362138,74.4283542,27.7778964,22.6286979,1.0297017,74.2241975,1.0189385,34.4677917,3.210356,-10.3187868,0.0,37.6673283,2.2726434,4.0600708,11.7124969,17.6786692,11.2195687,102688.0,2734373.0,27867.33044
Kansas,2005,123.3902244,113.5257369,71.3410109,28.1378752,21.8031926,1.0611184,71.2161654,1.0688252,33.8291625,3.25737,-10.4080145,0.0,37.4463388,1.7586107,4.0249232,10.496379,16.536187,11.6147487,104869.0,2745299.0,26462.10122
Kansas,2006,122.8635047,112.3000209,71.4124132,28.9971048,20.378859,1.1052856,71.2802035,1.1363399,32.9460212,3.2779394,-11.304041,0.0,35.5176978,1.6557912,3.4716324,11.5835638,17.4997609,12.2433962,108313.0,2762931.0,27187.01745
Kansas,2007,130.5069318,120.6744353,76.9710574,28.9551573,21.8973886,1.1620903,76.717619,1.1131235,34.3113921,3.3547227,-10.2457249,0.0,38.9659462,1.8106462,3.9044946,13.0323053,17.7721704,12.2691342,113232.0,2783785.0,29281.55591
Kansas,2008,125.6151212,116.1158418,73.0959281,28.6210131,21.479734,1.2360279,72.8569599,1.0599095,34.2774365,3.1403021,-9.9065239,0.0,36.7750194,2.0524318,4.5102205,11.3259913,17.2386343,11.4084163,114122.0,2808076.0,29194.71817
Kansas,2009,124.8370561,116.0758631,71.0879748,28.8844403,22.7137238,1.319684,71.8325492,0.9912903,34.9423954,3.1607536,-8.9832037,0.0,35.7181795,1.9642722,4.4565591,10.2382745,17.7854518,13.0415453,110420.0,2832704.0,28705.64477
Kansas,2010,123.3993926,115.5461026,71.1452971,28.2090091,21.5980561,1.3942814,71.7827991,1.0851208,33.5376152,2.723587,-7.8556669,0.0,35.8068134,1.9188033,4.1825857,10.4680583,17.5358194,13.4839568,113324.0,2858837.0,29439.91006
Kansas,2011,120.8667095,111.8649103,69.4827903,29.9006288,19.4130109,1.4182425,70.7648379,1.1080826,32.1216243,2.6958302,-9.3564221,0.0,34.6038556,1.9041864,4.0568451,10.4820706,17.0304115,15.1919798,116907.0,2870386.0,29294.4581
Kansas,2012,114.7948413,105.5217687,65.1485988,29.4747672,18.4360537,1.4267537,66.3305338,1.1312038,31.1577713,2.6261217,-9.8044923,0.0,31.0085218,1.5853401,3.1559401,10.7200405,16.8366217,14.7764535,140764.1,2885257.0,1073796.0
Kansas,2013,120.2976945,112.8515356,68.6582276,28.9710391,20.551965,1.4351571,69.6032552,1.1555357,32.5567953,2.887495,-7.3920591,0.0,32.3396237,1.965687,4.1566167,10.5642183,17.8210913,14.7157677,140355.8,2893212.0,1102456.0
Kansas,2014,120.4938814,114.0074136,68.9913556,28.8963487,20.3869525,1.4712255,69.8267395,1.1834683,32.4042662,2.8602941,-6.1708652,0.0,31.0110341,2.1809483,4.3995045,10.5805682,18.7896682,14.6586913,144131.5,2900475.0,1134923.0
Kansas,2015,115.3560833,108.6590049,63.714935,29.1724503,20.910996,1.4962096,64.538698,1.1951332,33.3607329,2.8423004,-6.5259826,0.0,26.7129533,2.4526949,3.7059971,11.028609,17.406514,14.2660928,147929.8,2909011.0,1104572.0
Kansas,2016,113.3032407,105.5129397,61.6596311,29.4463206,20.9215621,1.5041626,62.4628355,1.1372277,33.9563364,2.8260669,-7.9483748,0.0,25.1230776,2.3204431,3.3590157,11.4922658,16.9893771,13.5402586,152511.5,2910844.0,1092203.0
Kansas,2017,109.033671,101.4556072,58.4271392,29.4246718,20.2416731,1.4905793,59.064907,1.159047,33.7141119,2.6051599,-7.7520559,0.0,21.6673989,2.3354493,3.3568293,11.7888955,16.5204863,13.0910473,154456.6,2908718.0,1075137.0
Kansas,2018,113.373514,106.1664008,62.3375717,28.7435986,20.8001069,1.4922368,62.3375717,1.2329021,34.2420318,2.2490993,-7.2071132,0.0,23.1314274,2.5673898,4.211761,12.0020256,17.4868908,12.4803184,158192.7,2911359.0,1134492.0
Kentucky,1990,150.9412342,124.5636025,117.721213,24.8969481,7.4385042,2.3195608,125.9969169,2.5153204,9.9183248,8.1287034,-26.6237779,0.0,68.4419622,2.5447965,4.0680373,18.6734332,24.9842588,15.0918701,78206.0,3694048.0,36862.01713
Kentucky,1991,150.5270265,124.0996372,117.6297155,24.5050261,7.3726501,2.3461594,125.6067334,2.4955097,9.8913363,8.2254094,-26.6939581,0.0,69.6245028,2.6832351,4.365715,17.1787691,25.0557312,14.0731155,78908.0,3722328.0,37472.65328
Kentucky,1992,155.0330041,128.7836748,121.1664573,25.2339251,7.5878274,2.4007114,129.6119072,2.5045732,10.089653,8.3115941,-26.3564722,0.0,70.7002069,2.871003,4.5420772,18.1395786,26.2664457,14.6727476,83288.0,3765469.0,39032.9859
Kentucky,1993,167.5197372,138.3338115,131.6321145,26.3925069,8.1045481,2.4337738,140.6541118,2.6828506,10.5827905,8.484542,-29.4437561,0.0,79.153447,2.9320177,4.8713957,18.7891684,27.4674244,15.9045786,85810.0,3812206.0,40043.66535
Kentucky,1994,164.8106136,134.9817495,130.1230262,25.7594638,7.4148242,2.5869825,138.8825181,3.2550279,9.9241659,7.1367983,-30.2751108,0.0,77.5566733,3.0469883,4.6263261,18.6650086,27.258524,16.4291559,91063.0,3849088.0,41220.3092
Kentucky,1995,170.5007014,141.2704189,135.120858,25.4124368,7.7399023,3.090999,143.7201444,3.4022069,10.2718216,7.2113215,-29.410653,0.0,80.008418,3.0328193,4.8765535,20.048397,28.2948175,15.7262131,94259.0,3887427.0,42944.03588
Kentucky,1996,171.7777296,141.9846385,136.4937399,24.4802955,7.9643048,3.469452,144.5247148,3.6199344,10.4227902,7.2768775,-30.0342117,0.0,82.4218812,3.0977044,5.0983498,20.5224457,26.7235657,14.4682247,97781.0,3919535.0,43396.67069
Kentucky,1997,178.9412595,149.5461326,143.0046203,25.2317707,7.597984,3.7716823,149.3699603,6.214467,9.8657979,7.3160557,-29.36295,0.0,85.4440996,3.2900265,4.9003192,19.6205572,28.8105535,15.8366849,123864.0,3952747.0,43617.77178
Kentucky,1998,176.4021664,147.1134656,140.9283283,24.4750009,7.6925485,3.9053088,146.9581694,6.411893,9.8325091,7.002636,-29.3106448,0.0,85.1134546,2.7976943,4.1039403,19.0074776,28.8262983,15.5038422,127226.0,3985390.0,42566.99981
Kentucky,1999,179.5886021,150.2271605,145.1128815,23.254294,7.0645353,4.3774299,150.9419358,6.4806487,9.1301813,6.4213303,-29.3049611,0.0,87.6171739,3.3258492,4.5533166,18.9159156,29.7456069,14.8299958,131187.0,4018053.0,44757.67465
Kentucky,2000,179.5542724,149.6297594,145.4837886,22.4002881,7.1426132,4.4711659,151.1546225,6.4099892,8.9668032,6.419462,-29.9662741,0.0,89.2916039,3.0625907,4.5795406,17.9824941,29.8028843,14.3419965,128522.0,4049021.0,44537.20355
Kentucky,2001,185.0022328,155.3534379,148.8644271,24.700817,7.5223726,4.307878,154.8130623,6.1356082,9.510995,8.9028422,-29.487363,0.0,90.3258266,2.8815073,3.8827007,20.8940486,30.1339015,14.6530886,128665.0,4068132.0,45304.85827
Kentucky,2002,185.2795844,155.5855163,149.5776946,24.3073489,7.2184582,4.542061,154.7229346,6.620105,9.3954781,8.9161847,-29.5325364,0.0,90.0296184,2.9462041,3.9859228,20.3109337,31.0108917,13.9657157,132016.0,4089875.0,49119.99866
Kentucky,2003,181.3338379,152.230825,145.9307751,23.4234627,7.6510677,4.6256281,150.3426073,6.7880188,10.0565005,8.431163,-28.9520578,0.0,88.10809,2.8615837,4.2483079,19.5687692,29.6648841,12.9356155,133652.0,4117170.0,47454.735
Kentucky,2004,188.6011897,159.599258,152.6023662,23.5476615,7.676012,4.742804,156.873555,6.9771395,10.0857606,8.7204201,-28.6259963,0.0,89.9386999,2.9503846,3.9138438,21.8293982,32.0995508,12.9489709,135963.0,4146101.0,49458.45418
Kentucky,2005,189.7494651,160.8430924,154.3390952,23.4067452,7.0810223,4.8426708,158.4237993,7.0042542,9.5361158,8.9346654,-28.4811417,0.0,93.1465234,2.9427762,3.8742185,21.5845199,31.1528366,12.5554646,138772.0,4182742.0,50135.46602
Kentucky,2006,194.1808227,164.9683673,157.0720058,25.1032906,7.3891273,4.9920171,162.1879762,7.1486852,9.9757797,8.5577762,-28.7135569,0.0,96.0872203,2.3798041,3.2425381,22.7612594,30.923126,15.1061424,141782.0,4219239.0,49926.71273
Kentucky,2007,194.0215596,165.3802285,156.9123518,25.5913547,7.0134989,5.2139323,161.9398664,7.2890889,9.9814729,8.4627736,-28.0483283,0.0,95.3008434,2.4221282,3.4775442,21.766873,32.0564273,15.1790731,141240.0,4256672.0,51751.51491
Kentucky,2008,191.6433502,163.3813902,154.1022993,26.2736051,7.0533599,5.4735332,159.7298923,7.2329326,9.9735751,8.5052885,-27.6713372,0.0,95.9927711,2.4696886,3.7157954,21.0986721,29.2937195,16.349875,140681.0,4289878.0,50894.95608
Kentucky,2009,181.5298321,153.9366717,143.5230635,27.3965032,7.2953093,5.786031,151.2851643,5.9715736,10.1227557,8.3578301,-27.1758068,0.0,87.9101223,2.2765003,3.6543665,19.3975376,29.6294349,18.4329302,135180.0,4317074.0,48895.44523
Kentucky,2010,188.4455367,161.1799425,150.5805039,27.122766,6.7674827,6.1305131,157.3735874,7.2861219,9.5586122,7.9213163,-26.5941798,0.0,95.0285426,2.2866644,3.7220715,18.1275621,30.0305825,18.6459022,141977.0,4346655.0,50089.1492
Kentucky,2011,185.1620533,157.4701201,148.8543071,24.6210917,6.9106212,6.2062052,153.9408872,7.6902238,9.577463,7.7315521,-27.1879223,0.0,94.4602912,2.2331537,3.5055312,17.4676307,29.4417929,15.8888764,144779.0,4366814.0,48165.86707
Kentucky,2012,172.8061922,145.2959747,139.2176618,21.9308397,6.5127583,6.4288755,142.476701,8.185175,9.1920006,7.0888662,-27.3276418,0.0,87.3280089,1.9843431,2.8097064,16.5489721,28.0827446,13.2239149,176323.1,4386346.0,1880400.0
Kentucky,2013,174.6426408,148.1232916,138.9258782,22.7849699,7.925883,6.4929712,142.3443271,8.3136073,10.7574651,7.2230469,-26.1131774,0.0,86.9183924,2.3182368,3.468572,15.9998945,27.6790196,13.7908114,179499.1,4404659.0,1823445.0
Kentucky,2014,175.7936383,149.8765208,139.9454948,23.1159169,7.7417107,6.6020461,143.5602416,8.5983464,10.3653103,7.2637397,-25.3740533,0.0,87.3071919,2.4698845,3.7475233,15.1730719,28.4493058,14.7288973,179888.5,4414349.0,1772850.0
Kentucky,2015,165.8905391,140.201093,131.707724,21.405425,7.7009305,6.672269,134.1978042,8.5384919,10.4313373,7.1984379,-25.38984,0.0,77.4806097,2.4898567,3.2149188,15.8696646,29.2134551,12.5613422,182487.9,4425976.0,1729122.0
Kentucky,2016,159.5226921,133.5744443,127.3899659,19.5725391,7.1689596,6.7068169,129.3879714,8.1241978,10.0897686,6.2493061,-25.8751803,0.0,73.3831253,2.6229188,2.8804491,15.6743474,29.5333128,10.7727759,183454.9,4438182.0,1704658.0
Kentucky,2017,146.9330336,121.5106438,117.4994404,16.3022316,7.2573075,6.6771802,117.4979466,8.0211639,10.1720566,6.1991275,-25.6179886,0.0,64.0267291,2.3962804,2.7109649,14.8597762,29.7636415,6.6151192,184600.8,4452268.0,1658980.0
Kentucky,2018,152.4890469,127.2805479,123.4398281,15.0753666,7.2837537,6.6900984,123.4398281,8.039165,10.1509557,4.7854809,-25.2084989,0.0,67.1283428,2.7662679,3.2627725,15.1969496,31.3605737,6.4956603,187507.4,4461153.0,1743944.0
Louisiana,1990,210.2033898,192.4243097,176.1181218,28.4220468,9.471636,0.6265746,178.8929389,11.0263099,12.2900606,4.7908006,-18.5008919,0.0,34.8177548,1.8402537,3.140662,90.4945365,32.1706927,22.6040756,110272.0,4221532.0,97227.83111
Louisiana,1991,208.4712617,190.5111344,175.6120384,27.2900378,8.5023265,0.6028521,177.9486515,11.0210319,11.1460745,4.9082866,-18.7314194,0.091200764,34.8941966,1.8694749,3.2365856,87.8906781,33.7058977,21.4084736,110055.0,4253279.0,96944.26026
Louisiana,1992,216.1572729,198.4705807,182.5610783,27.533327,8.6205145,0.6274637,184.3276635,11.5124086,11.8514659,5.002865,-18.5652769,0.111875252,36.301593,1.8889476,3.3065589,93.003512,33.7477472,20.420287,102935.0,4293003.0,99939.65841
Louisiana,1993,220.3435759,203.8064419,185.9186625,28.0323081,9.0641395,0.6928704,188.416007,10.9099897,11.6176504,5.4512596,-17.5100947,0.084959079,38.0714177,1.7221711,3.3066424,95.2486314,33.7080114,21.7240352,105296.0,4316428.0,101687.8287
Louisiana,1994,225.3044274,207.7572632,191.3693968,26.8268121,8.4287068,0.8286326,193.0795479,11.8390114,11.4598203,4.7039049,-18.4988898,0.087498039,39.3956315,1.6793218,3.1103604,97.3038343,35.4218469,19.6893031,114156.0,4347481.0,105079.969
Louisiana,1995,225.3106166,208.4147863,191.0523116,26.8580761,8.5944065,1.1192903,193.3594265,11.6646073,11.3307357,4.5303677,-17.888387,0.083007207,40.2532181,1.4481192,3.0616112,96.8532657,35.4469902,20.4289608,120333.0,4378779.0,106080.6694
Louisiana,1996,231.6044836,213.3840965,195.8041022,28.0521972,9.2852277,1.3114195,198.6240563,12.1009935,11.707124,4.7274563,-19.1615478,0.061043127,35.9175083,1.5164896,3.3508011,100.0682872,38.837378,22.6776368,121489.0,4398877.0,110590.6377
Louisiana,1997,240.2649273,222.0966475,203.7456768,28.3571303,8.9954663,1.4890773,205.7857295,13.671629,11.7355767,4.8140166,-19.1931327,0.061297876,39.7252746,1.7016624,3.3998094,105.8026523,37.1468746,22.4928444,165519.0,4421071.0,113310.6297
Louisiana,1998,227.8954065,208.7832955,191.429936,30.3683928,8.6075727,1.5684572,194.1357894,14.0059225,11.6378948,4.8984789,-19.9618916,0.065627047,41.3839312,1.5665924,3.0142438,94.1508536,36.3836102,24.5852661,172863.0,4440344.0,106525.8955
Louisiana,1999,225.6452176,205.618482,189.9026355,29.1475311,8.4347047,1.7277665,192.6142493,13.2953806,11.4276495,4.7853139,-20.7838682,0.05479655,41.3881326,1.7040732,2.9168631,93.1702965,36.2843911,23.3815822,174152.0,4460811.0,106519.3688
Louisiana,2000,236.7091491,215.2455288,201.4212656,27.0401832,7.932991,1.8209566,204.0868054,12.4301407,10.1280537,4.9271184,-22.2203137,0.04997898,42.8059048,2.487259,3.2854863,98.0029288,39.8877476,21.6628012,168033.0,4471885.0,114673.6496
Louisiana,2001,214.2199989,192.1486993,180.1375793,27.5148732,8.082448,1.8878651,183.4554499,10.7077708,10.7396529,5.3450179,-22.5759597,0.046561293,39.4257332,1.9123423,3.1081703,88.3398854,35.0461898,19.9734463,171593.0,4477875.0,101034.8068
Louisiana,2002,221.0724685,198.1392826,186.574395,27.2953386,8.0612915,1.9630805,189.5356478,11.3913383,10.6729908,5.2990195,-23.4398084,0.043944416,41.5797626,1.8742653,2.9368972,91.5725855,35.8631893,19.8571772,173671.0,4497267.0,104453.3311
Louisiana,2003,215.9382127,192.6238364,182.4846124,25.7745466,8.0843791,2.0056139,185.7767509,10.3992053,10.2238844,4.9407207,-23.7273712,0.020342926,39.1131587,2.3333966,2.7913153,90.1448671,35.6696504,19.244309,181447.0,4521042.0,100455.8717
Louisiana,2004,223.6912895,199.7928263,188.5183675,28.0306821,8.1951214,2.0493833,192.2405056,10.8633582,10.9255334,5.0251125,-24.3260411,0.000490587,40.9924394,2.0789727,2.5279532,95.5777646,34.9565644,20.8853396,190332.0,4552238.0,105530.361
Louisiana,2005,215.5531618,190.7847444,181.9530136,26.4451804,7.7134383,2.0854065,185.3305827,10.0233092,10.6477015,4.9624956,-25.0790871,0.021292531,42.899607,1.9786504,2.4803024,90.4041362,33.197542,19.0392404,196917.0,4576628.0,101497.5719
Louisiana,2006,221.2362756,195.3318113,188.4304363,24.3974596,7.405737,2.0404067,191.5347283,9.8436988,9.2628954,5.0517759,-26.1990342,0.032149938,37.8877698,1.4098804,2.0486934,98.2538659,35.6042909,18.5417742,192428.0,4302665.0,106664.6696
Louisiana,2007,218.6138843,192.4036488,185.0053673,25.5091254,8.0121105,2.1904046,187.9930444,10.4935125,10.2251736,5.316497,-26.4657918,0.039322506,38.1767951,2.565945,2.1699274,97.0018712,32.7437017,19.1185103,186655.0,4375581.0,108070.3524
Louisiana,2008,213.4658743,186.6248247,179.479423,26.8874828,7.9378757,2.3467721,182.668349,10.2121677,10.9809054,5.6695379,-27.0007443,0.033277861,39.9055765,1.5290652,2.2219947,93.8574967,30.7683863,19.1410781,184046.0,4435586.0,101861.9074
Louisiana,2009,205.501316,178.2198587,172.1727169,26.6614213,7.7302105,2.5120995,175.3662031,9.9216414,10.9476664,5.7995199,-27.3353978,0.030810468,37.7787889,1.9304891,2.2058726,89.2337033,30.1968746,18.466674,189853.0,4491648.0,95218.26562
Louisiana,2010,223.5775177,196.2084391,188.9976914,26.1035617,8.0133815,2.6488982,191.7505326,10.9705257,11.5369447,4.9194703,-27.5828617,0.029712549,42.5290751,1.8831693,2.6544745,98.5471233,31.86596,18.5518769,200944.0,4544125.0,102948.2863
Louisiana,2011,227.5599776,198.7492246,193.4268565,25.1493503,7.4677137,2.7037751,195.8517994,11.9292887,10.2146241,4.825869,-28.9586109,0.025105359,46.2914363,1.8313514,2.3025409,99.4931803,31.895175,19.2933129,195640.0,4574766.0,102192.2234
Louisiana,2012,218.7137539,188.7971286,185.7189111,24.0616977,7.4582847,2.7122652,188.4349294,10.476941,10.1395695,4.8268036,-29.9062567,0.024088261,43.0411792,1.7943414,1.8259202,99.4363832,29.2439951,17.2130421,233481.2,4600972.0,4070233.0
Louisiana,2013,214.9761816,185.8569056,181.5857008,24.5566067,8.1741645,2.7347931,184.2240812,10.6498929,10.8703411,5.1399985,-29.1290308,0.024088261,40.8891645,1.7443815,2.2156644,96.5273954,29.410398,17.6941763,226345.4,4624527.0,3994009.0
Louisiana,2014,211.4008724,182.4882533,178.1675018,24.5380457,8.2496993,2.8140105,180.6384273,10.8290523,11.2772484,4.9891615,-28.9035394,0.024088261,39.3811497,1.9260568,2.5618117,95.075526,28.5392505,17.4187084,232746.2,4644013.0,4031437.0
Louisiana,2015,213.6473004,184.3051301,181.151311,23.7323881,7.2862022,2.8596735,183.2925144,11.0277656,10.2058752,5.0126135,-29.3243988,0.024088261,39.3150143,2.1095756,2.1096869,94.9309589,31.0530402,16.7224626,230434.0,4664628.0,4043655.0
Louisiana,2016,218.336745,188.0868159,185.810117,23.6508091,6.7993777,2.8814927,186.9101574,12.8009835,9.7653382,5.1847202,-30.2132551,0.024088261,36.2505562,2.0939654,1.802906,100.6814148,31.4415406,16.4042963,225361.8,4678135.0,4159788.0
Louisiana,2017,223.0138594,192.6168492,190.2674087,23.1954319,7.0359542,2.8546988,190.9960088,13.2268791,9.7834276,5.2297729,-30.3934165,0.024088261,33.429422,2.0745591,1.6770754,103.6049258,34.1811448,16.0625335,228819.3,4670560.0,4363128.0
Louisiana,2018,223.6235679,193.1968904,191.1269938,22.7016361,6.9474396,2.8474984,191.1269938,14.1969778,10.1626543,4.6993885,-30.4266776,0.024088261,33.8907005,2.3934894,2.1508912,106.078171,31.6044508,15.6139505,235021.9,4659690.0,4403154.0
Maine,1990,21.1170578,697.6040314,18.4946253,1.2976609,1.0480319,0.203491,18.5528106,0.4219515,0.660266,1.236803,-10.848978,0.0,2.011836,2.0857176,2.5982238,3.1121089,8.1581908,0.0,27644.0,1231719.0,11523.08626
Maine,1991,20.6670043,664.0742109,18.0402049,1.3283967,1.0665863,0.1970431,18.1067457,0.4160379,0.6509619,1.3150724,-10.9399163,2.29e-05,1.643683,2.0658694,2.6028535,3.6580489,7.5120893,0.0,26836.0,1237081.0,11595.00586
Maine,1992,21.570483,717.2025265,18.8633113,1.3426063,1.1006894,0.2041337,18.9101457,0.4458419,0.6401529,1.3637827,-11.0023113,0.000115389,1.6214552,1.6756555,2.6212147,4.8642358,7.4251332,0.0,27176.0,1238508.0,12099.0478
Maine,1993,21.3024922,719.5916071,18.5294599,1.3736446,1.1350419,0.2473262,18.4932855,0.499524,0.6785032,1.4258243,-10.6705655,0.000104111,1.3051999,1.6557467,2.7227696,4.5942117,7.5170066,0.0,27337.0,1242302.0,12228.97682
Maine,1994,22.6255164,793.9531759,19.7743956,1.3841943,1.0975369,0.2941921,19.7907092,0.4925197,0.6331731,1.4977946,-10.8210807,5.74e-05,1.2003837,1.6888288,2.7853323,5.6885993,7.6424087,0.0,28058.0,1242662.0,12251.22805
Maine,1995,21.4696293,702.0777675,18.5948902,1.3200087,1.1189554,0.4097254,18.5613382,0.5629171,0.634029,1.4399208,-11.1539394,3.72e-06,1.2103265,1.4282164,3.4182653,4.4822411,7.2630127,0.0,28769.0,1243480.0,11751.29364
Maine,1996,22.0524008,712.0350954,19.0425138,1.3461241,1.1611264,0.4854158,19.050525,0.5688662,0.6822271,1.5002667,-11.613967,0.000184054,1.0733206,1.5742297,3.5168737,4.6026938,7.4984128,0.0,29627.0,1249060.0,12132.84043
Maine,1997,22.4877903,718.4443828,19.3443182,1.3472043,1.2396696,0.5516573,19.2818148,0.6247177,0.7504418,1.5693294,-11.9752739,0.000171217,1.694664,1.543358,3.3943677,4.0683877,7.8518028,0.0,37227.0,1254774.0,12176.25931
Maine,1998,22.2562694,679.4429109,19.1357032,1.2377079,1.2674457,0.5842882,18.9311301,0.6579387,0.8048629,1.6210427,-12.397797,0.000433213,1.8785292,1.599294,3.6557248,3.4154788,7.6732781,0.0,38499.0,1259127.0,11433.70336
Maine,1999,23.2595176,718.1047792,20.0657365,1.2666545,1.2744296,0.5915647,19.8756025,0.6650592,0.7950461,1.6653824,-12.8197481,0.002127329,3.1523446,1.4864903,3.4817764,3.1877797,7.9083857,0.0,40105.0,1266808.0,11450.83908
Maine,2000,24.9915677,797.2114269,21.8545077,1.2664842,1.1294465,0.5559212,21.6778878,0.6410624,0.6572693,1.7254444,-13.3326313,0.002926648,3.3895744,1.7669892,3.3762878,3.9944248,8.4386755,0.0,41715.0,1277072.0,12355.07551
Maine,2001,25.3005272,792.4816306,22.0223786,1.4973113,1.1584477,0.5311093,21.7983134,0.6313688,0.7129281,2.11536,-13.7486539,0.002433972,5.5124826,1.4861696,3.3551485,3.2620025,7.5624476,0.0,42570.0,1285692.0,11218.97777
Maine,2002,26.6252372,849.2042273,23.4231968,1.2928248,1.1375444,0.5191538,23.1822946,0.6283837,0.7471406,1.790637,-14.208263,0.005021182,5.6862326,1.6894793,3.0175837,3.622422,8.546873,0.0,43636.0,1295960.0,11251.28363
Maine,2003,26.1475751,795.5975532,23.088301,1.0708491,1.1140457,0.5406045,22.916824,0.6106213,0.7590362,1.3554431,-14.612742,0.002144796,4.599821,2.1576869,4.1287654,2.2598801,9.1005526,0.0,44224.0,1306513.0,11350.31796
Maine,2004,26.5207864,794.5501176,23.4100071,1.0946594,1.1253485,0.5562069,23.2385945,0.6376618,0.7945983,1.2481244,-15.0333973,0.000284614,4.3748375,2.0294016,4.4850606,3.1429525,8.441331,0.0,45797.0,1313688.0,11653.89727
Maine,2005,25.7214122,712.5603611,22.5356936,1.2176216,1.167809,0.572168,22.3457291,0.6477954,0.8521269,1.3932705,-15.5838459,0.001901947,3.7064651,1.9566453,4.0233504,2.9113263,9.0375906,0.0,45520.0,1318787.0,11673.25055
Maine,2006,23.9686148,569.1044311,20.8279266,1.2479431,1.1654743,0.5971882,20.5480254,0.6613721,0.8969331,1.5087009,-16.1616243,0.003373125,2.6468779,1.6889096,3.4887818,3.0286289,9.0269796,0.0,46076.0,1323619.0,11382.52302
Maine,2007,23.7026215,522.9706429,20.5184409,1.3087383,1.1633291,0.6261309,20.255425,0.6859332,0.9227553,1.4273312,-16.6714562,0.005107446,2.5353396,2.0259122,3.3403643,3.0821627,8.6109803,0.0,46168.0,1327040.0,11396.48359
Maine,2008,21.6806836,365.0871974,18.6420662,1.2000423,1.1311629,0.6629291,18.5119112,0.6468079,0.9271165,1.082742,-17.2051731,0.005303985,2.4828762,2.0314619,2.7160708,2.9600028,7.7429342,0.0,45572.0,1330509.0,11535.61045
Maine,2009,20.5326516,262.8410949,17.7196938,1.0500167,0.9618691,0.703557,17.8134284,0.5520277,0.8508813,0.6593305,-17.7244732,0.004231267,2.3109992,1.70324,2.6146375,2.5967599,8.0481165,0.0,44770.0,1329590.0,10407.40018
Maine,2010,20.2467335,231.7248682,17.5063973,1.0772015,0.8211145,0.738746,17.5653919,0.5847985,0.7235836,0.6821129,-17.9516649,0.004250186,2.5186271,1.605251,2.3862484,2.5247835,8.0250767,0.0,45564.0,1327585.0,10445.85474
Maine,2011,19.5898076,171.662827,16.9962145,1.0781698,0.6512692,0.7483491,17.0441839,0.5797162,0.5913279,0.6854332,-18.2756172,0.003598908,2.0368188,1.7339137,2.4393653,2.4243423,7.8984286,0.0,45763.0,1328544.0,10395.15319
Maine,2012,17.9119203,49.8664011,15.4304601,1.0381346,0.6304936,0.7511157,15.394367,0.5932148,0.5960305,0.6886499,-18.5585237,0.002994003,1.7029016,1.4792851,2.0122055,2.2341915,7.51837,0.0,52866.6,1327729.0,403934.0
Maine,2013,18.6260832,84.6508264,16.0713036,1.091832,0.6411061,0.755048,16.1294547,0.5598638,0.6159211,0.6957648,-18.7322421,0.002994003,1.4163845,1.5138232,2.1782507,2.2043471,8.3425899,0.0,52456.3,1328009.0,416296.0
Maine,2014,18.6528595,73.2907505,16.1389156,1.072088,0.5781662,0.7731306,16.1746622,0.5707972,0.5594223,0.7057543,-18.9573542,0.002994003,1.6298542,1.6037388,2.3135734,1.7841483,8.3846143,0.0,53445.1,1330513.0,416969.0
Maine,2015,18.8717705,93.6919783,16.2654755,1.1948769,0.585195,0.7851244,16.4229015,0.5460297,0.5699826,0.7123208,-18.8425011,0.002994003,1.5620783,1.6758137,2.7784721,1.5473829,8.3650612,0.0,53879.3,1328262.0,426166.0
Maine,2016,18.2718908,60.1036928,15.7914254,1.0836437,0.5300526,0.7889443,15.9788299,0.4824517,0.5508477,0.7210153,-18.7720164,0.002994003,1.4704152,1.526054,2.6502303,1.3803095,8.4843736,0.0,55088.1,1331317.0,395266.0
Maine,2017,17.5187238,20.4867069,15.0784541,1.096085,0.5188722,0.7840354,15.1525676,0.5314725,0.5551428,0.7246381,-18.6394338,0.002994003,1.0335989,1.5998658,2.6771424,1.3312856,8.0408287,0.0,55964.7,1334612.0,391739.0
Maine,2018,17.0379306,-1.4591441,14.5933406,1.1354046,0.5215484,0.787637,14.5933406,0.579599,0.5576111,0.7254625,-18.4970747,0.002994003,1.0657309,1.6414516,2.8105208,1.4785461,7.1097935,0.0,57302.7,1339057.0,395251.0
Maryland,1990,83.0188747,73.9702892,74.6350819,4.2660489,3.5617167,0.6334043,76.5504904,0.9281282,2.1519758,3.2641136,-9.2560334,0.0,26.602134,2.8371162,6.070297,11.2551486,26.5637576,2.3293417,136165.0,4799770.0,31977.45708
Maryland,1991,81.8005474,72.7933221,73.2984285,4.2564522,3.6612608,0.643176,75.3867165,0.9231336,2.1873718,3.173101,-9.243842,0.003178121,26.2090469,3.4105792,6.1315743,9.4947715,27.0466172,2.4154828,133662.0,4867641.0,31885.27703
Maryland,1992,79.7887846,70.8663065,71.1756204,4.2331293,3.754168,0.6561682,73.3325416,0.8798958,2.1998312,3.1994892,-9.194964,0.002841189,25.4456802,3.8903517,6.5786312,6.8562496,27.7285063,2.0955798,134748.0,4923368.0,31578.82497
Maryland,1993,82.0848963,73.2253369,73.3957311,4.2068475,3.8467396,0.7085839,75.6612246,0.7982245,2.2196402,3.3331001,-9.0403599,0.001918654,27.7524565,3.7748828,6.9533122,6.7840593,27.5942133,1.0121715,137003.0,4971889.0,32824.69207
Maryland,1994,83.3011661,74.4259749,74.681016,4.1263035,3.7804251,0.8201355,76.9158974,0.8927313,2.0999586,3.310373,-9.0235085,0.002232218,28.5535091,4.1356709,6.8984856,6.8640002,27.5883466,1.0297164,142086.0,5023060.0,33008.97657
Maryland,1995,83.1048821,74.458679,74.1795461,4.1163847,3.7744544,1.1104991,76.482302,1.0610925,2.0823598,3.2437344,-8.7306734,0.002562225,27.6156832,4.6266299,6.7893134,6.6043841,28.000164,1.0180548,144424.0,5070033.0,33419.88088
Maryland,1996,85.7619227,77.0900995,76.7561134,3.8868564,3.9737512,1.3169221,78.8081782,1.3263842,2.1874136,3.071078,-8.6818942,0.002617088,28.1205307,4.1400684,7.6325027,7.2003949,28.7507906,1.092625,147889.0,5111986.0,34395.53291
Maryland,1997,86.8390486,78.2787835,77.9950464,3.8221873,3.7101986,1.5011721,78.9542484,1.8680862,1.9573355,3.1616946,-8.5062571,0.005376876,28.146581,4.0770079,6.9015551,7.4007774,29.5188844,1.1208367,186425.0,5157328.0,34340.19464
Maryland,1998,89.3993993,80.7670985,80.9132552,3.5629782,3.6106494,1.6135231,81.8442111,1.9130341,1.8572989,3.0316637,-8.5202282,0.004719837,30.8827249,4.526169,6.1257875,7.0177524,30.3550244,1.0538738,193969.0,5204464.0,34429.17435
Maryland,1999,92.1586034,83.464119,83.5266583,3.5411803,3.6538305,1.7755625,84.5948901,1.9236889,1.927655,3.0319971,-8.5134354,0.002734508,31.9760488,4.3667616,6.5170158,6.9412312,31.8235808,0.9479946,202216.0,5254509.0,35395.52773
Maryland,2000,92.1171063,83.3407291,83.1984388,3.4540242,3.9489856,1.8717544,84.2168753,2.0034773,2.1821583,2.9233741,-8.6206677,0.001879576,31.0870619,4.5308779,7.0340235,6.5760298,31.9757203,1.3531157,209712.0,5311034.0,36379.19323
Maryland,2001,92.9097753,84.1511787,83.9774168,3.6057967,3.700648,1.9406875,84.8566027,1.9786261,2.0007728,3.2368527,-8.5711705,0.000577551,30.4175852,4.6758296,6.3216917,8.2426724,32.0877952,1.3854158,218594.0,5374691.0,36142.3928
Maryland,2002,93.1131274,84.3313219,84.3414374,3.7283041,3.2478825,2.0613081,84.7659318,2.1609632,1.7511548,3.3993455,-8.5944599,0.0,30.7971075,4.6888788,6.5796422,8.0172716,31.5207444,1.6206171,225324.0,5440389.0,38292.69792
Maryland,2003,95.9328547,87.1330816,87.0250146,3.7520356,3.3150671,2.1400695,87.5645345,2.1562922,1.8502692,3.4060885,-8.5307069,0.000110331,31.6930631,5.1304404,7.249023,7.6697963,32.56489,1.5812477,230719.0,5496269.0,39554.16356
Maryland,2004,97.8818824,89.0512758,88.8627022,3.6939335,3.4812509,2.1903915,88.952722,2.3885668,2.0400748,3.3408349,-8.5106589,0.000145612,30.90745,4.9898258,6.963282,8.6162654,34.193066,1.6556677,239617.0,5546935.0,39162.83932
Maryland,2005,99.1182928,90.2383386,90.3879097,3.731081,3.0930257,2.2540022,90.5936107,2.3397486,1.8180968,3.363431,-8.5366634,0.0,32.2050636,4.8183091,6.9855581,8.2163192,35.0916066,1.6912066,247241.0,5592379.0,39871.17424
Maryland,2006,92.1300499,83.3488442,83.2675919,3.8819918,2.8155048,2.3357809,83.1963886,2.4058044,1.7061953,3.4619102,-8.6245485,0.000313891,29.4531388,4.4036126,5.7446652,5.9354964,34.880179,1.746023,251229.0,5627367.0,37138.58249
Maryland,2007,92.380987,83.6471817,83.709513,3.7663529,2.6515217,2.4513059,83.3613071,2.5218212,1.6497153,3.4126558,-8.5546896,0.000223007,30.2542119,4.4971547,6.3235386,5.4222342,34.1247345,1.0723543,255351.0,5653408.0,38098.00599
Maryland,2008,87.7152618,79.1041462,78.9575444,3.7074099,2.585163,2.5859553,79.3080204,2.1521607,1.6709561,3.3832474,-8.5388537,0.000191046,27.9531365,4.5084247,6.1757528,5.2713165,32.7397158,1.3184769,258729.0,5684965.0,37167.6376
Maryland,2009,83.6406115,75.2357465,74.850077,3.6427953,2.4399774,2.7591887,75.8354515,2.0124479,1.6555138,3.0870031,-8.3963478,0.000840202,24.3921362,4.5987667,6.3393767,4.4305975,33.6524569,1.1143583,255757.0,5730388.0,37006.7887
Maryland,2010,81.7626573,73.5375973,73.4123412,3.4875101,2.2302295,2.7038983,74.3669007,1.9371055,1.5403081,2.9715014,-8.2201591,0.001352362,24.9879568,4.4168026,6.4397194,4.2294978,31.854636,1.1966902,264321.0,5787998.0,37286.8568
Maryland,2011,77.0468291,68.9467327,68.7205091,3.3105675,2.2949085,2.7595147,69.4337554,1.9948343,1.6575046,2.8139033,-8.201681,0.000377786,22.0838087,4.4182502,5.802508,4.1384457,30.7154434,1.3130388,268418.0,5839572.0,35943.74453
Maryland,2012,72.2642694,64.3412606,64.1773809,3.0590369,2.2715257,2.7865965,64.5425776,2.0550679,1.7333157,2.6146186,-8.1180661,0.00012393,19.073644,4.2365822,5.121159,3.7020268,30.4217104,0.9901477,334555.5,5886992.0,1368555.0
Maryland,2013,71.5744722,63.8996126,63.512462,3.0017696,2.2781072,2.8151089,63.7607141,2.0838321,1.7424242,2.6102807,-7.8150487,0.00012393,17.4123811,4.5567671,6.1054713,3.1237463,30.5968131,0.8437856,334431.0,5923188.0,1390590.0
Maryland,2014,74.2740904,66.6986722,65.9200567,3.1654332,2.317584,2.8925338,66.1178205,2.154277,1.7718395,2.7832899,-7.6013914,0.00012393,19.092816,4.9012378,6.839242,3.2176085,29.9154991,0.8522633,339991.3,5957283.0,1398840.0
Maryland,2015,72.2540706,64.7883135,63.9152886,3.1691025,2.1937599,2.9543418,63.9974792,2.1608681,1.7465814,2.8111497,-7.5206373,0.00012393,16.7379456,5.1304121,6.397236,3.033227,30.6824716,0.8644176,349146.8,5985562.0,1395930.0
Maryland,2016,70.0696274,62.6811471,61.9350824,3.0550215,2.0798384,2.9728542,61.9501558,2.149072,1.6764826,2.74132,-7.4873134,0.00012393,17.2326024,4.9486847,5.3643724,2.7940498,29.7347699,0.6633945,359987.5,6003323.0,1355746.0
Maryland,2017,64.5012889,57.3547095,56.2927771,3.0390093,2.0969284,2.9563172,56.1208799,2.1461781,1.7216085,2.7378353,-7.3436515,0.00012393,11.923701,5.0133048,5.2432787,2.7788967,29.49084,0.7572592,365857.0,6023868.0,1314891.0
Maryland,2018,71.3216423,64.128546,63.2267671,3.0414998,2.0902123,2.9631632,63.2267671,2.1309468,1.7354171,2.7311808,-7.1930963,0.00012393,16.3223629,5.3884478,6.1509108,2.8166061,30.6045711,0.5834846,368810.4,6035802.0,1361165.0
Massachusetts,1990,89.4230757,85.2874029,83.0113098,3.8947721,3.2141837,0.422434,84.8947986,0.1584462,0.4195301,4.1846877,-5.3990968,0.0,25.0612753,8.2019753,14.3144302,5.4255191,30.2116731,0.0,189730.0,6022639.0,35451.79839
Massachusetts,1991,87.9076745,83.6928224,81.4164093,3.9691238,3.2552145,0.4030493,83.7586634,0.1510693,0.3957615,3.9048966,-5.4144903,0.002206812,25.7041797,8.9647619,13.578981,4.8573349,29.0254813,0.0,183996.0,6018470.0,34418.76692
Massachusetts,1992,89.7498133,85.4934025,83.3035693,3.8320617,3.3599468,0.4281444,85.8194892,0.1590785,0.3987471,3.7405331,-5.4943608,0.001417284,24.2310852,8.7282731,15.5612818,6.5719233,28.9299248,0.0,186430.0,6028709.0,36093.17803
Massachusetts,1993,87.2465166,82.6814138,80.7997169,3.7123011,3.3969774,0.5160547,83.0206864,0.2126105,0.4191875,3.7698403,-5.6422177,0.000768583,21.824946,7.8132105,15.676113,6.761712,29.1660774,0.0,187751.0,6060569.0,36225.19861
Massachusetts,1994,87.6251937,83.1920874,81.0510247,3.6661475,3.3779292,0.6829833,83.260298,0.2772102,0.3765137,3.7461857,-5.5600924,0.001454284,22.1556267,8.6633149,15.5044305,5.8271534,29.3428325,0.0,196432.0,6095241.0,36310.09599
Massachusetts,1995,85.4533579,80.805426,78.5087206,3.6079634,3.4315076,1.0377317,80.6243116,0.3950397,0.3851832,3.7493957,-5.651169,0.001148132,21.2586357,8.7539053,14.0058038,5.0991743,29.856823,0.0,203189.0,6141445.0,35901.43444
Massachusetts,1996,86.2812296,81.7568891,79.208857,3.4160204,3.5115841,1.2813838,81.3471096,0.4680097,0.3833748,3.6503974,-5.5867754,0.000909461,20.6973312,8.8523496,13.8191095,5.0973039,31.2309904,0.0,214299.0,6179756.0,36535.12821
Massachusetts,1997,92.0584457,87.5656649,85.1520771,3.0107898,3.495771,1.5094834,87.318047,0.5449256,0.3773951,3.391405,-5.7246003,0.000605236,25.948706,9.2308255,13.615783,5.2149524,31.6367936,0.0,254163.0,6226058.0,36371.53256
Massachusetts,1998,89.6116416,84.9691168,83.0879629,2.4040941,3.4676133,1.7317326,85.1070199,0.6189239,0.3603968,2.9846602,-5.7625743,0.000916881,26.3848365,7.8910011,12.4901431,5.1233872,31.6603925,0.0,265734.0,6271838.0,35862.2743
Massachusetts,1999,87.5695158,82.7825802,80.9066216,2.3599585,3.3275224,1.975362,82.6231743,0.6954583,0.3493907,3.0993558,-5.807387,0.000352676,23.618711,6.0556706,13.2622087,5.783517,32.3300674,0.0,280031.0,6317345.0,37040.32934
Massachusetts,2000,88.2418451,83.4978842,81.8474177,1.9755508,3.2721951,2.1142578,83.7649038,0.7442466,0.3482212,2.6155148,-5.7959145,0.000618355,21.7809803,6.6136767,14.7484571,5.5765419,33.3603599,0.0,301565.0,6361104.0,38349.42217
Massachusetts,2001,87.7140316,82.8096364,81.6891769,1.6147736,3.1245259,2.192877,83.4439127,0.745374,0.3454924,2.4454936,-5.8942728,0.000362716,21.5879699,5.6194554,15.0623638,6.6416031,32.8293133,0.0,308710.0,6397634.0,38249.78304
Massachusetts,2002,89.1247241,84.2214456,82.6794752,2.0059684,2.8899689,2.3477649,84.205694,0.7972812,0.3421445,2.8363122,-5.9324794,0.000153331,22.4850263,5.7370788,14.9850168,6.4919786,32.8067782,0.0,309194.0,6417206.0,38650.53192
Massachusetts,2003,91.0139636,86.0822624,84.1200432,2.512069,2.7411307,2.3756002,85.5761284,0.8056851,0.3363363,3.252223,-6.0050495,0.000284793,24.5826435,6.9264474,15.4396402,4.3035695,32.6172686,0.0,313816.0,6422565.0,37769.6807
Massachusetts,2004,89.2262481,84.1452318,82.6186627,2.2998695,2.6137858,2.3825858,83.8713146,0.8113554,0.3351423,3.1448864,-6.0605819,0.0,23.3268125,6.3689881,14.1227033,4.1407376,34.3035959,0.0,319654.0,6412281.0,37774.29222
Massachusetts,2005,90.6429247,85.5576464,84.2733118,2.1307386,2.4722816,2.402299,85.1974529,0.8182076,0.3392986,3.2162199,-6.1031031,0.000284247,24.0548359,6.5025363,13.9779283,4.4075962,34.6392128,0.0,323314.0,6403290.0,37490.29299
Massachusetts,2006,82.9795056,77.5934164,76.6809331,2.0777475,2.2755424,2.4964927,77.2312906,0.8426655,0.3474341,3.2563814,-6.1025494,0.0001024,21.1994967,4.8805085,12.0436431,4.2708326,33.4198065,0.0,327936.0,6410084.0,35855.36962
Massachusetts,2007,86.0956429,80.7027782,79.8706676,2.010372,2.121685,2.5786227,80.4782085,0.8684335,0.3481804,3.1350764,-6.1939241,0.000279227,23.22528,5.2095371,12.7080827,4.2237832,33.6337612,0.0,333320.0,6431559.0,36912.97067
Massachusetts,2008,83.2817726,77.68442,76.948296,2.0489546,1.9413052,2.7422911,77.3546922,0.9212896,0.3398926,3.195898,-6.2602096,0.000416298,19.7774883,5.4503184,13.5278022,3.8488684,33.236201,0.0,335809.0,6468967.0,36429.91998
Massachusetts,2009,76.5129038,70.5016602,70.1056575,2.1085857,1.6982321,2.8905365,70.9539965,1.0055148,0.3169337,2.5944005,-6.3642471,0.000220617,17.2392349,5.6485579,13.0699596,3.1283328,30.4316105,0.0,327739.0,6517613.0,34717.6843
Massachusetts,2010,78.2367263,72.1511697,71.7919104,2.0292375,1.5848571,3.0602971,72.4805565,1.0664296,0.3096877,2.6182213,-6.4644447,0.000131312,17.9553806,6.5482176,12.8216208,3.5565095,30.1419476,0.0,340159.0,6563259.0,35753.05933
Massachusetts,2011,75.194206,69.0494014,68.2267828,2.4417899,1.4709043,3.2190299,68.7574669,1.1120076,0.3007825,2.983732,-6.4220003,0.000383538,14.1610515,6.1710803,12.868189,3.7779616,30.3342261,0.0,345961.0,6607003.0,35154.99777
Massachusetts,2012,68.7895005,62.3800917,62.0937244,2.2036822,1.3527906,3.2569082,62.3943454,1.1233079,0.287395,2.8294087,-6.4313157,0.000879616,12.0081888,5.1054589,11.1421728,3.2758602,29.5905949,0.0,444478.2,6663005.0,1363700.0
Massachusetts,2013,72.6281892,66.153473,65.9242811,2.2089804,1.342224,3.2658363,66.2285243,1.1331857,0.3071249,2.851778,-6.5839081,0.000879616,12.4864761,6.5918782,11.6761538,3.4836915,30.6247209,0.0,446190.4,6713315.0,1428527.0
Massachusetts,2014,71.0463589,64.4035104,64.1272106,2.3571484,1.2704141,3.3649052,64.348278,1.1586131,0.2883043,3.0057963,-6.6586334,0.000879616,10.6656651,6.9720037,12.8958177,3.3839001,28.9957158,0.0,453778.2,6762596.0,1433810.0
Massachusetts,2015,72.9353191,66.3649108,65.9928367,2.3309517,1.2222369,3.4369809,66.1540108,1.1865632,0.2924981,3.0224808,-6.6599419,0.000879616,11.2168975,7.3757486,12.8255667,3.4104687,29.8735447,0.0,471979.2,6794228.0,1449187.0
Massachusetts,2016,71.3840103,64.8490844,64.5194307,2.2457698,1.195001,3.4594615,64.6020156,1.1881154,0.2728091,3.0102038,-6.5918625,0.000879616,10.6223029,6.8096951,10.767185,3.3026825,31.7905983,0.0,479184.9,6823608.0,1421047.0
Massachusetts,2017,71.3954425,64.8395827,64.5913316,2.2349033,1.141848,3.4450019,64.6411002,1.1797379,0.2631548,3.0192935,-6.6069487,0.000879616,10.2187799,7.1436353,11.6780908,3.4246988,30.802329,0.0,490874.1,6859789.0,1423703.0
Massachusetts,2018,70.5715817,63.9198686,63.8130395,2.19475,1.0995372,3.464255,63.8130395,1.1857473,0.2670588,2.9900221,-6.6517132,0.000879616,7.6372274,7.6718564,12.5953412,3.4124563,31.0531314,0.0,507806.0,6882635.0,1458647.0
Michigan,1990,213.210359,192.3693218,181.6372419,22.6369759,10.550854,0.6649854,187.8363768,2.6043217,9.8032258,17.2519234,-20.8388814,0.0,68.7780633,10.453798,21.9765461,24.5339545,50.3379226,3.0229142,229534.0,9311319.0,72426.38203
Michigan,1991,213.253576,192.868723,181.3900832,23.0318708,10.6094146,0.6512676,186.8199875,2.7665724,9.7123557,18.8387268,-20.3817703,0.0,69.0677645,10.6024322,22.42743,22.3727241,51.1362646,3.345334,225576.0,9400446.0,70746.14982
Michigan,1992,210.8585553,190.0967127,180.1600793,22.3282763,9.922487,0.6857626,185.8015853,2.7589281,8.8480216,18.1594463,-20.7600139,0.0,65.8101504,10.8153041,23.3676982,22.6116059,51.8105599,3.4873667,235241.0,9479065.0,71964.57457
Michigan,1993,213.8113795,193.294536,181.4089522,22.3355656,11.3717254,0.8189981,187.186593,2.8696111,10.2378744,17.9963987,-20.5139111,0.0,66.7710278,10.9657597,24.108503,19.7587284,54.7554801,4.2698577,242175.0,9540114.0,71949.17763
Michigan,1994,220.3591006,201.7869632,188.797169,21.898679,10.3379525,1.091007,194.7801149,3.4759269,9.3042985,16.6852204,-18.5639374,0.0,72.3692213,11.2626074,23.5867221,21.3995415,54.7729701,4.3980782,263500.0,9597737.0,72420.40973
Michigan,1995,223.9083262,204.2053452,191.2553484,21.822332,10.7677226,1.6512086,196.9631083,4.1648946,9.7354699,16.7538302,-19.6963226,0.0,71.7093021,11.9190651,24.5481032,21.2224195,56.2023016,4.065973,264125.0,9676211.0,75582.25108
Michigan,1996,228.6489919,210.536134,196.8006161,20.9467722,9.9707794,2.0342469,202.7942251,4.5230665,8.7076572,16.0504976,-18.1020193,0.0,73.8311982,12.4271272,26.1861553,21.6469989,57.0218021,4.2821733,273563.0,9758645.0,78116.69855
Michigan,1997,232.5622817,213.4295656,200.7135808,19.4586901,10.3833185,2.3980761,200.6425453,9.9298346,9.0525228,14.575504,-19.1231204,0.0,73.7321849,11.8674165,24.9556149,20.6029949,58.0978102,4.5978121,342873.0,9809051.0,78123.83003
Michigan,1998,228.9759201,210.2902105,197.1407539,19.525523,10.213372,2.6045248,197.3272505,9.922204,8.93321,14.387703,-18.675956,0.0,76.7611739,10.1209088,21.1936432,19.141215,59.3778707,4.6223507,350992.0,9847942.0,76553.74518
Michigan,1999,237.4701077,219.3518823,204.5267616,19.8710639,10.5314062,2.9098345,205.2473598,9.7740661,9.369265,14.7767918,-18.1055734,0.0,76.085207,10.6469784,23.3640105,21.7298205,61.7231175,4.4790235,364404.0,9897116.0,80711.70061
Michigan,2000,233.2562319,216.8549276,201.2325588,19.3850644,9.8859197,3.0573701,201.1312856,10.1373269,8.7857248,14.9735972,-16.3860687,0.0,73.6863873,11.0628606,24.1337204,21.0323572,59.7203266,4.6006526,372148.0,9952450.0,80678.73957
Michigan,2001,227.2586032,210.4777091,196.3710639,18.1113483,9.5137233,3.2467233,196.9292984,9.6035799,8.6014453,13.4606353,-16.7676626,0.0,73.3428609,10.4552757,23.301691,19.8420055,58.9314037,4.7012742,363057.0,9991120.0,77719.30122
Michigan,2002,227.7921799,211.6243497,195.7795436,19.0129742,9.9020783,3.3938201,196.4340132,9.4986616,9.2738926,14.15246,-16.1532548,0.0,71.6673622,10.7126452,24.4994773,18.8490754,59.8471957,4.8065654,373547.0,10015710.0,79132.29191
Michigan,2003,224.7371025,208.1593129,192.9434559,19.9073078,9.1022054,3.5133475,193.7925961,9.3477285,8.749713,14.7415675,-16.5646709,0.0,70.2631081,11.0013474,25.6090761,18.6980155,57.3441097,5.1295257,378506.0,10041152.0,80140.1238
Michigan,2004,227.1626632,210.1729386,194.8336007,20.1835367,9.3111245,3.5904061,195.7544477,9.3005003,9.0906628,14.9672141,-16.9769509,1.72e-05,73.6133347,10.5953944,23.6922319,19.0373701,57.9201885,5.0777487,374234.0,10055315.0,79273.51034
Michigan,2005,228.3956654,211.2703024,195.9820954,20.672993,8.9566005,3.6896184,196.987935,9.3150078,9.0382215,15.0218059,-17.1125907,1.03e-06,76.0943919,10.3684718,23.7390715,18.7989382,57.1573529,5.2019742,375753.0,10051137.0,80600.99887
Michigan,2006,216.9493047,200.4317982,184.9018133,20.3864546,8.9519509,3.8255952,185.5832705,9.3228108,9.3073813,14.5456102,-16.505883,5.66e-06,72.1114062,8.9846363,19.8615838,17.6347995,56.749204,5.360843,367428.0,10036081.0,76373.417
Michigan,2007,218.8795221,201.3506573,186.9291118,20.3945672,8.6194802,3.993728,188.2628093,8.8675501,9.3757616,14.0821101,-17.5188764,4.84e-06,75.7368717,9.76955,20.9164886,16.1387321,55.8108105,5.5515144,367668.0,10001284.0,76424.79894
Michigan,2008,211.3723664,193.3093249,179.8736954,20.5859509,8.0562151,4.1974424,181.5462395,8.4297869,9.0452973,14.3109788,-18.0559653,0.000281387,73.061852,10.3439594,21.3927396,15.7040862,51.343429,5.7132841,345605.0,9946889.0,73815.15592
Michigan,2009,197.2972735,178.3703094,166.9728423,19.6262015,7.6316745,4.4366679,170.293064,6.9518536,8.9604062,12.8824229,-18.9242504,2.54e-06,69.6447585,10.0530249,20.3091137,12.152825,49.625623,5.9039228,314260.0,9901591.0,68246.72975
Michigan,2010,200.2365297,180.3739727,169.6089085,19.2816263,7.8959561,4.5892905,170.6294267,8.892102,9.5511257,12.2028804,-19.8614379,0.000313257,70.7762709,9.1660671,18.7358184,13.8384149,49.2413023,5.7289406,329812.0,9877670.0,69923.66082
Michigan,2011,194.95885,176.3759682,164.688894,19.0523134,7.7638635,4.6550118,165.302583,9.088218,9.5764293,11.8885891,-18.5799811,2.39e-05,65.2989105,9.7314406,19.2944231,14.070535,47.9193048,5.9208944,341194.0,9876801.0,70628.0142
Michigan,2012,186.7063552,168.5659258,158.6281246,16.5425966,7.3473999,4.6753332,158.1247099,9.6024578,9.4714496,9.3418107,-18.1386954,0.000364113,63.2958218,8.5464368,16.6554936,14.0552436,47.1540557,4.5428597,418742.3,9897145.0,2685893.0
Michigan,2013,196.7982922,176.6156977,167.6448769,16.1203279,8.3516714,4.6995802,167.1037046,9.8294215,10.5146931,8.7616975,-20.1828828,0.000364113,62.451138,10.0583689,20.4520944,15.640416,49.2882978,4.524112,425327.3,9913065.0,2837667.0
Michigan,2014,196.4767035,175.2672675,167.7517459,15.6688567,8.0968544,4.8106967,167.0382327,9.9927542,10.3965657,8.2274202,-21.2118571,0.000364113,59.9800528,11.763332,21.7268509,15.5504303,48.7409668,4.4337882,430935.6,9929848.0,2882469.0
Michigan,2015,197.1191503,176.2691636,167.470477,16.5249823,8.3824551,4.8905188,167.2053657,9.7291585,10.9386581,8.5576722,-20.8515515,0.000364113,62.8489299,10.5559655,19.3501444,15.4450056,49.9187026,4.2839606,442287.6,9931715.0,2792588.0
Michigan,2016,186.6265191,167.0932287,157.8803015,16.4896448,7.783131,4.9187398,157.3995975,9.5865544,10.6843893,8.2535365,-19.5343756,0.000364113,55.5654346,10.0067193,18.5525745,14.1557972,50.5262725,4.2101909,451025.9,9950571.0,2769741.0
Michigan,2017,187.7149809,168.1227853,158.9718087,16.9636223,7.4941997,4.886757,158.668708,9.387024,10.5472277,8.593375,-19.5931745,0.000364113,55.7135759,10.340721,18.8593027,15.0076138,49.8904337,4.1539298,457341.5,9973114.0,2773927.0
Michigan,2018,196.228863,176.2480357,167.4174728,16.0457026,7.8734728,4.8922148,167.4174728,9.3029923,10.9739576,7.5358885,-19.9808273,0.000364113,58.9401927,11.2362458,20.9490917,15.1378798,52.1036707,3.9188624,467828.0,9984072.0,2894187.0
Minnesota,1990,123.8625537,114.4031992,92.0285048,10.7912247,20.4871171,0.435784,94.3459718,2.0777587,25.8577137,2.6930869,-9.442496,0.0,30.1956119,5.4839201,8.0378943,10.2915745,26.0812072,0.0,120078.0,4389857.0,35305.11165
Minnesota,1991,123.5650712,115.3513563,91.9788782,11.0977983,20.0231917,0.4290807,94.2832688,2.0378396,25.5239078,2.8200505,-8.2541269,0.000276161,29.0087389,5.2682466,8.7980082,9.7988447,27.2897261,0.0,120067.0,4440859.0,35978.87274
Minnesota,1992,123.5748447,113.9257804,93.6996375,10.9436162,18.6483516,0.4384004,95.9775258,2.0855658,23.8310036,3.0090609,-9.622505,0.000106221,28.6231464,4.8666799,8.383707,10.84044,28.7519147,0.0,126777.0,4495572.0,36325.24093
Minnesota,1993,128.9302818,115.9509287,99.0899523,11.1491487,18.46656,0.5086107,101.4532313,2.737732,23.7514423,2.9522648,-12.8161575,0.000190661,30.3950062,5.1374795,9.0325409,11.2661114,30.3215048,0.0,127067.0,4555954.0,37541.90172
Minnesota,1994,131.8678199,125.3361555,101.2325252,10.1945065,19.8447151,0.6511392,103.3260428,4.9613986,24.9671899,2.212777,-6.6786626,0.000174911,30.6895715,5.278625,8.9265111,11.5146485,31.3416566,0.0,134715.0,4610355.0,38437.2427
Minnesota,1995,136.3427283,125.7458596,104.1728367,10.4072596,20.7854221,0.9536308,106.4799239,4.8865985,26.1429361,2.3302943,-10.5698989,0.000159535,31.1346203,5.7138948,9.3189981,11.8070853,32.4521931,0.0,138724.0,4660180.0,40557.50992
Minnesota,1996,142.0390324,136.6479178,109.8310562,10.337281,20.7702933,1.1541204,112.206702,5.6549524,26.0806089,2.3147384,-5.625877,7.22e-05,31.7394057,6.075727,10.5619173,13.2040478,33.4771799,0.0,147643.0,4712827.0,42339.59882
Minnesota,1997,139.6238159,130.8662605,107.8968394,9.7616456,20.5935788,1.3476739,109.7485233,8.3171219,25.8616587,1.8646971,-8.8273074,4.4e-05,31.9263104,5.9468654,9.5222103,12.6326163,33.0538537,0.0,180065.0,4763390.0,41572.4481
Minnesota,1998,139.3663286,132.2257962,106.9139688,9.6729924,21.184101,1.4607415,108.6699491,8.9941792,26.4931893,1.7875747,-7.2848011,0.000153313,31.8596451,5.2608998,7.9596687,12.5901804,34.6101328,0.0,189647.0,4813412.0,40989.20388
Minnesota,1999,140.2185984,134.9828745,107.8680797,9.5984776,21.0063722,1.6283986,109.516584,9.8900149,26.3010295,1.7849638,-5.4717306,0.000289764,30.556341,5.2465799,8.4297512,12.1721353,36.7472796,0.0,198104.0,4873481.0,42835.32491
Minnesota,2000,145.409368,146.0958163,113.7449393,9.7897356,20.2259775,1.7396951,115.4749594,10.2062371,25.6253948,1.8289908,0.1566793,0.00057895,33.0915328,5.618693,9.2036701,12.3717034,38.0136605,0.0,211529.0,4933692.0,44116.06822
Minnesota,2001,141.9018497,141.2865583,110.0205071,10.3428185,19.805162,1.8468483,111.7601566,9.799263,25.2946695,2.3506943,-1.0724465,0.000561027,32.6490977,5.6286315,8.8193129,11.1355567,37.1067487,0.0,213203.0,4982796.0,43398.96385
Minnesota,2002,146.3763881,147.8687381,112.7883963,10.0699016,21.5025572,1.9322452,114.2685246,10.2883514,27.1204585,2.2530531,0.9217946,0.000543811,33.3048055,6.1416605,9.2079436,11.2592173,37.5584348,0.0,217934.0,5018935.0,45025.84855
Minnesota,2003,149.7973506,149.7543344,117.6039688,9.962514,20.3638573,1.9983574,119.0775287,10.6514988,26.041172,2.100516,-0.5554863,0.002114901,36.7841649,6.1993671,9.7011214,11.4186628,37.5195186,0.0,225176.0,5053572.0,47005.70374
Minnesota,2004,147.790105,146.9610783,116.5441503,9.7939275,19.5936749,2.0497695,117.945581,10.9405103,25.15846,2.0896246,-1.2977655,0.001859126,35.2204125,5.7087571,9.2851113,11.7666577,38.6341794,0.0,234128.0,5087713.0,47031.3821
Minnesota,2005,150.0159988,149.4082646,117.7189396,10.1001863,20.2335807,2.1134793,119.1112628,10.7608464,26.1123642,2.1702277,-1.0925443,0.000152456,35.8594837,5.8321572,8.9160079,11.9515701,39.0483901,0.0,237813.0,5119598.0,46890.31487
Minnesota,2006,146.9192763,148.8493867,114.8500738,10.2526644,19.7642965,2.2139542,115.8773979,11.7456479,25.7907696,2.2940292,1.3365605,0.001246776,34.7716408,5.6855622,8.0811764,11.8984197,38.377096,0.0,238025.0,5163555.0,46251.93398
Minnesota,2007,149.7042359,148.6631511,116.8960819,10.8898994,19.8199393,2.3304891,117.611691,11.8700792,26.2911013,2.7529927,-1.5051813,0.000640335,34.6360006,5.6621057,8.7735236,12.6612084,38.3903286,0.0,238456.0,5207203.0,47909.10858
Minnesota,2008,149.1859975,146.8383032,116.70193,10.6928545,19.5484509,2.4757813,116.9500134,12.1674529,25.9414393,3.1382073,-2.7492909,0.000733293,33.2682798,6.2899824,9.4757381,13.873918,36.2323301,0.0,242141.0,5247018.0,48400.80273
Minnesota,2009,139.7715115,134.5492274,107.0536825,10.6944624,19.4541016,2.6285947,107.7091672,12.7251479,25.8628646,2.7043806,-5.4574061,0.000306624,30.4524487,6.0797186,8.9405932,12.3738846,33.5367617,0.0,233758.0,5281203.0,45310.90617
Minnesota,2010,142.2816056,133.8616162,107.2629295,11.1337827,21.0049021,2.7690434,107.6770683,13.6304569,27.8083931,2.8430065,-8.5148687,0.000344738,29.6216637,5.5161331,8.2564582,14.209826,33.3614001,0.0,240418.0,5310737.0,47092.33988
Minnesota,2011,140.6327232,136.4493398,107.0062152,11.1818052,19.6629105,2.8341647,107.3403404,13.7858472,26.5322577,2.8800691,-4.4696952,0.000195354,29.2258547,5.815324,8.2920139,14.2937442,32.9969249,0.0,244305.0,5347299.0,47037.10241
Minnesota,2012,134.8910069,132.0800846,101.4084522,11.1622244,19.4465861,2.8510319,101.5967824,13.7058719,26.5421266,2.7543322,-3.1413031,1.71e-05,25.712349,5.1265724,7.2510371,14.1997584,33.414274,0.0,296272.5,5376643.0,1818010.0
Minnesota,2013,138.9628449,129.0592375,104.616458,11.1246483,20.2677999,2.8782899,104.7165554,14.0860309,27.3161005,2.8262932,-9.9177168,1.71e-05,26.0010579,6.4766931,9.1706461,14.6787472,31.8076371,0.0,303222.5,5413479.0,1867561.0
Minnesota,2014,144.5730805,131.164791,110.2604208,10.7991968,20.5103388,2.962034,110.3805324,14.4818449,27.3878963,2.7465492,-13.2784242,1.71e-05,29.3859829,6.8637319,9.8057986,14.9890099,31.9326617,0.0,312084.0,5451079.0,1923402.0
Minnesota,2015,139.2990301,126.7115298,102.4473378,11.1440374,22.3019955,3.0214583,102.4605259,14.5118381,29.5762572,2.7628115,-12.4778128,1.71e-05,27.2578544,6.1295878,8.0538924,13.5164295,31.5396025,0.0,316863.3,5482032.0,1790246.0
Minnesota,2016,140.0913561,131.6280457,104.3697036,11.558294,20.9598742,3.0544667,104.3516343,14.5490627,28.5326036,2.8436234,-8.5483303,1.71e-05,26.7467294,6.1136525,8.0122877,14.0877305,33.0911094,0.0,321980.0,5522744.0,1812719.0
Minnesota,2017,139.3124881,130.3182671,103.8218871,11.8393973,20.5183134,3.053369,103.742692,14.5484557,28.2115726,2.9935062,-9.0518618,1.71e-05,25.2713148,6.3762241,8.5308122,14.6087311,32.5582467,0.0,327667.5,5566230.0,1833949.0
Minnesota,2018,143.6637233,133.1117782,107.9373799,12.0586648,20.5927525,3.0749262,107.9373799,14.6357592,28.4355761,2.9918215,-10.5519451,1.71e-05,26.7327059,7.0772102,9.8348227,14.522379,32.7880341,0.0,337215.9,5606249.0,1913919.0
Mississippi,1990,57.7574425,-5.0198172,43.6878452,8.6418525,6.6736155,0.2575852,45.8090332,0.4792898,7.8620432,2.3515429,-64.0031475,0.0,13.2915817,1.2951936,1.8919352,11.2303844,16.3820372,3.3593617,44852.0,2578897.0,25930.64213
Mississippi,1991,57.2341075,-5.714202,43.4491675,8.2696095,6.6404284,0.2516369,45.613649,0.4675754,7.696618,2.1636205,-64.2276747,0.0,12.1158535,1.2783704,1.8724482,10.4841596,17.831986,3.1021869,45841.0,2598733.0,26583.03399
Mississippi,1992,57.8032244,-4.8747761,43.5648675,8.4959844,6.9694194,0.2639296,45.7296467,0.4890504,8.0837659,2.182446,-63.8918516,0.0,10.8510715,1.3061859,1.9190844,10.83323,18.5820294,3.0011778,48317.0,2623734.0,27206.06833
Mississippi,1993,59.9181389,-5.4258994,45.5417452,8.5429102,6.9278548,0.299195,47.735088,0.5039693,8.0839614,2.2101658,-66.6348416,0.0,13.5207617,1.281249,2.057984,10.318102,18.6415537,2.700464,50440.0,2655100.0,27444.35554
Mississippi,1994,59.299816,-7.2086074,45.0491694,8.7401871,6.5898934,0.3746638,47.4906294,0.4068506,7.8826429,2.2615065,-67.9464114,0.0,13.9214533,1.3650008,1.9876397,9.6399268,18.726899,2.4581715,53852.0,2688992.0,27767.11172
Mississippi,1995,60.7945537,-4.7700686,46.5663279,8.6232429,6.3833246,0.5248294,48.7618766,0.6348982,7.5605878,2.3302006,-66.8101289,0.0,15.3202296,1.3171348,1.9211056,9.4988555,18.929637,2.5241288,56528.0,2722659.0,28452.28823
Mississippi,1996,64.0583843,-2.4942494,49.0772653,8.5842965,6.9853874,0.6301666,51.3800934,0.6864438,7.9638693,2.4072892,-67.6439898,0.0,17.013986,1.5112338,2.2034694,9.8451862,19.1531157,2.7219457,58230.0,2748085.0,29100.69855
Mississippi,1997,67.5997496,1.6585178,52.5806746,8.3907654,6.8371266,0.7274576,52.7282407,1.8689861,7.7550206,2.3421423,-66.7183786,0.0,18.0440617,1.46899,2.0140202,9.7048189,19.7939582,2.8111634,71397.0,2777004.0,29062.39519
Mississippi,1998,68.4525614,2.353288,53.398156,8.4968427,6.6880327,0.7820042,53.2998468,2.0292338,7.6225376,2.4459271,-66.8274024,0.0,19.4734759,1.4534905,1.8568648,8.8280619,20.0320269,2.8745194,73444.0,2804834.0,28861.45376
Mississippi,1999,72.4033004,5.87792,57.420253,8.2575479,6.4259791,0.8709082,57.5048165,2.0238385,7.4468251,2.1721728,-66.9997147,0.0,20.529892,1.3649248,1.8720824,11.0592157,21.0610793,2.6887826,75581.0,2828408.0,31248.8869
Mississippi,2000,71.2586822,3.8453425,57.0480867,8.0050196,5.6957255,0.925414,57.326085,2.0345091,6.4594955,2.2002929,-68.0494931,0.0,21.0334114,1.53913,2.370393,10.3434968,20.4553759,3.2707102,76050.0,2848353.0,31437.48054
Mississippi,2001,79.443175,11.3525838,64.1615946,8.4070909,6.1173858,0.9732884,64.8664635,1.9290286,6.9628486,2.3791909,-68.1830369,0.0,30.2359971,1.5702967,2.4111978,10.1765652,19.8241631,3.5417044,76014.0,2852994.0,28609.83598
Mississippi,2002,73.7885115,5.3063671,58.3052829,8.9074415,6.3133293,1.0093286,58.3514015,2.1466423,7.2608278,2.823347,-69.0252626,0.0,22.9540099,1.4342586,2.0884876,10.2318954,20.1621973,3.6713647,76705.0,2858681.0,29674.08973
Mississippi,2003,75.551131,6.9143423,59.4826887,9.1769987,6.6765612,1.0367715,59.3607144,2.1928281,7.5774502,3.2670155,-69.0635809,0.0,22.8203545,1.5955138,1.9600677,10.0164459,21.3518705,3.34543,79180.0,2868312.0,30494.86516
Mississippi,2004,77.0401616,8.0785218,60.8975146,9.7871781,6.2060738,1.0617349,61.2089859,2.1573418,7.128782,3.4304122,-69.307115,0.0,24.8638623,1.4121315,1.797058,10.7974458,20.6968911,4.6655969,80371.0,2889010.0,30569.20391
Mississippi,2005,75.2715975,6.0046077,59.4325223,9.8339485,5.8918203,1.0878893,59.7297659,2.1477199,7.050326,3.2198214,-69.7693831,0.0,24.7206427,1.3549855,1.7768409,10.0006809,20.2534267,4.7221241,81360.0,2905943.0,29460.8005
Mississippi,2006,76.8471797,6.5898054,61.4980566,9.474759,5.4226815,1.1261599,61.7363301,2.2262524,6.3265452,3.3404395,-70.7301718,0.0,25.3208429,1.2435577,1.5815556,10.3893905,21.3261194,5.2076817,82863.0,2904978.0,30593.2443
Mississippi,2007,79.9538632,9.6838351,63.4379169,9.9800726,6.190948,1.1849234,63.9471738,2.231671,7.067008,3.4380188,-70.5151081,0.0,27.2381193,1.688708,1.6319855,10.4789217,21.0121582,6.366896,85955.0,2928350.0,30954.37945
Mississippi,2008,76.933803,6.7363206,60.2801409,10.3056872,6.229225,1.2575111,60.848049,2.1878395,7.2730441,3.5122171,-70.6586715,0.0,25.3549345,1.4606365,1.7979639,10.0643344,20.0815422,6.969642,87128.0,2947806.0,29517.85235
Mississippi,2009,71.8420429,2.1637509,55.7124914,10.3206557,5.8221584,1.3376363,57.130422,1.6852645,7.0484449,3.4958698,-70.4691918,0.0,22.8466388,1.4075649,1.7901385,9.2711702,19.520315,7.0817947,83702.0,2958774.0,28255.30313
Mississippi,2010,77.4610595,7.6607378,60.7869244,10.5532873,5.8777582,1.4036849,61.4876691,2.1128723,7.3182157,3.4770277,-70.1880067,0.0,26.2285011,1.4810825,1.9807024,10.5113324,19.4064428,7.0347734,85363.0,2969137.0,29922.75915
Mississippi,2011,72.5250082,1.8659706,56.9417591,9.6589471,5.5026072,1.4254394,57.1268179,2.2710101,6.5939267,3.4295915,-71.4852458,0.0,22.835083,1.456017,1.7553299,9.9176132,18.9933226,6.9954086,84402.0,2977457.0,29317.7929
Mississippi,2012,72.5858657,1.2839275,57.6495942,8.2464352,5.7383047,1.4264475,57.9180322,1.9761357,6.8509095,2.8335447,-72.1797845,0.0,23.092892,1.3059868,1.3776511,10.3655301,20.3100139,3.3251956,99616.3,2983816.0,1144981.0
Mississippi,2013,71.4200572,1.2176032,56.0673941,8.3256051,6.2431624,1.4337282,56.2619878,1.9845717,7.2816596,2.9563264,-71.0701907,0.0,21.5165115,1.3859757,1.7327413,10.3631462,19.7668807,3.3242677,99456.4,2988711.0,1139813.0
Mississippi,2014,74.8992842,5.8931059,58.9105391,8.4037616,6.689863,1.4670828,59.1066894,2.0171073,7.8769942,2.7827476,-69.5132272,0.0,23.5510774,1.5927855,1.9934657,10.2005258,20.4230094,3.1939661,99501.2,2990468.0,1159665.0
Mississippi,2015,75.6221964,7.1149279,60.1568784,8.0455631,6.2569349,1.4847088,60.2555827,2.0284599,7.4114405,2.7670573,-68.9175202,0.0,24.615133,1.5566843,1.5978224,10.1599378,20.9948258,3.0319283,100013.6,2988471.0,1138118.0
Mississippi,2016,78.7528922,9.9867635,63.453318,8.2012484,5.7436651,1.4913805,63.6373232,2.0017293,7.1248224,2.7579965,-68.9683864,0.0,25.8936667,1.487621,1.4208534,9.7380357,23.5137702,2.7582034,100412.1,2987938.0,1162204.0
Mississippi,2017,77.9530905,10.1007651,62.8580261,7.6551502,5.9556185,1.478729,62.946413,2.0064693,7.0443817,2.7343838,-68.033724,0.0,23.7129487,1.4835141,1.304487,10.6295319,23.9967649,2.5898254,101071.7,2988510.0,1177754.0
Mississippi,2018,79.2720196,12.3848742,63.8947149,7.773493,6.1279106,1.4759011,63.8947149,2.0293651,7.3640144,2.6932212,-66.8871454,0.0,25.7012111,1.6086795,1.6719749,10.7640062,22.8099069,2.3935174,102061.7,2981020.0,1192670.0
Missouri,1990,137.5628743,113.2072743,107.9128919,13.944766,15.3193395,0.7402392,111.7564101,2.6437192,21.7520469,3.1182164,-25.1835993,0.0,48.5651274,4.3114791,7.413022,9.3200091,35.9521192,10.8271565,122285.0,5128880.0,37387.62991
Missouri,1991,137.6999406,112.9079692,107.9615008,14.002966,15.3498,0.7417328,112.0669819,2.5287325,21.873724,3.0541476,-25.6862359,0.0,48.8995525,4.5116934,7.9200686,8.6547846,35.8978048,9.4393534,124167.0,5170800.0,38233.85691
Missouri,1992,138.6077743,114.6187173,107.7731406,14.3581653,16.0640508,0.7541762,111.9592673,2.5724469,22.5876246,3.1951074,-24.7357631,0.0,47.4326034,4.3550549,7.6406222,9.0255917,37.2859974,11.6646396,127857.0,5217101.0,37991.10938
Missouri,1993,137.6131216,114.7302365,106.7077865,14.467725,15.9479049,0.8254665,110.6936543,2.696525,22.6906774,3.1255256,-23.4759137,0.0,43.2359794,4.8808534,8.6612542,9.3339634,38.3795838,2.9801995,128278.0,5271175.0,40858.51887
Missouri,1994,146.649491,120.7287547,115.1131883,15.228889,15.7691986,0.9333052,119.0226675,3.1275331,22.9899334,3.189213,-26.7964963,0.0,50.8172801,4.6305196,7.9717796,9.5720512,39.5142749,3.7902966,137379.0,5324497.0,41120.49368
Missouri,1995,153.853657,129.9665142,122.7724408,15.0741145,15.1465098,1.2460394,127.129732,3.3448139,22.1461607,3.1879302,-24.2807957,0.0,56.8956451,4.6014383,8.1630066,9.618036,40.9994007,2.7221241,144371.0,5378247.0,42559.84313
Missouri,1996,162.1213396,135.8238438,129.3878622,15.2772846,16.3179832,1.4693916,134.136406,3.5000103,23.3114048,3.2902287,-26.8912208,0.0,59.5500266,5.1833693,9.2226592,9.7736618,43.1471732,3.5768355,150268.0,5431553.0,44720.35408
Missouri,1997,166.6725007,142.0060405,133.7912813,15.2901296,16.2457716,1.6619885,138.0511256,4.0357317,23.1442452,3.3678573,-24.9006227,0.0,62.9623714,5.0698228,8.5402158,10.0036997,44.0934435,1.7734384,189990.0,5481193.0,44644.52855
Missouri,1998,169.6096799,144.1811937,136.9331515,15.215111,15.9938734,1.7811361,141.4109228,4.0540475,22.7789991,3.4264214,-25.7187558,0.0,64.667379,4.3460057,7.1736992,10.0204131,47.7605244,1.6253463,194711.0,5521765.0,45780.1223
Missouri,1999,168.878556,142.6432481,137.4901876,14.5505725,15.2123975,1.915004,141.8539394,4.2046916,22.0717643,2.9625566,-26.6698518,0.0,63.8862028,4.622404,7.6684418,11.0513309,47.0581301,1.7087331,199733.0,5561948.0,46786.76981
Missouri,2000,163.2085633,134.3131757,131.8038269,14.4159409,15.2877972,1.9526587,135.9844704,4.1216543,22.0108661,3.0408073,-29.877623,0.0,65.2809529,4.498695,7.668647,9.3912969,41.9892414,1.8843881,204918.0,5607285.0,45280.94387
Missouri,2001,171.963213,143.5409195,137.8003264,16.151756,16.3866103,1.9448589,142.3489469,4.0237437,23.1990463,4.1679659,-29.1359628,0.0,68.3969216,5.0397215,8.3650498,10.9361119,42.0311888,1.6044733,204660.0,5641142.0,46127.39767
Missouri,2002,172.1360445,142.762162,138.4503238,15.9786824,15.9923002,2.0297797,142.6213319,4.1984634,23.0354131,4.0258012,-30.2348411,0.0,68.9072884,4.4822814,7.7529781,11.1111294,42.8246994,1.1465229,208039.0,5674825.0,46493.54753
Missouri,2003,178.6346879,149.9842654,145.4289798,16.026715,15.4480667,2.0869171,149.7151439,4.2937294,22.840732,3.8829668,-29.2529064,0.0,74.7141381,4.3904978,7.7133215,10.9589886,44.1098015,2.2548665,211791.0,5709403.0,46651.42288
Missouri,2004,181.8164853,153.5483843,146.9069277,15.9071839,17.1291089,2.1468105,150.9111128,4.4517349,24.4213581,3.993119,-28.7395695,0.0,75.9138949,4.4176463,7.2236654,12.6076705,42.7924809,2.4392166,214474.0,5747741.0,46994.38913
Missouri,2005,182.8305115,154.4497075,149.8039487,16.0266779,15.1402922,2.2207312,153.8953314,4.5061159,22.6561249,3.9223271,-28.8477636,0.0,78.9768994,4.1274126,7.0028768,12.2534573,43.5068677,2.5092716,216336.0,5790300.0,49222.88854
Missouri,2006,182.5513826,152.9440236,148.6472547,16.4555496,15.4727578,2.3230089,152.5191625,4.5626506,23.4227903,4.025185,-30.2752575,0.0,78.2495836,3.8655714,6.2528313,12.4791079,43.7406593,1.7219461,217124.0,5842704.0,48843.7105
Missouri,2007,182.0527194,153.8963498,147.4194396,16.3859279,16.0950423,2.44352,150.9183611,4.7480073,24.0358229,4.0861735,-28.604876,0.0,76.2558614,3.9042275,6.7078829,12.2478577,43.9293058,1.0855278,219288.0,5887612.0,50253.04725
Missouri,2008,177.7330134,150.2331868,143.8512128,16.2088161,15.3592665,2.58769,147.4398142,4.6289328,23.1628128,4.142927,-27.9395241,0.0,75.5993568,4.4249744,7.5420955,11.083154,41.0941157,1.1677,222177.0,5923916.0,49478.58865
Missouri,2009,171.4942746,145.4412262,137.1510394,15.8928416,15.8866257,2.7458881,140.542756,4.621725,23.7969935,3.9260345,-26.400854,0.0,72.8526326,4.036641,6.9801628,9.2812526,40.1485611,1.9676505,212591.0,5961088.0,46959.41211
Missouri,2010,176.2168958,151.6251962,142.5344322,15.3565366,15.5750299,2.9085931,144.5443413,5.6583891,23.5396274,3.5598907,-24.6030997,0.0,76.884949,3.9653697,6.996969,9.2370719,40.0663926,2.0517891,216681.0,5996092.0,48857.36867
Missouri,2011,174.7588776,148.1935017,142.6891975,14.3896822,14.8426289,2.965373,144.3558785,5.8385641,22.1477857,3.458433,-26.9224029,0.0,79.544714,3.9074176,6.6103748,7.7824338,39.2553864,2.4887346,217401.0,6008984.0,47326.26756
Missouri,2012,166.0605072,139.0163121,135.901409,13.703303,13.5465517,3.0207955,136.3184018,6.3251112,21.0596372,2.9513811,-27.6694536,0.0,73.87669,3.5236302,5.3215866,8.7472834,37.9454398,2.2738335,268861.9,6024367.0,1781389.0
Missouri,2013,173.0395206,149.2739757,141.210851,13.078834,15.7164172,3.0371767,141.5647729,6.5349852,22.7562391,2.8822547,-23.7159619,0.0,76.6280264,4.1385133,6.7736376,8.5288229,38.2897882,2.072576,271475.9,6040715.0,1844957.0
Missouri,2014,175.1757756,153.0703407,141.2649866,13.405849,17.3395117,3.10591,141.2154648,6.7936807,24.7622455,2.8699394,-21.7450318,0.0,74.0786328,4.6442137,7.3668574,8.9371532,38.9023378,1.8143543,272786.8,6056202.0,1906051.0
Missouri,2015,163.6865211,141.4044026,131.8067285,13.4668684,15.2508369,3.1509674,131.8141405,6.4180332,22.9409612,2.8324342,-22.2036359,0.0,66.5704955,4.3763729,6.0241291,9.3387674,38.65516,0.7113876,276316.7,6071732.0,1822804.0
Missouri,2016,158.4149711,134.3652358,125.3744111,13.7510635,16.0662384,3.1663228,125.4815322,6.1625293,24.1754136,2.7695411,-24.3684212,0.0,62.4536056,4.1060722,5.6117628,7.7768468,39.070381,1.1828684,276210.9,6087135.0,1766509.0
Missouri,2017,164.5720359,140.7595941,130.9202629,13.9414842,16.5177526,3.1499505,130.8484107,6.3966558,24.9180044,2.702182,-23.9574014,0.0,68.4771299,4.0523976,5.3880476,7.7191595,38.5624592,1.2139843,279264.3,6106670.0,1725991.0
Missouri,2018,165.2403874,142.2478173,131.5881635,14.3992352,16.0920978,3.160891,131.5881635,6.3968453,24.8226851,2.744803,-22.9925702,0.0,65.601716,4.7609455,7.198806,8.3235327,38.8462768,1.124206,284696.3,6121623.0,1847810.0
Montana,1990,48.1356673,35.1131813,29.1421701,7.0044859,11.3101017,0.2893896,29.0854129,0.097068,15.3221901,0.3397206,-60.0144111,0.0,16.2379908,0.8724636,1.1844429,4.3522912,5.7788159,2.465181,15355.0,800204.0,8758.138255
Montana,1991,50.2825398,37.7817259,30.4608381,7.3566533,11.7306812,0.2884993,30.3181242,0.1087843,16.0243077,0.343438,-60.0074758,0.0,17.6496582,0.8801659,1.2342199,4.2052806,5.72237,2.5439702,15739.0,809680.0,8881.162591
Montana,1992,52.4894269,40.6765516,31.8134516,7.8323594,11.9464781,0.2839783,31.6423844,0.1066841,16.8499065,0.3572163,-59.6311263,0.0,18.7098913,0.7561584,1.0677778,4.3149659,6.1971875,2.5946111,16566.0,825770.0,8722.959646
Montana,1993,50.4441741,70.9831775,29.5110047,7.797033,13.2428984,0.2717684,29.3293927,0.1189511,17.7833265,0.3714722,20.3213537,0.0,15.3540939,0.8578008,1.2590452,4.6784502,6.3811354,2.5799102,17285.0,844761.0,9192.100174
Montana,1994,53.1846771,74.1689189,32.4907039,7.8014939,11.8761091,0.2692239,32.2780991,0.1167275,16.9822043,0.1373323,19.7930356,0.0,18.1554686,0.7995759,1.1462541,4.8313907,6.646684,2.6959394,17932.0,861306.0,9289.168946
Montana,1995,53.8535149,75.2931967,31.9852324,8.0345903,13.6259513,0.3121172,31.908017,0.1085322,18.6934886,0.1506918,20.5082029,0.0,17.0124142,0.8133003,1.2076124,5.2300336,6.9167032,2.6375482,18036.0,876553.0,9791.119324
Montana,1996,51.0336633,71.6595068,29.1478392,8.2390481,14.0106563,0.3488947,29.2958142,0.1136092,19.162062,0.1645831,20.1859696,0.0,14.2290136,0.9324938,1.3892593,4.9116061,6.8251768,2.7740961,18342.0,886254.0,9946.32352
Montana,1997,53.2046555,74.5803673,31.2126778,8.1588226,13.6852528,0.3672901,31.2541444,0.1184099,18.767519,0.1482412,20.7341807,0.0,16.4977665,0.9528114,1.4127127,4.5043055,6.9644539,2.8474273,24059.0,889865.0,9210.773061
Montana,1998,55.2590874,77.1207297,32.9578595,8.2514656,13.4691412,0.3906969,33.0019834,0.1273997,18.4459351,0.1662362,20.7084935,0.0,18.3007671,0.7587215,1.1708812,4.833574,6.975013,3.0799,24851.0,892431.0,9779.678716
Montana,1999,55.7411365,77.6951179,33.6321859,8.2308177,12.8894359,0.4103522,33.5903021,0.1312653,18.020786,0.1746537,20.6496961,0.0,18.4111018,0.7324984,1.1771446,5.1805594,7.222329,2.9565701,25351.0,897507.0,9912.984479
Montana,2000,53.813728,75.0815119,32.5415539,8.1393337,11.8203078,0.421201,32.4092637,0.1339293,17.2705244,0.1937834,20.1131822,0.0,17.5069278,0.8377616,1.302629,4.634032,7.3101728,2.7883103,25816.0,903773.0,10268.85291
Montana,2001,54.664693,76.2311546,32.8272951,8.5536558,12.0702447,0.374272,32.8499539,0.1358228,17.3152435,0.385386,20.33963,0.0,18.2652001,0.8440555,1.299637,3.9829962,7.4119198,3.1664176,26647.0,906961.0,8967.949935
Montana,2002,53.2554301,74.448891,31.7791334,8.5144782,11.7307114,0.3987031,31.8849167,0.1365561,16.9424864,0.4110486,20.2606862,0.0,16.5516389,0.8971798,1.363709,4.4843438,7.4133429,3.2054579,26929.0,911667.0,9554.520494
Montana,2003,55.7283647,77.6479945,33.8544568,8.5653256,11.7072283,0.4065496,33.8394878,0.1417693,16.8868075,0.4433471,20.5735922,0.0,18.6881055,1.0109676,1.436971,4.6012126,7.035366,3.2590397,28077.0,919630.0,9506.338902
Montana,2004,58.1817978,80.8024472,35.5662261,8.8110683,12.0226268,0.4201017,35.733385,0.1455015,16.9484508,0.4678156,20.8367526,0.0,19.1874115,1.0887652,1.5297291,4.9903606,7.5717726,3.7340225,29156.0,930009.0,10068.94466
Montana,2005,59.5974865,82.5657235,36.6553321,9.1127802,11.6508664,0.4298796,37.0545234,0.1509828,16.5292587,0.481905,20.8500575,0.0,19.4481043,1.1172327,1.542416,5.3022424,8.0122498,4.1417666,30054.0,940102.0,10585.4604
Montana,2006,60.99155,84.2088744,36.9232676,9.6907704,12.4461742,0.4440897,37.6395655,0.1539646,17.3989199,0.5047536,20.6363186,0.0,18.9974722,1.0948015,1.5062864,5.777437,8.2150969,4.7044511,30859.0,952692.0,11088.04076
Montana,2007,64.3700178,88.5804284,39.1258889,10.4637571,12.3161379,0.4662391,39.9074292,0.1588788,18.1099579,0.5261525,21.0662637,0.0,19.9884358,0.8611257,1.5606835,6.612569,8.575771,5.1736071,32159.0,964706.0,11893.44445
Montana,2008,64.0441321,88.2321817,38.4601311,11.0085093,11.9791743,0.4876419,39.4331019,0.159501,18.4774464,0.5224566,21.2035352,0.0,19.9841308,0.9935426,1.73366,6.228399,7.8830606,5.6042791,31946.0,976415.0,11575.85418
Montana,2009,58.9848953,82.0899907,34.1786701,10.7434441,12.3129366,0.5149678,35.2489019,0.1442628,18.7933517,0.5599863,21.543547,0.0,17.2458926,1.3882209,1.6860292,4.8582805,7.5147107,5.260465,31271.0,983982.0,10687.29189
Montana,2010,60.956501,84.7221118,35.7873019,10.1532121,13.6043278,0.550632,36.436817,0.1497611,19.5283647,0.5079031,21.9915482,0.0,20.0233021,1.2133771,1.5539173,3.92634,7.7026401,4.7169617,31918.0,990735.0,9963.207237
Montana,2011,57.6852493,80.5042424,33.0445454,10.1164755,13.5167933,0.5582325,33.7498124,0.1630268,19.3891036,0.5037156,21.6116449,0.0,16.7428314,1.3336699,1.6228435,4.0651144,7.738329,4.7488151,32683.0,997667.0,10016.88234
Montana,2012,54.5846331,76.5892879,31.6210078,9.5801293,11.8427733,0.5870245,31.8126057,0.177004,18.1248562,0.5186693,21.4533537,0.0,15.7182961,1.1737232,1.3911739,4.443477,7.4965467,3.7287304,42041.6,1003783.0,396061.0
Montana,2013,57.92555,81.0704179,33.0533012,9.7075719,14.6830793,0.5942934,33.1640311,0.1741621,20.5423397,0.5280072,22.263517,0.0,16.6323984,1.2539393,1.4831507,4.5760656,7.7285611,3.6712599,42429.7,1013569.0,406659.0
Montana,2014,58.621136,82.1311515,33.4879555,9.6543261,15.1100403,0.6068774,33.5265422,0.1787209,20.8249393,0.5280712,22.7431642,0.0,17.334793,1.2873273,1.5420967,4.4806198,7.454998,3.6467844,43285.1,1021869.0,405407.0
Montana,2015,59.1407564,82.8003436,33.7552341,9.9787102,14.8070026,0.6164637,34.1162939,0.1779046,20.523009,0.5374636,22.8015788,0.0,17.79806,1.2253824,1.4842859,4.3368502,7.2947012,4.4736532,45042.5,1030475.0,404183.0
Montana,2016,56.7631107,79.7418668,32.1121905,9.70601,14.4842469,0.6223406,32.2122405,0.1726504,20.5465747,0.5471631,22.5429785,0.0,16.140133,1.3650321,1.4487104,4.1935222,7.5087738,3.7189881,44580.7,1040859.0,405461.0
Montana,2017,56.1290735,79.0649096,32.1281322,9.6718195,13.3310726,0.6240677,32.1808405,0.1724396,19.6808497,0.5570847,22.8114757,0.0,15.5633729,1.4663788,1.6364989,4.3887942,7.6280829,3.5842823,45480.6,1052482.0,421233.0
Montana,2018,56.5379709,79.7282386,32.2377666,9.5254038,14.1477786,0.627022,32.2377666,0.1774722,20.1165801,0.5405008,23.1902677,0.0,15.1657327,1.6798323,1.7011343,4.4896019,7.7056238,3.5527841,46627.5,1060665.0,435230.0
Nebraska,1990,65.4900165,60.7784809,32.5802492,13.4331699,19.2484353,0.1537319,32.9959298,0.985030238,29.4415568,1.8278359,-4.3391251,0.0,13.7777731,2.0779153,2.5084841,4.0681431,9.8448575,2.1213377,39011.0,1581660.0,13242.45342
Nebraska,1991,66.4232301,61.1480691,33.3479404,14.1180911,18.8205635,0.152265,33.8993066,0.885361956,29.54728,1.877273,-4.7958932,0.0,14.578963,2.2227428,2.7435005,4.0734203,9.6157865,2.0842054,40250.0,1595919.0,13479.50584
Nebraska,1992,65.1287834,60.5973291,32.3515792,13.8542811,18.7727016,0.1527503,32.8713185,0.925949307,29.2304304,1.9404647,-4.1926159,0.0,13.4184853,1.9469679,2.5463543,4.2443868,9.9690607,2.0198752,42242.0,1611687.0,13194.39782
Nebraska,1993,70.486006,67.9230823,35.952541,14.142845,20.1219395,0.1774561,36.2782298,1.225302521,30.7933001,2.0076838,-2.6750924,0.0,15.840666,1.9314868,2.8710728,4.9702623,9.9799573,2.0263157,42385.0,1625590.0,13910.34301
Nebraska,1994,70.8323844,65.1253159,35.9821722,14.9034094,19.7344569,0.2278819,36.2151624,1.396877515,30.9998912,2.0727056,-5.1792674,0.0,15.2253663,2.1751812,2.6641737,5.1685728,10.2389831,1.9803664,45806.0,1639041.0,14496.61117
Nebraska,1995,72.6558081,69.0744902,38.5138161,14.885209,18.956056,0.3288539,38.8166645,1.472264654,30.1709169,2.1432496,-3.5047764,0.0,17.2444689,2.1447019,2.6808631,5.1932429,10.8335905,1.8437616,46556.0,1656992.0,15207.56685
Nebraska,1996,76.7716721,70.7163791,39.6185181,15.4050395,21.2874314,0.3965651,39.909438,1.578966516,32.9252507,2.2171882,-5.5098897,0.0,17.2701175,2.2666922,3.0657986,4.6898632,11.8250008,1.7832587,49276.0,1673740.0,15996.46481
Nebraska,1997,78.2643704,73.9258734,41.4245359,15.9703523,20.4309975,0.4642801,41.3097531,2.110009877,32.4954812,2.2942138,-4.1577206,0.0,18.499569,2.0270611,2.8725576,5.1051073,12.0273485,1.7067767,60444.0,1686418.0,16328.01565
Nebraska,1998,81.3019109,76.1784237,42.8775135,16.3399707,21.569998,0.4958724,42.7024399,2.227185625,33.928766,2.3692595,-4.8095749,0.0,19.1807782,1.6385636,2.6213923,5.8525205,12.575182,1.6834082,60817.0,1695816.0,16744.53946
Nebraska,1999,79.9716602,73.8630805,41.5434294,16.5000895,21.4082384,0.546899,41.4896481,2.098244125,33.9077524,2.4410729,-5.5811684,0.0,18.5200801,1.5610721,2.6185214,5.0858762,12.8566447,1.5380216,62427.0,1704764.0,16496.60082
Nebraska,2000,78.0973854,68.9265056,41.2838615,16.9392395,19.4804089,0.585955,41.1931534,2.14830425,32.3332696,2.5119509,-8.0001898,0.0,19.3430184,1.7231354,2.7576385,5.322588,11.3613379,1.6565091,65318.0,1713820.0,16539.6417
Nebraska,2001,81.7702289,73.226284,42.3806659,16.8304422,21.9593859,0.6214078,42.4407576,2.024675434,34.7363467,2.5771024,-7.5346473,0.0,20.9570544,1.6923482,2.9656637,5.5576217,10.7011465,1.6257013,66094.0,1719836.0,16478.10433
Nebraska,2002,79.821561,70.205825,41.9056463,16.3695215,20.9366896,0.6473755,41.8237551,2.145951188,33.4298526,2.3677116,-8.3696228,0.0,20.3421025,1.6066482,2.8754811,5.4386683,10.9510161,1.6374921,66640.0,1728292.0,16761.95237
Nebraska,2003,81.4013665,72.5887385,43.0066664,16.3187983,21.3997911,0.6671864,42.9099704,2.174546635,33.8359861,2.4788427,-7.7450442,0.0,21.2665073,1.6814833,2.748905,5.4009618,11.2104167,1.6735061,70242.0,1738643.0,16987.51378
Nebraska,2004,81.5625276,73.1327888,42.8274978,16.2430598,21.7732684,0.6823081,42.709949,2.172087451,34.1424645,2.5872973,-7.4419254,0.0,20.8603361,1.7730455,2.5109778,5.6122897,11.316361,1.645606,71045.0,1749370.0,17311.58035
Nebraska,2005,82.1250408,73.5279541,43.1861701,16.6751574,21.5788416,0.702989,43.0728497,2.149515478,34.3173918,2.6901939,-7.580123,0.0,21.5705158,1.582264,2.5008868,5.5274726,11.2910605,1.6058197,72505.0,1761497.0,17509.54822
Nebraska,2006,82.1066096,72.1329146,43.7708251,17.2487687,20.4931812,0.7312883,43.5709447,2.233460832,33.7874972,2.5834315,-8.6749962,0.0,21.3960779,1.6357377,2.3337279,6.1623779,11.3971613,1.6154873,74442.0,1772693.0,17937.96624
Nebraska,2007,83.8383262,75.3260257,44.1507564,18.0894028,21.0245242,0.7680572,43.9176352,2.27851377,35.0264038,2.6899521,-7.5281472,0.0,20.5845484,1.7441747,2.531246,6.9101357,11.4218167,1.9664393,76862.0,1783440.0,19163.14448
Nebraska,2008,86.0522245,78.1421008,45.9736726,17.641099,21.7033048,0.8169481,45.9279168,2.178238849,35.3460145,2.6144796,-7.0691267,0.0,22.114059,2.0306178,2.860406,7.1167714,11.1250889,2.702371,77702.0,1796378.0,20164.77727
Nebraska,2009,86.9081115,80.3524176,46.2049564,17.3339079,22.496648,0.8735331,46.4698802,1.872659619,35.9108671,2.6687179,-5.9994566,0.0,23.3679225,1.8199073,2.672021,6.7923974,11.2054099,2.3685779,77625.0,1812683.0,19708.66493
Nebraska,2010,89.4750537,84.5101291,48.76934,17.2830349,22.4619128,0.9257594,49.0114893,1.99046795,35.8114783,2.7266092,-4.7572358,0.0,23.3586061,1.8139252,2.6568563,7.3625225,13.0069332,2.350168,80638.0,1829696.0,21787.90724
Nebraska,2011,91.9475173,84.8401702,51.230177,17.2672978,22.4396958,0.9431233,51.3841664,2.13026792,35.8261084,2.606437,-6.4837741,0.0,25.7254503,1.8211788,2.6130941,7.9719801,12.5401402,2.5578687,82172.0,1842234.0,21958.58398
Nebraska,2012,88.4301567,80.5353897,49.6339551,17.6959031,20.2766266,0.9509226,49.6613705,2.217214684,34.048822,2.5614936,-7.0783802,0.0,24.6971769,1.5401052,2.0501423,8.5063279,12.1372289,2.4805752,102605.3,1853303.0,853545.0
Nebraska,2013,94.21757,89.8752153,52.4418431,17.3994814,23.2981868,0.9596704,52.4852591,2.233507586,36.8429575,2.6138824,-4.3048229,0.0,26.364872,1.9343735,2.7061041,8.6057016,12.2108429,2.1116759,103974.8,1865279.0,872672.0
Nebraska,2014,93.0582849,90.402636,51.1980748,16.9730798,23.7263749,0.9874296,51.1591304,2.270053825,37.0642712,2.3356928,-2.9526458,0.0,24.6170919,1.9504874,2.758477,8.4757191,12.6253609,1.3707034,107394.4,1879321.0,870152.0
Nebraska,2015,92.2606531,89.1153424,49.7660467,17.3140098,24.0394036,1.0060788,49.7387589,2.245717084,37.6581426,2.3846269,-3.3349519,0.0,23.6891417,1.9088232,2.3263901,8.5263586,12.5244282,1.4362454,110752.9,1891277.0,853843.0
Nebraska,2016,88.777617,83.514724,47.6652514,17.7363162,22.3926332,1.018603,47.6277331,2.210402424,36.3985835,2.3315234,-4.9879614,0.0,21.41777,1.7707185,2.1942092,8.8179804,12.5663828,1.3384914,111611.7,1905616.0,868334.0
Nebraska,2017,88.3949359,83.3984653,47.1755503,17.8672089,22.3920215,1.016079,47.0507016,2.271578001,36.5055287,2.3859615,-4.7725775,0.0,20.7067263,1.8704633,2.1926023,8.7608406,12.6293935,1.3030672,113754.2,1915947.0,876119.0
Nebraska,2018,93.9529005,89.8057241,51.5800312,18.2565046,23.0959062,1.0204585,51.5800312,2.241136178,37.6195789,2.1232561,-4.1471764,0.0,23.8457418,2.27687,2.7803753,8.6033107,13.2491103,1.2338514,115087.9,1925614.0,914565.0
Nevada,1990,35.7840119,35.7800073,32.8642197,1.2987072,2.0763687,0.1314558,33.6117243,0.2729878,2.2507938,0.1773707,-2.235852875,0.0,16.9139896,1.0291858,1.1991495,2.063111,11.0580631,15.2045886,36891.0,1220695.0,10157.29438
Nevada,1991,38.4546871,38.3935094,35.4968508,1.341193,2.0723664,0.1270816,35.7113222,0.6117424,2.2480427,0.1885146,-2.452887471,0.0,18.1762467,1.1138579,1.29912,2.1585772,11.519963,12.7960632,37713.0,1296171.0,10476.39663
Nevada,1992,39.4784414,39.7819853,36.4210009,1.4009196,2.0901131,0.1406034,36.8595808,0.5164974,2.2894553,0.1980579,-2.195050358,0.0,18.8392636,1.0718943,1.2370995,2.4268453,11.7753032,14.0216577,40564.0,1351367.0,10824.25159
Nevada,1993,39.9166568,40.8538439,36.7432593,1.3987619,2.2595467,0.1593075,37.3626454,0.4322642,2.3230961,0.2206488,-1.663483478,0.0,18.4438439,1.3585548,1.3752267,2.4758643,12.2243556,7.2086654,43994.0,1411215.0,11441.16244
Nevada,1994,42.4098018,42.2434634,39.1541308,1.4405288,2.2331192,0.2055966,39.822763,0.4882929,2.2256301,0.2429559,-2.792376994,0.0,19.9209512,1.3815947,1.3912295,2.5885618,12.9614309,6.6834007,48267.0,1499298.0,12386.09619
Nevada,1995,41.9921147,42.6477302,38.451249,1.5013318,2.4113027,0.2938758,38.9196603,0.6673414,2.352001,0.2648011,-2.041317023,0.0,18.3326554,1.3821833,1.3165268,2.9477848,13.4712822,5.3325355,51081.0,1581578.0,12751.08686
Nevada,1996,45.4786172,45.3525602,41.8028541,1.5406843,2.4313361,0.3685201,41.8322492,0.9980283,2.3428164,0.2894154,-2.948289326,0.0,19.714948,1.5479623,1.4466277,2.6200129,15.0070282,4.633306,55725.0,1666320.0,13882.74947
Nevada,1997,45.36585,45.9046999,41.3727131,1.6573073,2.5635457,0.4459414,41.8399516,0.8398672,2.4242909,0.3206013,-2.354774254,0.0,19.5947758,1.3264836,1.6112208,2.7674363,15.0507215,4.2374257,73568.0,1764104.0,13992.82123
Nevada,1998,47.8767012,48.2684114,43.7674041,1.6697681,2.66397,0.4903332,44.3195927,0.8511251,2.447123,0.3346391,-2.641193548,0.0,21.2581031,1.4375481,1.9110108,2.6505536,15.4407474,3.4937208,78307.0,1853191.0,14473.57876
Nevada,1999,48.7341302,48.812947,44.5711762,1.6981504,2.5584109,0.5621425,45.099073,0.9006427,2.3735219,0.3592811,-2.970669947,0.0,21.4207483,1.4199945,1.8270309,2.5211081,16.3428905,3.2326064,84092.0,1934718.0,14986.71775
Nevada,2000,53.2048391,52.3908729,48.8257895,1.7933258,2.5858802,0.6437605,49.4392824,0.9364381,2.4394992,0.3938429,-4.037045043,0.0,24.8610607,1.5690931,1.8411403,2.3807568,16.9900937,2.8592484,88043.0,2018741.0,15499.12595
Nevada,2001,52.4882392,51.8661159,47.8508775,1.9095012,2.6491315,0.7032696,48.5970158,0.8715804,2.5427728,0.444564,-3.823126433,0.0,24.1791396,1.3883754,1.9596492,2.3588488,16.9791371,2.6375345,88919.0,2098399.0,15682.80567
Nevada,2002,49.1569588,47.866402,44.5281511,1.9487067,2.4298069,0.7529313,45.1843081,0.879389,2.4247691,0.4822386,-4.204901422,0.0,21.0400068,1.416953,1.9829558,2.1082365,17.1722926,2.563909,91013.0,2173791.0,15499.25195
Nevada,2003,51.6509919,50.869546,46.8087055,2.0620557,2.4724332,0.7972759,47.456433,0.9300535,2.4884175,0.5280141,-3.911426634,0.0,22.9792943,1.4248263,1.9648225,1.944012,17.5741775,2.3438735,95930.0,2248850.0,16125.56224
Nevada,2004,56.2581627,55.9560312,51.2649676,2.1595534,2.4501599,0.8449519,51.9195271,0.9768295,2.4882733,0.5812465,-3.776057937,0.0,25.3102446,1.59954,2.1549751,2.4349122,18.6218779,2.2847465,104852.0,2346222.0,16992.6041
Nevada,2005,58.7027455,58.5115377,53.569698,2.2682328,2.369623,0.8930767,54.1994832,1.0363544,2.4217258,0.6393513,-3.830718716,0.0,26.30943,1.6972182,2.2050032,2.6970148,19.4035441,2.1570084,114478.0,2432143.0,17620.02317
Nevada,2006,50.083837,48.7487716,44.8405476,2.3056147,2.2862402,0.962203,45.2482591,1.0856329,2.4694319,0.6567983,-4.301981853,0.0,16.6315008,1.7681525,2.2621679,2.7840196,20.6671654,2.212867,119150.0,2522658.0,18675.25547
Nevada,2007,50.3700441,49.6442772,45.0276124,2.3275708,2.2683121,1.0344278,45.4016201,1.1298884,2.4810936,0.675297,-3.782405372,0.0,16.7599841,1.6878788,2.2634979,2.7377648,20.8307621,2.1143433,123719.0,2601072.0,18541.34491
Nevada,2008,49.5189976,48.9722287,44.0993944,2.3605966,2.1720683,1.1112718,44.4409609,1.160776,2.4642342,0.6948106,-3.571429384,0.0,17.9452423,1.7263065,2.3087521,2.633859,18.5204625,2.0009392,119826.0,2653630.0,17663.51764
Nevada,2009,47.9067985,47.7805977,42.382437,2.3967419,2.105747,1.1909483,42.7671275,1.1374416,2.4812247,0.7160256,-3.099893782,0.0,18.1183062,1.7170927,2.3201365,2.5495084,16.6739349,1.8202864,110001.0,2684665.0,16469.88927
Nevada,2010,45.9605041,46.3192861,40.4576895,2.3359025,2.0476845,1.2650636,40.8039003,1.1762316,2.4896488,0.6821899,-2.550699343,0.0,16.8065147,1.756485,2.3487304,2.6281903,15.9244857,1.6935562,109610.0,2703758.0,16283.1856
Nevada,2011,42.143312,41.3547789,36.6433001,2.3583576,1.9273986,1.2864143,36.8057919,1.2468626,2.4473899,0.6902653,-3.324558455,0.0,14.5428316,1.8022044,2.3742539,1.7417435,15.2459877,1.573683,111574.0,2720028.0,15939.18617
Nevada,2012,42.7075589,41.6561779,37.431088,2.2170329,1.827167,1.3047334,37.5118751,1.296339,2.4419944,0.6131055,-3.591602648,0.0,14.6747187,1.6922419,2.1514785,2.0468939,15.8641064,1.2085476,127789.1,2743996.0,639160.0
Nevada,2013,44.8230135,45.3366718,39.4151949,2.2665824,1.9165526,1.3244937,39.5293301,1.3006992,2.4683023,0.6519783,-2.343130681,0.0,15.3746576,1.8583025,2.4380022,2.3424699,16.3168979,1.0631561,128341.2,2775970.0,659264.0
Nevada,2014,45.8014138,47.0720182,40.2787686,2.2759906,2.0035629,1.373127,40.350858,1.3638472,2.5109106,0.6625749,-1.736503141,0.0,15.9505338,1.7212908,2.0481001,3.1071013,16.2397591,0.9611154,129405.2,2817628.0,661976.0
Nevada,2015,43.6834397,44.6064552,38.243852,2.257581,1.7998997,1.4190002,38.2658924,1.3871805,2.3401821,0.6729169,-1.910967409,0.0,14.4652913,2.1067459,2.1653708,2.0329382,16.4025416,0.7997149,134892.2,2866939.0,651378.0
Nevada,2016,45.2526276,45.4692058,39.7993845,2.2841262,1.715644,1.4490941,39.8203159,1.4206995,2.2869297,0.6834596,-2.63197049,0.0,13.9349203,2.1650795,2.2840942,3.0227781,17.2569056,0.7971545,138638.9,2917563.0,680123.0
Nevada,2017,45.0650759,45.3903825,39.6481562,2.2470087,1.7076285,1.4630832,39.6489893,1.4313289,2.3523107,0.650067,-2.524366664,0.0,12.903211,2.2509759,2.3928983,3.3067162,17.6777739,0.8199611,143590.9,2969905.0,706273.0
Nevada,2018,46.6460186,47.4053031,41.0877688,2.3166566,1.7510196,1.4905735,41.0877688,1.4669722,2.4644676,0.6559065,-2.240201235,0.0,13.697537,2.2999842,2.4208163,3.5733112,17.8882904,0.5340233,149663.0,3027341.0,727227.0
New Hampshire,1990,16.4826036,9.9950794,14.4986107,1.8359039,0.5863332,0.0896826,14.7072079,0.0408003,0.2353418,1.7285131,-6.5851299,0.0,4.7611762,1.3020107,2.2108066,0.7694234,5.4908617,0.0,27259.0,1112384.0,6739.75292
New Hampshire,1991,16.1556504,9.6523177,14.1798748,1.871938,0.5808124,0.084535,14.3858642,0.0384773,0.2233223,1.7994156,-6.5709479,0.0,4.360932,1.2653066,2.2101908,0.7721442,5.6020162,0.0,27411.0,1109929.0,6355.812162
New Hampshire,1992,16.2523572,9.7856485,14.3171412,1.7022709,0.6030233,0.0910596,14.5250954,0.0410597,0.2245736,1.655276,-6.5493973,0.0,4.2361717,1.1383872,2.3118744,1.0642649,5.583672,0.0,28486.0,1117784.0,6591.35261
New Hampshire,1993,16.7709869,9.2946127,14.7792652,1.6811382,0.6381338,0.1066018,15.001703,0.0473258,0.2376952,1.6274855,-7.4057383,0.0,4.4142765,1.1253953,2.3023023,1.2858975,5.6816204,0.0,28832.0,1129458.0,6597.198912
New Hampshire,1994,16.8988928,9.4395719,14.8594364,1.7163251,0.629734,0.1419735,15.0770469,0.0641873,0.2258069,1.6687482,-7.4025276,0.0,4.3543661,1.2666257,2.3537965,1.0901699,5.8155922,0.0,30113.0,1142560.0,6669.824093
New Hampshire,1995,17.0409546,9.6533419,14.9636923,1.5933727,0.6397364,0.21655,15.1782163,0.0961494,0.2310712,1.5392927,-7.3564389,0.0,4.2839604,1.1574238,2.4687094,1.0075575,6.0609186,0.0,32379.0,1157561.0,6739.097731
New Hampshire,1996,17.4340206,10.0949521,15.2584041,1.6360698,0.654949,0.2696092,15.4286677,0.1149645,0.2285068,1.7488471,-7.3496846,0.0,4.0756656,1.2859612,2.6244518,0.9935303,6.2284631,0.0,34858.0,1174719.0,7050.388108
New Hampshire,1997,18.5580937,11.3720307,16.4080965,1.3397647,0.6549071,0.3194171,16.6476728,0.1373005,0.226137,1.2151043,-7.318941,0.0,5.0487478,1.30123,2.5976983,0.9554093,6.5429287,0.0,40120.0,1189425.0,7038.922301
New Hampshire,1998,18.5915863,11.4247101,16.3906181,1.375725,0.6579771,0.3521685,16.6294602,0.1459985,0.2313785,1.2784053,-7.306237,0.0,4.6733479,1.1538314,2.5283292,0.9252693,7.1628963,0.0,43157.0,1205940.0,7112.076673
New Hampshire,1999,18.6735474,11.5198838,16.6222797,0.9247252,0.646591,0.3923696,16.7940379,0.1620421,0.2362755,0.9350002,-7.3023384,0.0,4.5514221,1.1853252,2.5500122,0.9181782,7.4013065,0.0,45175.0,1222014.0,7362.510071
New Hampshire,2000,19.3133056,12.2054297,17.2224997,0.940964,0.6280943,0.4145867,17.425946,0.1709141,0.2300251,0.8306456,-7.3181178,0.0,4.4745087,1.4515868,2.6098832,1.1472083,7.5327383,0.0,48814.0,1239882.0,7801.486706
New Hampshire,2001,18.7478788,11.6096831,16.7237065,0.8060805,0.6139601,0.4375567,16.8918589,0.1801243,0.2277057,0.76709,-7.295994,0.0,4.1229663,1.3194636,2.542716,1.1692556,7.5342826,0.0,48742.0,1255517.0,7720.948857
New Hampshire,2002,19.5404691,12.493359,17.4435636,0.9240352,0.5789151,0.4588408,17.5556206,0.1886861,0.2297919,0.9439466,-7.2878543,0.0,4.276237,1.3169621,2.3733627,1.0588856,8.3586109,0.0,50074.0,1269089.0,7969.618285
New Hampshire,2003,22.9999998,16.344372,20.6930231,1.0655978,0.5699936,0.4781975,20.7382007,0.1963246,0.2256698,1.187489,-7.2572349,0.0,7.0698927,1.6399702,2.9380811,1.0619786,7.8159926,0.0,51452.0,1279840.0,8201.605593
New Hampshire,2004,24.0996555,17.5799315,21.7166973,1.1352255,0.5560745,0.4926419,21.6949349,0.2021092,0.2264506,1.382867,-7.2382622,0.0,7.6162127,1.7774466,3.0194769,1.0812291,7.9829767,0.0,52891.0,1290121.0,8371.148348
New Hampshire,2005,23.4173933,16.8480726,21.0137253,1.259943,0.5331331,0.5091472,21.011034,0.208675,0.2375827,1.4064578,-7.2220525,0.0,7.6287133,1.8842187,2.8359737,0.9408589,7.5169364,0.0,53693.0,1298492.0,8201.630793
New Hampshire,2006,21.4534048,14.6920086,19.1226892,1.2989358,0.4904012,0.5351751,19.1332274,0.2190314,0.2399687,1.3603725,-7.2151224,0.0,6.7103657,1.3080601,2.493037,1.06003,7.397903,0.0,54494.0,1308389.0,7736.925389
New Hampshire,2007,21.2559265,14.5117547,18.9289928,1.3115548,0.4560574,0.5625233,18.922428,0.2298503,0.230189,1.374274,-7.1849818,0.0,6.6053882,1.3583137,2.4911252,0.8394887,7.4682935,0.0,54819.0,1312540.0,7831.247407
New Hampshire,2008,20.7945965,14.0304837,18.5367412,1.1572713,0.4335256,0.5936365,18.4998511,0.2421323,0.2510066,1.2030871,-7.1630656,0.0,6.530512,1.3492114,2.4469389,0.7886812,7.2272615,0.0,54456.0,1315906.0,7655.581154
New Hampshire,2009,18.9549954,12.0142303,16.8478611,0.9376632,0.407167,0.628843,16.8898981,0.2557679,0.2564912,0.7345045,-7.1539488,0.0,5.2662244,1.3041303,2.3185188,0.7202781,7.123143,0.0,53475.0,1316102.0,7534.925579
New Hampshire,2010,18.5250255,11.5598043,16.4275036,0.9398149,0.3883057,0.6513979,16.4553953,0.2649895,0.2526827,0.7514208,-7.1382532,0.0,5.3244075,1.170193,2.0728621,0.7166709,7.0435125,0.0,55242.0,1316843.0,7448.062636
New Hampshire,2011,18.1390825,11.1150746,16.0873843,0.9266087,0.347007,0.6603858,16.0917122,0.2684601,0.2381389,0.7546503,-7.153848,0.0,4.9031787,1.2869344,2.17095,0.7004159,6.8814579,0.0,56443.0,1317807.0,7360.569704
New Hampshire,2012,16.4047839,9.1994858,14.467797,0.8872712,0.3091532,0.6630311,14.4557462,0.2697552,0.2181207,0.7585176,-7.1571391,0.0,4.093434,1.1779099,1.7772329,0.6453604,6.6457082,0.0,67635.7,1324232.0,285521.0
New Hampshire,2013,16.1629819,8.9758265,14.2155422,0.9279258,0.3083438,0.6674546,14.2175301,0.2714831,0.2196624,0.7654667,-7.122609,0.0,3.261482,1.2144651,2.1167786,0.7527601,6.7075306,0.0,68124.5,1326622.0,303940.0
New Hampshire,2014,16.9070656,9.8837947,14.9159663,0.9357174,0.2993201,0.68523,14.9105779,0.2785745,0.212062,0.7761078,-7.0518104,0.0,3.2920405,1.3469989,2.5007831,0.7913392,6.7710744,0.0,69506.5,1333341.0,312020.0
New Hampshire,2015,17.159604,10.2218086,15.1030008,1.0371835,0.299602,0.6990597,15.1317177,0.2838841,0.2156485,0.7834463,-7.0037239,0.0,3.491716,1.4075926,2.5354874,0.7341578,6.7525025,0.0,71419.1,1336350.0,314894.0
New Hampshire,2016,15.6779719,8.6312966,13.708906,0.9850869,0.2857625,0.7042472,13.7073287,0.285886,0.223486,0.7923654,-6.9694678,0.0,2.3804426,1.3184834,2.3382122,0.7089901,6.7611885,0.0,73022.7,1342307.0,305784.0
New Hampshire,2017,15.4336342,8.4313767,13.4776956,1.0022971,0.2764703,0.7015941,13.4802481,0.284674,0.2191844,0.7964585,-6.9135551,0.0,1.843899,1.2461585,2.566563,0.7465512,6.8500337,0.0,74253.6,1348787.0,317213.0
New Hampshire,2018,16.166585,9.3103552,14.1774142,1.0124562,0.2727077,0.7040069,14.1774142,0.2855984,0.2162892,0.7970273,-6.8562299,0.0,2.0473604,1.394767,2.7961974,0.7827063,6.9025787,0.0,76165.3,1353465.0,324693.0
New Jersey,1990,111.6745589,104.9576746,101.6516075,5.7079487,4.2994632,0.5659614,104.1692643,0.2274186,0.6683688,4.643652,-6.7072391,0.0,12.1778504,10.7208222,15.3668138,14.6502548,49.9167201,0.0,253360.0,7762963.0,56593.73967
New Jersey,1991,112.3353783,105.6090809,102.5241628,5.4629786,4.3611918,0.5566441,105.0893412,0.2227806,0.6417357,4.468878,-6.7169456,0.0,12.0112756,10.8179192,15.3400778,14.8793389,50.6395401,0.0,252718.0,7814676.0,57326.92137
New Jersey,1992,118.2659808,111.526791,108.782072,5.0180611,4.4323952,0.5796689,111.3365468,0.2304646,0.6069638,4.2177951,-6.7332998,0.0,12.7014148,11.2167789,16.6287923,18.7489533,50.9370443,0.0,256965.0,7880508.0,59409.89322
New Jersey,1993,115.6835936,109.3290623,106.0175049,4.953303,4.6989099,0.7013579,108.4940968,0.2729328,0.716484,4.2510218,-6.3515151,0.0,13.368081,10.588919,16.2788164,19.0278621,48.3664165,0.0,259805.0,7948915.0,59683.56063
New Jersey,1994,124.8031616,118.4508222,115.0639372,4.7827168,4.6104971,0.9355925,117.6246165,0.3567396,0.6072599,4.1401368,-6.3549008,0.0,15.3992212,10.8254696,18.0658787,19.6892304,52.7033849,0.0,265388.0,8014306.0,62549.28174
New Jersey,1995,124.9821331,118.7354136,114.9550987,4.6639323,4.5440647,1.4333845,117.4003179,0.5329701,0.5523175,4.1431834,-6.2506108,0.0,16.9506571,9.8696753,16.0811155,19.9467368,53.4997863,0.0,271764.0,8083242.0,62431.19653
New Jersey,1996,125.2709222,119.0389217,114.9320314,4.6038799,4.6430702,1.7773706,117.2406755,0.6502924,0.6042101,4.2131996,-6.2362378,0.0,15.7600998,11.027356,17.7379323,19.9758167,51.9030269,0.0,283608.0,8149596.0,62500.41976
New Jersey,1997,127.4276549,121.1934358,117.0051707,4.4495397,4.5226172,2.1031248,118.7595345,1.0583475,0.5611316,3.9119562,-6.2397438,0.0,17.1096267,11.2972823,16.9541052,20.135227,52.4596016,0.0,357153.0,8218808.0,63018.64907
New Jersey,1998,122.6992187,116.4405266,112.7634633,3.8345941,4.5139913,2.3115065,114.4189253,1.1173071,0.5785185,3.4812398,-6.2610551,0.0,15.8950169,9.9975598,15.013652,19.0606539,53.2426896,0.0,364286.0,8287418.0,61757.78822
New Jersey,1999,125.6021871,119.3450372,115.9140151,3.3379227,4.4745269,2.5904952,117.5593204,1.1719349,0.6081043,3.1499839,-6.2612981,0.0,16.6135249,11.5060972,16.0147696,19.4359705,53.0199553,0.0,375892.0,8359592.0,64581.47645
New Jersey,2000,125.4053539,119.0734142,115.7293828,3.2236329,4.3648734,2.7828474,117.2859706,1.2652979,0.540213,3.0762736,-6.3351036,0.0,18.8776352,10.7970726,16.7678198,12.9053703,56.5527075,0.0,394422.0,8430621.0,62329.26424
New Jersey,2001,122.2177189,115.906094,112.8123757,2.9101442,4.2072591,2.9773891,114.4401493,1.315833,0.5600383,2.6935026,-6.3130829,0.0,18.6121506,9.3607341,16.2549091,14.0096914,54.8815174,0.0,402753.0,8492671.0,61716.03252
New Jersey,2002,121.9629208,115.6448295,112.4153798,3.1374623,3.845383,3.1301257,114.0102154,1.3805906,0.4973253,2.7521961,-6.3193195,0.0,19.0211722,9.3459433,15.6125341,13.2629651,55.3635883,0.0,408423.0,8552643.0,62524.73736
New Jersey,2003,123.8097139,117.5694519,113.9476091,3.4503255,3.6385634,3.2493066,115.3962192,1.3748843,0.5006541,3.1209905,-6.2435141,0.0,17.960135,10.4142326,18.1985265,13.6764277,54.0146344,0.0,416436.0,8601402.0,63254.03832
New Jersey,2004,126.6055227,120.3993206,116.8728875,3.2740171,3.5414013,3.3396157,117.8211611,1.4603907,0.514408,3.2207911,-6.21155,0.0,18.891467,10.660595,17.214896,14.0283264,55.7793109,0.0,424471.0,8634561.0,64382.14779
New Jersey,2005,130.7159872,124.5501195,121.1964012,3.0606322,3.3273337,3.4442319,121.9839022,1.445304,0.4753189,3.2332632,-6.1741845,0.0,19.0940072,11.0210753,16.5951297,14.0196959,59.6576503,0.0,430246.0,8651974.0,66881.11426
New Jersey,2006,123.8654105,117.7157613,114.4362849,3.0220856,3.1514631,3.5823005,114.9592239,1.4749284,0.4845445,3.318745,-6.1539826,0.0,18.1020831,9.3267675,13.905308,12.7837233,58.9191138,0.0,440262.0,8661679.0,63915.09883
New Jersey,2007,130.6038979,124.5364817,121.5367863,2.5348845,2.9965424,3.7602145,122.030225,1.52093,0.4895158,2.9414442,-6.0768027,0.0,19.2260093,10.7351534,15.8170297,12.6540323,61.7052553,0.0,443536.0,8677885.0,67397.4788
New Jersey,2008,128.977002,122.9644601,119.5396076,2.8422104,2.8013805,3.977738,119.7682992,1.5927396,0.5189721,3.275538,-6.0215722,0.0,18.5128034,10.4061746,15.5885695,10.9860598,62.1772726,0.0,443833.0,8711090.0,65672.94574
New Jersey,2009,113.4160867,107.4209812,103.4696149,3.471291,2.4775922,4.227996,104.1910421,1.5926011,0.4917497,3.3484318,-5.9948631,0.0,14.5489568,10.8690234,15.3360294,9.4295188,52.4145981,0.0,424871.0,8755602.0,60285.95652
New Jersey,2010,115.8121392,109.8006698,105.7433213,3.4771364,2.2878021,4.4612983,106.3825281,1.6632727,0.4252446,3.41514,-6.0124967,0.0,17.6289846,10.6688196,14.4280131,8.6248267,53.4871994,0.0,431409.0,8803388.0,60951.20016
New Jersey,2011,116.9370235,110.8664587,107.0369224,3.2956327,2.1809244,4.5387033,107.5954261,1.6902008,0.4197861,3.2922577,-6.071594,0.0,15.5220826,11.42036,13.7682475,9.8513821,55.220977,0.0,432415.0,8834773.0,61448.84141
New Jersey,2012,106.5122798,100.4007989,96.9091562,3.2018562,1.9923579,4.5568487,97.2442541,1.6964396,0.4185826,3.2470765,-6.1056902,0.0,14.7766248,10.2210331,12.3100691,9.9003361,48.6047483,0.0,519569.0,8844942.0,2249662.0
New Jersey,2013,109.2832523,103.2222477,99.626715,3.2043885,1.9974748,4.5796285,99.9371087,1.7049489,0.4564994,3.2531472,-6.0574844,0.0,14.3623393,10.3103455,14.5355226,9.315416,49.9427015,0.0,526889.9,8856972.0,2313455.0
New Jersey,2014,115.3216752,109.2695377,105.3170259,3.4247864,1.9534517,4.6830061,105.6130776,1.7413323,0.4501185,3.4560902,-6.0523961,0.0,16.6867108,12.0072902,15.9561856,9.3008886,50.5080855,0.0,524420.4,8864525.0,2351525.0
New Jersey,2015,113.6753945,107.663339,103.7523223,3.3704671,1.8103201,4.7693377,103.8782853,1.7709584,0.4268806,3.4886537,-6.0117751,0.0,17.8199199,10.4394637,15.2619131,9.2655509,49.9456446,0.0,535284.5,8867949.0,2295158.0
New Jersey,2016,113.1685922,107.1931606,103.1180539,3.4940911,1.7980518,4.7859684,103.1832825,1.7771323,0.4449786,3.6108683,-5.975266,0.0,19.6153167,9.7612637,13.3225313,9.7927537,49.5882726,0.0,540380.3,8870827.0,2213421.0
New Jersey,2017,105.5090285,99.6032263,95.4268047,3.6679864,1.7360118,4.7517071,95.371127,1.7641514,0.4564318,3.7667309,-5.901778,0.0,16.673187,9.4448756,13.6380885,9.021976,45.5824428,0.0,540656.6,8885525.0,2136414.0
New Jersey,2018,110.8430033,105.0043977,100.6295916,3.7752751,1.6840437,4.7540929,100.6295916,1.7646165,0.4211796,3.8422367,-5.8386056,0.0,17.3018957,10.4205595,15.5078817,9.2967038,47.1792529,0.0,549000.8,8886025.0,2240709.0
New Mexico,1990,67.5977631,70.3320438,55.1572036,7.9918318,7.8376887,0.0997974,46.4258562,0.1207564,8.2584207,0.5872438,3.7096347,0.0,27.5138662,1.6185284,1.9139099,7.0069079,14.9374231,5.2631382,28714.0,1521574.0,15030.26262
New Mexico,1991,63.8338562,67.1955786,50.6178109,8.7772791,7.5326619,0.0981724,43.4415938,0.1687037,8.1414952,0.6093354,4.0315403,0.0,23.6832131,1.6213225,1.9036467,6.4765038,14.7433125,6.0497422,31980.0,1555305.0,14848.87606
New Mexico,1992,66.6856582,69.3924122,53.1370452,8.9902272,7.7200153,0.1030916,45.6424685,0.1207163,8.3470054,0.637275,3.6659291,0.0,26.511307,1.6878382,1.9412036,6.7141567,14.3262357,6.1110819,33855.0,1595442.0,14782.27358
New Mexico,1993,69.5542928,73.9566207,54.5137307,10.0599572,8.3009066,0.1247162,47.1099343,0.2241139,9.0599586,0.6638249,4.8939426,0.0,27.030073,1.6863832,1.8956238,6.483683,15.0308788,7.0210797,37463.0,1636453.0,15182.11527
New Mexico,1994,70.673003,77.4509824,54.5415576,11.0282189,8.0446998,0.1562223,47.7099031,0.2566495,9.2997268,0.6914402,6.534846,0.0,28.0287722,1.4288945,1.7676697,6.5392247,14.3954472,7.8058867,42030.0,1682398.0,14860.01428
New Mexico,1995,69.4850263,74.767862,52.8002018,11.3359406,8.225479,0.2230751,46.6741527,0.2356725,9.6585128,0.7237216,5.4888356,0.0,27.6909367,1.4281057,1.7085935,6.8550583,13.0701727,7.9499465,42733.0,1720394.0,14641.81114
New Mexico,1996,72.5289634,79.6735671,55.1021798,11.8226663,8.4390231,0.2685247,48.601426,0.2654543,10.1900253,0.7560458,6.8343072,0.0,28.1996319,1.5518515,1.9877734,8.0273819,13.1201395,8.2291583,44604.0,1752326.0,15192.3715
New Mexico,1997,77.2582674,82.9556064,58.5940024,12.7917802,8.5048416,0.3081408,52.0452079,0.2876298,10.3096764,0.774547,5.9832496,0.0,29.363646,1.5958371,2.1726638,7.2896549,15.7373255,9.2430782,53246.0,1774839.0,16178.63255
New Mexico,1998,77.2980434,83.6058999,58.1702874,13.1679806,8.4638995,0.3300514,51.9174804,0.3006534,10.5117534,0.7929066,6.3981416,0.0,29.8659398,1.5430131,2.1616283,6.4495599,15.7216906,9.519939,54200.0,1793484.0,15966.62851
New Mexico,1999,77.6241845,84.6531412,59.061497,12.6730871,8.4122489,0.3398221,52.046365,0.3074547,10.6268578,0.8355656,6.8958491,0.0,30.4851269,1.626408,2.2523206,6.4485939,15.7511558,8.8452077,57749.0,1808082.0,16053.11346
New Mexico,2000,81.8907983,91.0171594,60.9794406,14.8152872,8.075158,0.3361995,55.2386834,0.3026986,10.6418368,0.8955045,8.4346089,0.0,31.3550759,1.591584,2.2462563,7.7361688,15.4645543,11.09704,58461.0,1821204.0,16642.22918
New Mexico,2001,82.8871101,91.5447873,61.3996584,15.2284664,8.3833378,0.3304058,55.6682211,0.3619968,10.9105992,0.8965142,8.1443029,0.0,30.660558,1.7179528,2.4895958,7.7830643,15.8118791,11.5439607,60084.0,1831690.0,16609.79732
New Mexico,2002,80.3250641,89.9280073,58.2512159,15.8246542,8.1233343,0.3324188,53.5943834,0.3516583,11.0758776,0.9824374,8.7146308,0.0,28.8440932,1.6916527,2.2732363,7.093162,15.5144207,11.9919074,61520.0,1855309.0,16547.88196
New Mexico,2003,83.5321043,92.4505647,60.6685879,16.555841,7.8707091,0.3456908,55.7694866,0.3888082,11.2009169,1.0630873,8.3387707,0.0,30.9096816,1.7277789,2.1270093,7.7065651,15.1640157,12.5619749,63267.0,1877574.0,16583.01017
New Mexico,2004,85.2459215,93.83936,61.8723592,16.936992,7.98471,0.3576807,57.0921011,0.3967104,10.9932103,1.1178333,8.1655408,0.0,30.9128394,1.6634816,2.2236357,8.1762242,15.7003845,13.1773394,67681.0,1903808.0,17184.65007
New Mexico,2005,86.8509083,95.528578,62.5394559,17.7759247,7.8118861,0.3719715,58.1912232,0.4160847,10.9953887,1.1746072,8.2667079,0.0,32.2648054,1.6594337,2.2513754,7.8449331,15.2923629,13.9726149,67763.0,1932274.0,17155.21697
New Mexico,2006,88.5777922,98.249869,63.5035812,18.3618011,7.921321,0.3931157,59.2074428,0.431708,11.5057805,1.1734331,8.9881261,0.0,32.8851562,1.5125857,2.109667,7.8153952,15.893866,14.3568837,69232.0,1962137.0,17338.2415
New Mexico,2007,87.4460029,96.1344088,62.0043639,18.5010694,8.3726247,0.4173893,58.0564627,0.4400271,12.0002511,1.2008018,8.2903273,0.0,31.3129328,1.512877,2.2114831,8.4979663,15.2997133,14.2781028,69668.0,1990070.0,18102.36828
New Mexico,2008,86.1083747,94.455218,59.6413866,19.2460176,8.1110816,0.5454287,56.9892432,0.467988,11.9638609,1.175189,8.0220871,0.0,30.6631342,1.6999993,2.2680528,8.1013479,13.955866,15.1281183,69047.0,2010662.0,17467.74213
New Mexico,2009,86.9770361,94.317369,59.9966772,19.5497648,8.1109848,0.6224108,57.8084652,0.3790495,12.2010432,1.1992519,7.3637447,0.0,32.8511325,1.5144536,2.1627463,7.4043594,13.6143901,15.3581308,70239.0,2036802.0,16673.77905
New Mexico,2010,83.4786831,89.8271567,56.3000907,19.4980074,7.9050812,0.7868563,54.8070433,0.5289833,11.8933341,1.1909216,6.5954049,0.0,29.2247609,1.5243963,2.2607597,7.4486253,13.1021459,15.536759,70785.0,2064767.0,16857.20677
New Mexico,2011,85.1769005,93.1694574,58.6515064,18.6684875,7.3484116,1.0215065,56.0817426,0.5776813,11.5740468,1.1975391,7.7563768,0.0,31.0517944,1.5086957,2.1767062,7.6733968,13.5243404,14.7618379,70529.0,2078674.0,17337.76271
New Mexico,2012,82.6672309,91.391947,56.971611,18.0339096,6.6043762,1.1045481,54.2930947,0.6352999,10.9043233,1.2093623,8.1837025,0.0,29.0702155,1.5110343,2.0273355,7.703139,13.5068186,14.6059295,87644.8,2087309.0,667368.0
New Mexico,2013,83.5596565,89.6631399,57.0816301,18.6153786,7.1796463,1.0596927,55.0020591,0.6287624,10.8720573,1.2158611,6.4315779,0.0,28.4189472,1.6140857,2.2907164,7.5029825,13.5723856,15.9236604,86624.8,2092273.0,670625.0
New Mexico,2014,79.9221724,84.9365276,53.8986384,18.2091577,7.0442206,1.0951217,52.3150507,0.6605009,10.5315285,1.1963699,5.59349,0.0,24.6443934,1.5937825,2.0558501,7.8867391,14.0947875,15.6040648,89372.2,2089568.0,680425.0
New Mexico,2015,81.1750823,86.5519345,54.3693339,18.8460067,7.0934857,1.108716,53.2224039,0.6771094,10.4958633,1.2028827,5.8735927,0.0,24.7480082,1.6671326,2.0780455,7.6931462,14.2240197,16.6297738,91679.5,2089291.0,680112.0
New Mexico,2016,78.891939,86.0476452,52.5047086,18.5983548,6.7227816,1.1119735,51.6000423,0.6619101,10.3535033,1.2099221,7.0165733,0.0,23.1785219,1.6555812,2.0867519,7.7516567,13.9516652,16.3563494,91713.9,2091630.0,672717.0
New Mexico,2017,79.1797715,86.2302742,52.9133462,18.509812,6.7314284,1.1008497,51.6238234,0.677553,10.6367166,1.2171595,6.9531724,0.0,23.0128212,1.549252,1.8873649,8.0149154,14.8226405,15.6901619,91772.3,2091784.0,683321.0
New Mexico,2018,77.6860599,84.3071883,50.1405104,19.5522715,6.875055,1.118223,50.1405104,0.7033965,11.1519731,1.2331447,6.6211284,0.0,18.3325089,1.6744843,2.1610975,8.0156784,15.4459907,17.4264962,93870.9,2092741.0,702827.0
New York,1990,234.6324623,189.5961667,207.1074178,17.5137968,9.5386327,1.4672964,211.0434092,0.9703223,7.63488,9.1181078,-45.8106141,0.0,62.7317047,26.0607161,32.8351165,19.1501279,67.2116536,3.9707489,595908.0,18020784.0,94132.16384
New York,1991,226.9003911,182.2856793,199.3377771,17.7040494,9.4311896,1.4268196,203.4124666,0.9517237,7.3864941,9.2246499,-45.7307878,0.00077958,58.4494129,25.720612,32.124268,18.3926807,65.738347,3.8727888,577446.0,18122510.0,92538.84498
New York,1992,227.3629929,183.0767351,199.1603118,18.0790709,9.6856201,1.4872397,203.0102994,0.9887084,7.3737714,9.7191231,-45.2913352,0.025487216,53.6167868,26.7504173,35.3995779,19.5741095,64.4371897,4.0009357,585395.0,18246653.0,94637.56657
New York,1993,222.9280313,181.6667139,194.0493999,18.1370742,10.2215765,1.7016552,197.6478565,1.0803137,7.6805855,9.9567077,-41.4826324,0.009861668,47.3832501,27.4231664,34.9519777,19.1894347,65.473677,3.8953261,588213.0,18374954.0,95375.91418
New York,1994,221.6399312,179.951899,192.4093148,18.2521726,9.8920478,2.1739778,195.7515272,1.2992466,7.277208,10.180845,-42.1396011,0.011576751,47.2461177,26.9010378,34.5210397,19.4004957,64.4564588,3.9949099,596435.0,18459470.0,93695.25358
New York,1995,227.8355641,186.7009668,197.8871022,17.9439567,9.7544987,3.238369,201.4067637,1.7213143,7.0992551,9.8631352,-41.0076449,0.012973706,51.0544645,26.1697532,33.5282931,21.1132391,66.2679215,4.1669418,608937.0,18524104.0,94879.6337
New York,1996,231.4031072,189.7612269,200.7003588,17.9976563,9.6278674,3.9882423,204.2829207,1.9881325,6.8407625,9.9727963,-41.4692275,0.015901544,46.6331149,27.0099393,35.8005553,21.8380485,69.5622864,4.2404746,634107.0,18588460.0,98678.26837
New York,1997,237.4909494,196.0711247,205.8420973,18.1043906,9.7470273,4.6802964,209.1960529,2.5420534,6.9531,9.646128,-40.7892236,0.01695218,52.1350697,28.8381713,34.2140156,21.1903641,69.4984019,3.8861395,767911.0,18656546.0,100465.75
New York,1998,237.0331526,195.5540445,204.1293028,18.6884856,10.0138608,5.1211699,207.3978723,2.6968775,7.3406187,9.9893279,-40.9076687,0.024799343,55.8723164,26.9452085,31.1638174,20.3008552,69.9955321,4.0152023,789382.0,18755906.0,98593.84979
New York,1999,240.0587073,198.3466601,206.8548388,18.6393347,9.6855641,5.6859067,209.9586289,2.8780598,7.4051311,9.9190372,-41.0285895,0.023136152,56.596691,29.3611709,33.7836054,16.8550444,70.2271723,4.3868286,829200.0,18882725.0,101609.8864
New York,2000,246.0651921,203.3809268,212.5744215,18.7108073,9.3242723,6.1338856,215.4958784,3.0304752,7.189549,10.075009,-41.9384379,0.007430696,55.5957231,31.1836616,38.6146478,16.3655394,70.4811191,3.9351223,862501.0,19001780.0,103598.007
New York,2001,241.4140098,199.1932183,208.6186643,17.7170516,9.3734828,6.4140601,210.8858685,3.0884519,7.44946,9.7810657,-41.5981868,0.0,54.7349565,29.792725,37.3834041,15.6019454,70.2199515,4.0233868,895250.0,19082838.0,100659.8875
New York,2002,236.8716532,194.7031863,203.3156365,18.4918784,8.9111834,6.7472057,205.0018946,3.2507463,7.5646484,10.2675142,-41.8133939,0.0,50.6044508,30.3230144,35.2232911,14.2276773,71.5257201,4.4288046,891501.0,19137800.0,100890.5393
New York,2003,248.2759084,205.9883518,213.7517257,19.1747794,8.9038897,6.9736917,214.735813,3.2523258,7.7528381,11.2392355,-41.2565787,4.7e-06,51.6515615,32.0670501,38.2225105,13.5808069,76.0768007,4.01685,893888.0,19175939.0,104275.6741
New York,2004,252.4169402,210.1194668,217.7228759,19.2956033,8.6684495,7.1763123,217.2064051,3.4371669,7.6652169,12.0271151,-41.0095692,0.0,52.0619899,33.7200025,37.3068395,13.4445567,77.541855,3.9642738,919254.0,19171567.0,106850.4661
New York,2005,248.2535476,206.2015646,213.5130989,19.5522641,8.1139351,7.3945932,213.3509218,3.4593123,7.7442548,11.7362916,-40.9522367,0.008711896,54.6599226,27.7481444,38.1818741,14.1970996,75.564783,3.7318907,959867.0,19132610.0,104194.5062
New York,2006,229.0026996,187.6078077,195.2841702,18.5049361,7.8325368,7.7122283,195.5089442,3.6012007,7.8516546,10.4815402,-41.2943736,0.020927395,46.2478326,24.6393684,31.7231649,13.8237934,76.2991394,4.1124773,999329.0,19104631.0,96716.02769
New York,2007,234.6782083,193.5201726,200.9620815,18.2787908,7.5530685,8.1131944,201.4585862,3.6891922,8.3006586,9.884501,-40.6851989,0.073119088,48.8581995,25.8705399,35.3591056,13.177411,75.2379694,4.5935228,1009642.0,19132335.0,100072.2334
New York,2008,224.6849458,184.2463644,191.283719,17.8345895,7.1830912,8.5524516,191.7795909,3.792311,8.4037674,9.4181329,-40.3813848,0.101051364,42.5220472,25.0483973,34.1845487,12.7237951,74.4008065,4.5914896,987442.0,19212436.0,98124.55806
New York,2009,206.8898073,167.7015572,174.3181665,17.0134119,6.5760984,9.0683542,175.214428,3.8551911,8.179022,8.6230037,-39.8112377,0.095101652,34.0852228,24.2675202,31.5458813,10.5709594,72.0355297,4.5486986,974078.0,19307066.0,93463.41747
New York,2010,208.1726041,169.4476047,174.685262,17.4925978,6.6383473,9.4297053,175.3091139,3.9814417,8.6467659,8.8759542,-39.0994186,0.088610122,37.6797703,23.4063235,30.4144502,9.5599599,71.6603076,4.6257987,1013251.0,19399242.0,94108.55184
New York,2011,198.5814501,159.9268424,165.5126177,17.3186112,6.1159448,9.617779,165.8874602,4.0418861,8.5409382,8.705732,-39.587052,0.072286013,33.5286697,23.4397939,29.8400649,9.869962,66.5320534,5.0567359,1024985.0,19501616.0,91091.43166
New York,2012,194.6028995,156.1201313,162.4721483,16.3267048,6.082158,9.7221128,162.8085443,4.0553915,8.7134626,7.9961517,-39.596799,0.064947614,32.0510203,20.2843485,29.1359615,9.8181554,68.9125358,5.2939495,1323400.8,19572932.0,3498479.0
New York,2013,195.5296337,158.0725181,163.5302661,15.7441437,6.6609079,9.733307,163.6606214,4.0916414,9.3583082,7.5954452,-38.1593144,0.064947614,29.8214171,21.718812,30.9362671,9.2743174,69.2428636,5.1721583,1325490.0,19624447.0,3630750.0
New York,2014,203.5223759,166.3413809,170.9370646,16.0144889,6.7268176,9.9533852,170.9624201,4.1936176,9.6814894,7.6692808,-37.2855188,0.064947614,30.3053245,21.3819833,34.1652972,8.8016348,73.5692583,5.2128213,1347559.8,19651049.0,3752506.0
New York,2015,201.8524624,164.830725,169.196873,16.0551494,6.5304174,10.1318037,169.3192578,4.2141099,9.8153047,7.5326143,-37.1763451,0.064947614,29.0039433,22.1349542,34.3160314,9.2265326,71.8449476,5.1960777,1372232.4,19654666.0,3750488.0
New York,2016,197.7983579,160.7265523,165.318596,16.1075521,6.2274874,10.1503552,165.6439811,4.0877766,9.9245834,7.4522873,-37.4985472,0.064947614,27.6149191,21.0627949,29.8093642,8.9453447,75.6100659,5.2047837,1397723.7,19633428.0,3685207.0
New York,2017,191.9192242,155.4514709,160.0901888,15.7018607,6.0905663,10.0437568,160.1783141,4.0730955,9.9089944,7.2155717,-37.0558719,0.064947614,22.0149666,21.3823709,30.4260921,8.638763,75.1052015,5.0044211,1424905.5,19589572.0,3680352.0
New York,2018,201.455838,164.9549268,169.6040572,15.6187454,6.2126254,10.02041,169.6040572,4.1000819,10.1554804,7.1033723,-36.5009112,0.064947614,24.3833888,22.4807036,35.3051055,8.8469118,75.8570103,4.5233168,1467076.8,19530351.0,3854184.0
North Carolina,1990,135.757428,95.1282699,115.0345679,11.7163024,7.4982447,0.9389985,117.544782,0.3662237,8.3661148,8.2378918,-39.5881626,0.0,47.033416,3.6027892,5.2533925,16.6100162,43.7718825,0.0,161998.0,6664016.0,51801.76287
North Carolina,1991,135.9763548,95.6364656,114.6802294,12.3906837,7.5645719,0.9219529,117.2138777,0.3606687,8.64175,8.6332552,-39.385809,0.001969048,47.8024429,3.4288156,5.3712459,16.0028153,43.3702882,0.0,162239.0,6784280.0,51293.1094
North Carolina,1992,147.6725477,108.0815805,125.3204904,13.2636185,7.7130432,0.9609501,128.1774532,0.3712194,9.0564316,8.6865018,-39.5872455,0.001161958,54.9609795,3.6579072,6.0119759,17.6651025,44.3322386,0.0,171223.0,6897214.0,53677.443
North Carolina,1993,154.954754,114.7038793,131.0304334,14.3648912,8.1623085,1.0560956,134.0610898,0.3962131,9.8432081,9.1481046,-40.5631403,0.000785179,59.6238832,3.8052298,6.3172533,16.8384408,45.9555791,0.0,176678.0,7042818.0,55927.26125
North Carolina,1994,150.9209056,111.6169344,126.0408675,15.7512341,7.9923664,1.2125728,129.164995,0.4420394,10.3665843,9.407424,-39.5830269,0.00034468,54.2801324,4.1496065,5.956445,16.093737,47.3861559,0.0,189755.0,7187398.0,56584.13863
North Carolina,1995,159.1684178,120.3658532,132.5730985,16.9821125,8.1547274,1.6503932,135.7749864,0.5808971,11.0729576,9.7460009,-39.7458303,0.00047862,57.3541265,3.9717871,6.5720086,17.1968362,49.2753492,0.0,199056.0,7344674.0,59422.871
North Carolina,1996,173.4245927,137.418357,144.8487938,18.1468965,8.6261093,1.9584405,148.123877,0.6883908,12.0284287,10.0780713,-38.5700057,0.000463299,65.3176581,4.4794773,7.5287135,17.1910035,52.067924,0.0,206757.0,7500670.0,61591.64741
North Carolina,1997,177.2660051,141.4186565,148.1761585,18.597226,8.462733,2.2444641,150.4174958,1.0929791,12.0527,10.1755945,-38.7023252,0.000668924,67.9623282,4.2835101,6.8394613,16.9016737,52.9676126,0.0,269995.0,7656825.0,61030.22603
North Carolina,1998,176.0631454,140.917444,147.1523043,18.3599592,8.3120357,2.4275984,149.3629541,1.1549372,12.0750899,9.5838739,-38.0933814,0.000438521,67.159044,4.170098,6.6423854,15.9605321,54.1440231,0.0,281665.0,7809121.0,62129.55759
North Carolina,1999,173.8383408,139.3673756,145.8295992,18.0080251,7.5493453,2.6995058,147.9629534,1.2262897,11.0919485,9.7443039,-37.4382568,0.000868951,66.4865479,3.9211189,6.3317179,15.0019329,55.1206772,0.0,303420.0,7949361.0,62361.4189
North Carolina,2000,181.912507,149.7446552,153.8014985,18.0093468,7.3307292,2.9175985,155.8315021,1.3170876,10.694147,10.1047334,-36.2287734,0.000451942,70.6843659,4.387583,7.1200647,15.5265467,56.8671816,0.0,316598.0,8081614.0,65255.51474
North Carolina,2001,177.0572144,144.711738,149.1311058,17.5654101,7.4023754,3.0509544,150.9306073,1.3688758,11.1037799,9.2545675,-36.0442155,0.000425946,68.0224612,4.3324451,6.745497,14.7839622,55.9087539,0.0,320421.0,8210122.0,63906.70737
North Carolina,2002,178.7464533,146.8481898,150.4596218,18.4228598,6.9835961,3.2150828,151.9478965,1.4268933,10.9973334,10.1640881,-35.8172811,0.000288662,70.5263759,3.859389,6.2918316,13.9580832,56.293041,0.0,324302.0,8326201.0,64472.33708
North Carolina,2003,180.561162,148.4812449,151.4724058,18.9642895,7.1890657,3.3313727,152.7492644,1.4905036,11.2091567,10.996892,-36.0733627,7.76e-05,69.7916561,4.6560884,7.1555657,13.1298411,56.995373,0.0,328019.0,8422501.0,64963.12404
North Carolina,2004,183.8591142,151.8325896,154.7168112,18.5718989,7.3343706,3.4533673,155.8914566,1.5065737,11.5543578,10.4353933,-36.2494271,0.0,70.8609299,5.0475757,7.0808766,13.3805999,58.4895375,0.0,335831.0,8553152.0,66847.72482
North Carolina,2005,187.488839,155.7274365,158.6990925,18.7273109,6.7632185,3.5860038,160.0433724,1.4864274,11.0415716,10.5690018,-36.2876403,0.000208916,74.4682234,4.8120366,6.576279,13.4141501,59.7764702,0.0,354664.0,8705407.0,67566.81996
North Carolina,2006,181.7782785,149.9502666,153.0916755,18.3721964,6.7847233,3.8002782,154.1677512,1.5531305,11.0130762,10.6602468,-35.9631062,0.000161067,71.8266909,4.395756,5.6568261,12.5721147,58.9067736,0.0,369556.0,8917270.0,66199.6925
North Carolina,2007,188.5260966,156.6539051,159.133732,18.8774752,6.7468758,4.0475578,159.9888787,1.6435299,11.4270051,10.7079238,-36.4392043,1.58e-05,77.5806306,3.9881992,5.5483564,11.8422722,60.2830647,0.0,378814.0,9118037.0,67945.19161
North Carolina,2008,183.4224745,150.3443522,153.7118371,18.7808899,6.8956439,4.3252646,154.5406462,1.6866366,11.5795773,10.8668114,-37.0149512,0.000161925,73.8756489,4.7594619,5.956272,11.0756226,58.0842487,0.0,377869.0,9309449.0,68373.13083
North Carolina,2009,165.8242623,130.1032173,136.7685905,18.4905742,6.494776,4.6104867,137.7928806,1.6465243,11.2858019,10.7128709,-37.85648,0.001195262,63.7372734,5.0138186,5.7220553,9.6107839,53.0283075,0.0,372219.0,9449566.0,64900.83069
North Carolina,2010,175.2024795,139.1488056,146.9208225,17.8188333,5.9887703,4.7808046,147.6592755,1.7542895,10.6968332,10.1895934,-38.7224024,0.000339401,72.2157709,4.8581872,6.380807,10.2790267,52.9956163,0.0,380693.0,9559048.0,67995.21277
North Carolina,2011,159.9349406,122.8671647,132.3613515,17.2838733,5.8137254,4.9087677,132.9275339,1.7938458,10.5214918,9.8206936,-38.4860295,0.000244139,61.7037602,4.1396335,5.1598466,9.9088579,51.3871856,0.0,382655.0,9651103.0,64832.08624
North Carolina,2012,152.0103418,114.0186489,125.0885769,16.2569562,5.9915858,4.9460145,125.518188,1.7996581,10.6823375,8.8646284,-38.6633692,1.79e-05,56.86546,3.9640786,4.3601971,9.5402813,50.3044826,0.0,439539.7,9749476.0,2488745.0
North Carolina,2013,156.1961559,116.7182786,129.3341181,15.6040467,6.2582878,5.0008749,129.7135809,1.8215224,10.8983142,8.2232615,-40.0602767,1.79e-05,55.6943777,4.0774073,5.1973427,10.0962579,54.2351996,0.0,445109.6,9843336.0,2537491.0
North Carolina,2014,157.6203686,117.0860713,131.5677674,13.8296607,6.5495911,5.1617972,131.8799669,1.8710194,10.9341135,6.6587681,-40.9514315,1.79e-05,57.1419647,4.6142079,5.7117559,9.6828537,54.2504525,0.0,455295.7,9932887.0,2570541.0
North Carolina,2015,151.4740852,110.6889985,125.1973242,14.6806787,6.1557478,5.2881534,125.3257474,1.908375,11.135933,6.8858963,-40.7374126,1.79e-05,51.9378406,5.052084,5.311098,9.4983302,53.0999145,0.0,469535.6,10031646.0,2535054.0
North Carolina,2016,150.8769417,110.9391476,124.8376158,14.7557357,5.8359005,5.3713675,124.9211563,1.9320577,10.9790081,6.7520081,-40.0584471,1.79e-05,51.014586,4.9765503,5.0627753,9.6025335,53.9008044,0.0,477523.8,10154788.0,2547783.0
North Carolina,2017,146.70338,106.4134051,120.5856679,14.7721,5.9382526,5.381313,120.5998479,1.9337997,11.156157,6.7557668,-40.0504582,1.79e-05,47.3991991,4.8099237,4.4820814,9.6188739,54.0479793,0.0,489026.6,10268233.0,2503747.0
North Carolina,2018,150.0670393,109.8536499,124.0248403,14.9252547,5.6729365,5.4440078,124.0248403,1.9527168,10.8886808,6.9636071,-40.2133895,1.79e-05,48.33161,4.9697871,5.4928645,9.8505949,55.0645099,0.0,501955.0,10381615.0,2616133.0
North Dakota,1990,55.6757404,53.2862427,48.0235896,2.3166385,8.1314253,0.1715318,42.069918,0.217319116,11.0039142,0.342669,-0.3657261,0.0,27.1753592,0.7837104,1.0697558,7.9930966,4.325167,1.2283182,13161.0,637685.0,7874.918274
North Dakota,1991,58.0297465,55.0112059,49.646465,2.344969,8.9863136,0.1703741,43.3719573,0.237063268,11.967477,0.3506598,-0.4119407,0.0,28.2891742,0.8120125,1.1722572,8.0744966,4.3866481,1.1013858,13118.0,635753.0,8124.520086
North Dakota,1992,59.4759146,57.58395,51.1031664,2.3707574,9.0809257,0.1725244,44.5677746,0.24895735,12.1407542,0.3566986,-0.3522139,0.0,29.402467,0.7549177,1.0525202,8.1734144,4.5921455,1.0278701,14176.0,638223.0,8282.093043
North Dakota,1993,61.7582948,62.3013033,51.6237843,2.4216878,10.7730429,0.2081863,44.9922977,0.284692673,13.9428443,0.3633605,-0.219689,0.0,29.5963899,0.8013973,1.0939606,8.0154203,4.8234547,1.0189169,13987.0,641216.0,8363.664074
North Dakota,1994,61.7526394,57.9366881,52.0811672,2.5590703,10.0534926,0.2428874,45.3658288,0.305891256,13.5129803,0.3711888,-0.4735314,0.0,29.6427909,0.8256797,1.032553,8.5830498,4.7831513,0.9936131,15045.0,644804.0,8606.336002
North Dakota,1995,62.8565733,61.9859351,52.0148466,2.6775748,10.9127682,0.3248428,45.4097239,0.382635239,14.4887044,0.3781357,-0.3064889,0.0,28.8708079,0.8346269,1.0852939,9.3362463,4.7879355,1.2046615,15325.0,647832.0,8811.939353
North Dakota,1996,63.9744973,59.6422378,53.2172079,2.6190682,11.030586,0.3766924,46.3744326,0.484635276,14.4805931,0.384599,-0.5126426,0.0,30.1515354,0.928135,1.2421944,8.4298062,4.9069541,1.1327397,16508.0,650382.0,8886.152108
North Dakota,1997,62.2263093,60.0492014,52.1640999,2.671917,10.0790428,0.4154266,45.3364369,0.730256477,13.5552178,0.3894946,-0.3800128,0.0,28.8237925,0.8997281,1.2106759,8.7024178,4.9841799,1.2425679,19389.0,649716.0,9046.975809
North Dakota,1998,61.7931448,58.3956276,52.6740499,2.5987955,9.3187022,0.4330052,45.798651,0.764508483,12.589959,0.3956037,-0.4493267,0.0,30.0015356,0.8137844,1.0082446,8.7477617,4.4798862,1.3360035,20497.0,647532.0,8747.831628
North Dakota,1999,63.6789803,59.1216189,54.4886861,2.637572,9.5233435,0.4179609,47.2290748,0.755383244,12.980734,0.4006304,-0.5245499,0.0,30.7424931,0.8237988,1.103942,8.5252626,5.2871954,1.1415262,20482.0,644259.0,9443.087963
North Dakota,2000,66.571258,58.1547785,56.7100272,2.6567129,10.4484739,0.3626543,49.1589002,0.690751497,13.912846,0.4074766,-0.7610742,0.0,31.2951205,0.8871671,1.2158543,10.1693525,5.1678023,1.1978884,21276.0,642023.0,9597.611771
North Dakota,2001,68.377827,60.9155003,57.1365393,2.7285292,11.7763801,0.3169678,49.6300984,0.503721257,15.4203792,0.4158535,-0.7128559,0.0,31.024264,0.9060322,1.2204778,10.5667088,5.57966,1.1560618,21576.0,639062.0,10248.74365
North Dakota,2002,68.4941525,59.5680764,56.9239597,2.6742457,12.2146712,0.2906686,49.3554855,0.522874166,15.8666581,0.354732,-0.798578,0.0,31.4005511,0.9352051,1.1952465,9.8209465,5.5335701,1.1046464,22657.0,638168.0,10085.97958
North Dakota,2003,68.0332415,60.1290586,56.4450087,2.579929,12.3625203,0.2981205,48.9249738,0.494093368,15.9010432,0.3413823,-0.7371874,0.0,30.9283608,0.9260403,1.2638187,9.815263,5.6045753,1.0159859,23958.0,638817.0,10072.11981
North Dakota,2004,66.0038836,58.4654945,55.1512716,2.5350358,11.5672358,0.3047828,47.8462453,0.517461901,14.9157937,0.4019085,-0.7076255,0.0,29.5889435,0.9928157,1.2619857,9.7490623,5.805733,1.0778189,24017.0,644705.0,10163.72027
North Dakota,2005,70.0101603,62.5228353,58.1719715,2.5964459,12.7568665,0.3113449,50.5256694,0.520442016,16.1019034,0.412335,-0.7209543,0.0,31.9570857,1.0451813,1.1927933,9.9642521,5.7310009,1.2666325,24670.0,646089.0,10292.38931
North Dakota,2006,68.3822575,58.8945518,55.9853792,2.7765243,12.7096887,0.3231269,48.9643023,0.553748803,16.0681451,0.4226348,-0.8308319,0.0,30.3882577,0.7710209,1.0215595,10.028263,5.6791819,1.8596404,25249.0,649422.0,10457.29535
North Dakota,2007,72.6322083,65.3694994,58.6224582,2.9905957,14.1746671,0.3384162,51.4357081,0.563432979,17.7461507,0.3977622,-0.7185426,0.0,31.0541854,1.022583,1.1094804,10.2778664,6.437706,2.2711156,26397.0,652822.0,11051.62738
North Dakota,2008,73.6719295,67.1895939,60.0336756,3.4955659,12.9283529,0.3597196,53.7044498,0.5608605,16.3889255,0.4088022,-0.6773247,0.0,31.6789504,0.9313882,1.2434402,11.0233392,5.7363511,4.2233537,28624.0,657569.0,11224.37048
North Dakota,2009,72.2321354,67.3945064,58.0709343,3.6112864,12.9863151,0.3851487,52.1484122,0.695046749,16.4304255,0.4210849,-0.5756782,0.0,31.3534509,0.8914565,1.095745,9.8109669,5.3765785,4.5565307,29497.0,664968.0,10986.58727
North Dakota,2010,75.5594448,73.0957284,58.7952147,3.7604633,15.3525104,0.4164799,53.0744753,0.760106373,18.7219686,0.4284948,-0.4509615,0.0,29.8760116,0.9057132,1.0016195,11.6956134,6.138949,4.8218467,31618.0,674363.0,12020.70232
North Dakota,2011,79.1989444,73.8968043,62.4560071,4.812647,13.6167158,0.429694,58.1287467,0.790918515,17.0089418,0.4336757,-0.6310814,0.0,28.7512257,1.2276748,1.0397726,13.5381964,7.1714633,8.3660102,34092.0,684740.0,13258.83314
North Dakota,2012,86.8940065,81.0462822,66.7813811,5.9088161,15.2714055,0.4399553,63.9540306,0.805104953,18.5752039,0.4400996,-0.6941697,0.0,29.7476341,1.1196109,0.8697267,14.2190652,8.1637407,12.1327072,51624.6,701176.0,553580.0
North Dakota,2013,93.8757511,93.2740903,69.6223425,7.0565437,17.4309244,0.4554372,68.3206903,0.828880411,20.9533872,0.4468143,-0.4170503,0.0,29.0558938,1.4579253,1.053886,15.5256491,8.5161682,15.5270273,52385.5,722036.0,596096.0
North Dakota,2014,99.8305404,101.8666815,73.1331282,8.0356999,18.2904509,0.4784554,73.2230577,0.829557513,21.7583148,0.4534658,-0.2876569,0.0,29.2372791,1.451987,1.1209504,16.5251527,9.0608201,19.0890671,56554.6,737401.0,644962.0
North Dakota,2015,95.3959914,96.3510361,70.1873544,7.372605,17.7873297,0.4928681,69.6609337,0.838721084,21.0440267,0.4598548,-0.3325743,0.0,30.1219387,1.0452026,0.9481679,15.2832489,8.3909692,16.7524051,55067.4,754066.0,612497.0
North Dakota,2016,88.2322623,85.7795882,64.5778316,6.2373486,17.8810822,0.4963672,62.6264068,0.790321243,21.313329,0.4644129,-0.5018881,0.0,29.2592581,0.9685986,0.9089713,14.0069823,7.5352377,12.3099604,51137.3,754434.0,586817.0
North Dakota,2017,91.1135918,89.1526217,66.88609,6.9093774,17.3663775,0.4951899,65.6351284,0.810725152,21.0083326,0.4691402,-0.4849763,0.0,29.3120607,1.0645411,0.958831,14.4211638,7.9729793,14.4730429,51291.2,754942.0,631766.0
North Dakota,2018,98.7904257,98.3635558,72.2034148,8.0436669,18.0466482,0.4966957,72.2034148,0.849768407,21.7473658,0.4741369,-0.4268699,0.0,30.30982,1.0847199,1.1130276,14.957178,8.464156,19.2476954,53472.8,758080.0,660959.0
Ohio,1990,286.1832497,265.6047487,238.4991105,37.4560481,13.3913157,1.5119064,251.8014492,1.3546139,12.5280509,13.574374,-20.5668303,0.0,111.1967829,10.2983308,20.5250916,40.1839158,57.9585277,26.5114651,264948.0,10864162.0,95020.82693
Ohio,1991,282.8076871,261.9550791,236.5538911,37.1561145,12.3987391,1.4825034,249.6093505,1.3428526,11.5081151,13.7419311,-21.0442256,7.08e-05,113.5645955,10.2716571,21.0829912,36.8437574,57.4493405,24.9962415,263064.0,10945762.0,94943.99342
Ohio,1992,287.8712539,267.4332449,240.7625221,37.1263395,12.9707441,1.5131278,254.1999671,1.3491386,11.7912123,13.7659593,-20.3234804,6.95e-05,115.3530217,10.8333378,22.1179689,38.2769305,56.9621373,24.931024,275324.0,11029431.0,95910.75
Ohio,1993,296.0591023,277.1689637,246.2076037,37.1450555,15.0359674,1.6138976,258.1835399,1.9846634,13.645298,14.2059025,-17.9358162,5.63e-05,118.7037002,10.8481208,22.9000431,35.9110362,59.8720715,24.8161264,277702.0,11101140.0,97299.9271
Ohio,1994,292.7057374,271.9928655,242.9592644,37.6636757,14.5598808,1.8895707,255.0604847,2.1986599,13.1025695,14.1866314,-20.5694969,2.59e-05,114.9629478,10.8392642,22.129957,36.1771242,60.5302737,25.9078114,294384.0,11152454.0,100138.8611
Ohio,1995,295.6708581,276.4559845,245.5284712,36.4162734,14.8220931,2.5151275,257.2557767,2.5647692,13.3400434,13.6331758,-18.3990491,6.4e-06,116.1915345,11.280216,22.7803966,35.3728177,61.6865151,24.8464618,304834.0,11202751.0,101872.6424
Ohio,1996,306.6674651,285.6529706,257.7011384,35.383789,13.4832469,2.9290845,269.9038775,2.8012705,11.9453356,12.6533195,-20.5945942,5.38e-06,123.7970119,12.4417369,24.0912292,35.258986,64.7502568,24.5181364,315189.0,11242827.0,104103.3845
Ohio,1997,316.2521448,296.1521605,266.9220906,35.1974418,13.1989135,3.3155794,266.1609719,8.6164472,11.5682363,12.650302,-19.0496246,5.29e-06,120.8447156,12.1445097,22.7180828,34.4427706,66.4454047,24.8364074,396947.0,11277357.0,103649.2882
Ohio,1998,314.7382068,294.2025453,264.9424713,35.0277429,13.5692991,3.5116065,263.6646688,8.8702464,12.0039693,12.5203129,-19.6993053,7.21e-06,124.0266599,10.2586286,19.1081709,33.845197,67.2094753,24.652923,410131.0,11311536.0,101130.2124
Ohio,1999,313.309019,292.2803906,264.3997675,33.86122,13.0641049,3.8517468,262.3862094,9.165569,11.5767226,12.1305928,-20.426379,3.83e-06,119.0640051,10.5734001,21.0718899,33.643541,68.8614267,23.7437362,418129.0,11335454.0,105095.3407
Ohio,2000,319.1011457,296.0455978,270.2850995,32.4394221,13.3232843,3.987631,268.0430493,9.2423477,11.8780891,11.4590393,-23.0857693,4.77e-06,125.208915,11.2231699,21.7793764,31.1202923,70.5656465,22.8931427,429017.0,11363543.0,105945.9524
Ohio,2001,310.0886371,287.6814041,259.1046205,34.9113126,14.346759,4.0608797,258.5387829,8.3694811,13.0952898,13.0836323,-22.4377218,4.6e-06,118.6755925,10.8323484,19.3017063,31.1312255,70.1671209,23.0237795,420633.0,11387404.0,99558.6408
Ohio,2002,311.9112083,288.7645956,263.2519775,34.4170126,12.2950899,4.2092294,263.703401,7.7927533,11.4034159,13.0701509,-23.4160222,1.61e-06,124.8344854,10.7900658,20.321801,29.7533015,70.4492668,21.7329613,429847.0,11407889.0,98173.64684
Ohio,2003,317.8082571,295.1199022,268.7552357,33.5019823,12.7623833,4.3281147,270.2486354,7.3110295,11.9550689,12.6833066,-22.6108886,2.8e-06,128.6976592,11.173726,21.7477788,30.3778008,70.8535433,21.0633462,433751.0,11434788.0,99865.82365
Ohio,2004,314.9627392,292.5882052,266.162712,33.016945,12.771624,4.431126,265.7383866,8.1830734,12.1440624,11.9841624,-22.2558557,0.001156439,124.4505169,11.2371017,20.4886734,29.5657763,72.3570984,22.1515111,441568.0,11452251.0,100765.6501
Ohio,2005,320.6225347,298.0192613,271.67101,33.5929148,12.3287933,4.5434402,271.4615927,8.1414744,12.0888239,11.9664077,-22.4127835,2.02e-05,133.0141574,10.6533694,20.3243579,28.6587981,71.6800431,22.4292821,444083.0,11463320.0,101539.8316
Ohio,2006,313.2318479,289.8730541,264.697138,33.8675928,11.9371344,4.7061943,264.8506016,7.8954284,11.9127859,12.1648196,-23.6742096,6.96e-06,129.2916392,9.1316712,17.0877356,29.6701002,72.145718,22.5709914,439506.0,11481213.0,97671.01607
Ohio,2007,318.9866358,296.4628716,270.3801394,33.0096544,11.9926782,4.9342601,270.4016225,7.8943385,12.2175728,11.8122564,-22.348305,1.01e-05,131.0855614,10.0236072,18.740115,30.852116,72.2596296,21.2652274,440825.0,11500468.0,102330.9975
Ohio,2008,311.9595864,289.963831,263.3899168,35.1360619,10.9659801,5.1879,264.6342359,7.5933165,11.4693344,12.4296597,-21.8116442,0.0,127.9033114,10.7510935,19.0696685,30.7706286,67.9732413,23.8946967,430097.0,11515391.0,101251.9012
Ohio,2009,281.750019,261.2299259,233.4709969,33.9098582,12.0935278,5.4781017,240.4677897,5.0347194,12.895707,10.9293792,-20.6108981,0.0,114.2057473,10.5434032,18.2814353,26.1721998,63.2511013,25.588215,405483.0,11528896.0,93392.10266
Ohio,2010,293.9366761,274.1952244,245.2054488,34.0596378,11.7670151,5.7235374,249.6107596,6.1470066,12.7597077,11.3975568,-19.1815637,0.0,121.1725622,10.2354246,17.4836121,28.490969,64.3663284,23.8328872,413991.0,11538290.0,97374.61864
Ohio,2011,280.2784629,259.3843775,234.281443,31.3886637,10.9984376,5.8000593,237.9793523,6.2336636,12.1202252,9.8591886,-21.1734587,7.67e-07,111.0879613,10.2739583,17.4621545,27.7300142,63.5077012,23.1048674,425913.0,11541007.0,96452.71731
Ohio,2012,258.2166324,237.3057102,215.7264328,28.1740701,10.1054913,5.8643978,218.3192402,6.3362018,11.5185489,7.9482149,-21.8210728,0.0,94.6332703,9.323214,15.153782,29.1498111,61.4639022,21.8452843,540882.4,11548923.0,3659190.0
Ohio,2013,273.3510909,254.4789179,228.5896836,27.8191547,11.7408019,5.8974262,231.1759255,6.4048023,13.0735346,7.8925393,-18.5531603,0.0,102.0715957,10.5364469,17.869316,29.815985,62.5584944,21.1823447,550692.3,11576684.0,3734332.0
Ohio,2014,274.2271704,256.5135453,229.9272837,26.4637826,11.8136746,6.0328135,232.4244584,6.5235027,13.1850698,6.8590138,-16.9146552,0.0,98.2700379,11.4089523,19.6612004,30.858748,63.362103,21.6832631,571424.7,11602700.0,3834384.0
Ohio,2015,255.5503107,237.9278149,212.4249395,26.6006642,11.2760327,6.1239629,214.3306043,6.5057614,12.9468107,7.0108069,-17.3161206,0.0,83.1353763,11.4334662,17.7263061,29.7081618,63.3256489,20.8316041,579943.2,11617527.0,3745851.0
Ohio,2016,249.4548229,230.6753866,206.6012568,27.144147,10.9617642,6.1559731,208.0103442,6.5316938,12.8234865,7.5707102,-19.100052,0.0,81.1234613,10.6329026,16.077212,29.0329353,62.5278129,19.6072528,585044.7,11634370.0,3695217.0
Ohio,2017,247.8991621,229.3979652,205.9956038,26.2173336,10.6408215,6.1175418,206.8868939,6.516547,12.6151073,7.4199817,-18.7565098,0.0,79.6019198,10.800258,16.247283,29.3855536,62.5115701,17.8089217,592725.7,11659650.0,3645373.0
Ohio,2018,249.6711477,231.692197,208.2414747,24.2023934,11.0999059,6.1273736,208.2414747,6.5363142,13.4919443,6.5014666,-17.9789507,0.0,77.5788532,12.0147445,18.7242471,29.9823925,61.8145328,15.8605,606141.5,11676341.0,3755870.0
Oklahoma,1990,132.81558,122.4762194,90.7850366,25.9763914,15.0142182,0.5050966,88.3196916,3.0892637,19.0759938,3.3916646,-10.0604789,0.0,36.2895803,2.4534147,3.8572295,19.822209,23.7184921,15.1689046,67083.0,3148825.0,34847.15973
Oklahoma,1991,135.3656249,124.413864,92.0888299,27.5898072,14.873473,0.4564283,90.3944917,3.0666484,19.1267454,3.4181383,-10.6158176,0.0,39.2190496,2.4540248,4.0455009,17.8748019,24.3597808,16.9055577,67424.0,3175440.0,33166.70073
Oklahoma,1992,138.7736237,128.1296713,95.1942561,27.8860663,14.560551,0.4620477,93.2829907,3.1766824,18.9287833,3.4299348,-10.3724527,0.0,39.6863682,2.1422222,3.8350055,18.8997642,26.2635636,17.0242582,69025.0,3220517.0,33528.64225
Oklahoma,1993,142.7288119,131.7966094,98.3212607,27.9286566,15.0685877,0.5423642,96.2444904,3.20284,19.2067174,3.5056716,-10.6548529,0.0,41.6071656,2.3561234,4.560166,19.9479484,25.4711465,17.1210022,70761.0,3252285.0,35049.68873
Oklahoma,1994,140.565247,129.0165054,96.8255057,28.2849165,13.9277372,0.6532039,94.69659,3.5806639,18.4917561,3.5177798,-11.1778682,0.0,40.4347972,2.1019865,4.0632606,19.3285784,26.3156559,17.1945964,72406.0,3280940.0,35151.21783
Oklahoma,1995,143.4991714,132.5930835,97.9446907,29.4881156,14.5752693,0.9004976,95.7999505,3.8848488,19.8475415,3.3743952,-10.6378754,0.0,42.4146074,2.279405,4.0058958,19.5112871,25.1817923,17.4846192,73889.0,3308208.0,34503.2359
Oklahoma,1996,146.7568908,135.2862493,100.6709053,29.66,14.5168442,1.0754844,98.3171428,4.0662054,19.9584226,3.2800344,-11.1567414,0.0,43.4383536,2.6828714,4.5680059,18.8246014,26.6591812,17.5711528,77538.0,3340129.0,36015.73973
Oklahoma,1997,149.3796168,138.3587039,102.5725078,29.8595589,14.7933018,1.2345298,99.6170935,4.7413376,20.2348135,3.2897423,-10.7831983,0.0,44.4432277,3.0823135,4.2394059,19.3133117,26.4182707,17.6839713,101343.0,3372917.0,36156.85736
Oklahoma,1998,147.0210093,135.9462031,100.117399,29.9173979,15.0560347,1.3265408,97.1571556,4.9526449,20.8173821,3.0442862,-10.8123723,0.0,43.9983858,2.6239924,3.9231854,17.5766353,26.9496665,17.6567571,103619.0,3405194.0,36216.68115
Oklahoma,1999,143.0616034,131.8759675,99.1443427,27.0418999,14.1838186,1.4038081,94.4340325,4.9920846,20.0989412,3.0612316,-10.8791624,0.0,42.8143529,2.3527187,3.8672399,16.9391645,28.0976469,13.5989553,107022.0,3437147.0,35748.9266
Oklahoma,2000,145.6654974,133.9400274,102.320626,27.0232841,13.0506915,1.4278744,97.5837552,4.6249823,19.2679898,3.1501083,-11.371411,0.0,44.9922475,2.4809821,4.2017196,16.135879,29.9190261,13.3966793,110354.0,3454365.0,37159.29654
Oklahoma,2001,149.7058013,138.8312254,102.7124642,31.1681798,13.4474403,1.4498251,101.1029005,3.8382367,19.4323307,3.6886156,-10.6576308,0.0,44.480029,2.5523714,4.0917302,15.2822027,32.5566623,18.8200688,114636.0,3467100.0,37685.18652
Oklahoma,2002,150.5854007,139.499366,102.9696151,31.7133977,13.6313166,1.4707154,101.1972471,4.1600066,19.9061026,3.5988187,-10.8493795,0.0,46.9359693,2.4474085,4.3715266,14.9831497,30.4316846,19.0725231,115276.0,3489080.0,36475.15322
Oklahoma,2003,154.9149192,144.2506484,105.1190454,32.9612811,14.8084023,1.5168448,103.3933284,3.9622324,21.5667992,3.7972822,-10.513323,0.0,47.4169868,2.2029415,4.1196215,16.5238331,30.8412589,19.5310995,116483.0,3504892.0,37216.57518
Oklahoma,2004,150.4274922,139.9136858,101.3342711,32.9084611,14.4109169,1.5526461,99.8257338,4.300653,20.7177197,4.108115,-10.347436,0.0,45.3988198,2.2221511,3.7311153,16.9560424,28.4351058,20.4247485,119736.0,3525233.0,36939.65702
Oklahoma,2005,157.2754884,146.8943717,107.7469592,33.6826968,13.3197584,1.6011034,105.9640679,4.1787108,20.3322576,4.1036192,-10.2835449,0.0,50.137365,2.3344566,3.6821894,17.219199,29.943169,20.8035941,120529.0,3548597.0,38238.69523
Oklahoma,2006,160.556497,149.1672097,110.6210209,34.5249068,12.5377722,1.6782523,108.7292567,4.3942746,20.1558543,3.9918712,-11.190784,0.0,50.9732017,2.1510635,3.354308,18.5587968,30.7322629,21.5313549,126888.0,3594090.0,39268.27435
Oklahoma,2007,161.5989962,150.4378488,111.3987833,34.4147523,12.7732792,1.76824,109.1641132,4.7294094,20.1225707,4.1716958,-10.9990959,0.0,50.3903952,2.5272884,3.8586494,18.2155905,31.1730995,21.713657,129795.0,3634349.0,39709.09056
Oklahoma,2008,165.4537423,154.5952083,113.7210672,35.7199535,12.970676,1.8845387,112.3587726,4.5697385,20.3543731,4.1204498,-10.7636838,0.0,51.9873093,2.5768965,4.1316943,19.0451617,30.8448187,23.7951206,134407.0,3668976.0,40015.76941
Oklahoma,2009,159.1045367,148.5936658,107.7164251,35.6595658,13.1909652,2.0203871,107.1856451,4.4475722,20.6785978,3.7917448,-10.4110368,0.0,50.5729274,2.6444241,3.8972498,16.6052232,29.5011566,24.0304145,132059.0,3717572.0,37780.91971
Oklahoma,2010,159.8907429,149.8496571,107.8650808,35.8968056,13.5870515,2.1458186,106.9670087,4.8894685,21.2903292,3.7070856,-10.0059379,0.0,48.1786369,2.6561604,4.097432,17.4249451,30.3712596,24.0377292,132917.0,3759482.0,39996.74373
Oklahoma,2011,162.2840042,152.9316044,109.754161,38.1383431,11.6964208,2.1931994,110.3490963,5.1611025,19.4173596,3.6571799,-9.4215407,0.0,49.9684816,2.5119023,3.8084051,17.8825167,30.1550859,28.3862341,135454.0,3784163.0,40182.43942
Oklahoma,2012,156.8178929,147.7303538,107.2116262,36.2972151,10.1463574,2.2099225,107.8483421,5.2841753,17.0465423,3.5087215,-9.1480858,0.0,47.9500288,2.3366851,3.0510321,18.5722205,29.5325028,28.3947856,173238.8,3818814.0,1564226.0
Oklahoma,2013,156.268785,148.1054211,106.0797461,35.576124,11.7074053,2.2373081,106.6032848,5.4188928,17.7829466,3.5458528,-8.3351814,0.0,44.9476023,2.7594928,4.107628,18.658943,29.5616349,28.2321526,176862.6,3853214.0,1622845.0
Oklahoma,2014,157.546658,149.9182178,107.3036393,35.2910682,11.823951,2.303448,107.4914216,5.5871688,17.8867886,3.4546579,-7.8768311,0.0,42.6469194,2.9496678,4.2768046,19.423762,31.5246275,28.0128961,186307.0,3878187.0,1685566.0
Oklahoma,2015,154.9303359,147.334358,103.6185375,36.393254,12.4801735,2.3525285,104.2803307,5.5824339,19.0825686,3.4732455,-7.8284728,0.0,40.2669399,3.0171899,3.7231294,19.0394857,31.0717214,28.4169636,193237.7,3909500.0,1632954.0
Oklahoma,2016,150.3093837,140.5215343,99.660158,36.565821,11.949812,2.3727831,100.6723378,5.2780901,19.1279605,3.4926821,-9.711273,0.0,35.9720358,2.8100449,3.20431,19.8588963,31.3205636,27.8535179,188063.3,3926331.0,1635877.0
Oklahoma,2017,147.7817957,138.221298,96.6420882,37.4539228,12.0864893,2.3557359,98.2421819,5.3095875,19.5591357,3.4065211,-9.4930497,0.0,31.0681269,2.8453204,3.2476528,21.0955071,31.4392825,28.7778955,188157.2,3931316.0,1646626.0
Oklahoma,2018,151.3415852,142.1036798,100.9707458,35.9508273,12.0568937,2.3631183,100.9707458,5.6205582,19.8216495,3.0492561,-9.2379054,0.0,33.4826065,3.1549578,4.1711702,21.6204955,31.2458708,26.7056601,193204.7,3940235.0,1706535.0
Oregon,1990,41.9346686,-77.7698091,31.081203,5.9210934,5.1236654,0.7758507,32.0384794,0.4217193,6.9403352,2.2340708,-50.2802354,0.0,1.8164912,1.8226016,1.9402713,5.1147217,20.6184113,0.7135449,64881.0,2860375.0,24650.22642
Oregon,1991,45.69858,-62.5011169,34.8897645,6.0125853,4.8956831,0.7681156,35.6505232,0.4897491,6.7442782,2.3024712,-50.2859449,0.025442349,3.6416234,1.8037722,2.0748637,5.2519269,22.1357501,0.6229142,65969.0,2928507.0,25444.39109
Oregon,1992,46.9391213,-55.2389998,36.065342,6.0616277,4.89488,0.7671442,36.8746874,0.5028172,6.6614189,2.3479744,-49.8260706,0.024233205,4.5497828,1.6040976,1.8107778,5.8934828,22.2733604,0.6449484,68519.0,2991755.0,25250.30395
Oregon,1993,47.0591378,-6.0607925,35.6356069,6.1569949,5.33221,0.8447192,36.5259506,0.533007,6.9938524,2.4330847,-39.9092784,0.016744437,4.3442278,1.7510086,2.3048426,5.8171917,21.5288263,0.7503555,72548.0,3060367.0,25726.52556
Oregon,1994,48.8191696,-4.7592975,37.299826,6.4835565,5.0005616,0.9139603,38.1907455,0.5613215,6.884008,2.5437137,-41.0913565,0.01795229,5.4955429,1.6587257,2.2404929,5.7637409,22.2669228,0.8182076,76924.0,3121264.0,26053.31368
Oregon,1995,47.0149389,-8.4888367,34.6608411,6.8267073,5.361708,1.1517929,35.4993896,0.6581334,7.4145965,2.6751384,-40.3642893,0.013295056,2.7506636,1.7260273,2.1175329,6.174666,21.928953,0.7554918,81919.0,3184369.0,26242.6633
Oregon,1996,49.8149741,-1.8604421,36.9951497,6.8725977,5.5306777,1.3182348,37.5961662,0.7730203,7.629111,2.7805406,-41.3206936,0.019433703,3.2244859,1.8342541,2.3565368,6.6076598,22.718436,0.8247211,93489.0,3247111.0,27357.417
Oregon,1997,50.1878065,2.3329809,37.3930242,6.5783762,5.5580512,1.4422327,37.2788072,1.0565083,7.5938628,2.388031,-40.7744568,0.020572906,2.7243574,1.8265162,2.2517917,6.7265457,22.891054,0.7789032,102347.0,3304310.0,27638.87107
Oregon,1998,56.306844,25.3145406,43.0950912,6.5527609,5.552411,1.6643101,42.9749825,1.1357538,7.4746678,2.6496632,-41.1265791,0.023455546,6.2343841,1.901958,2.3224168,7.7283221,23.8819472,0.6872676,107915.0,3352449.0,27923.1727
Oregon,1999,57.0207677,26.1330408,44.5022382,6.070517,4.9040654,1.8195989,44.4043388,1.1786643,6.9021441,2.1334322,-41.5348098,0.009304413,6.2642083,1.9672095,2.6269933,8.4678916,24.0992575,0.8705389,111832.0,3393941.0,28561.1504
Oregon,2000,54.5227857,10.4236854,42.6027445,6.0447654,4.3269243,1.7998758,42.5140144,1.189448,6.2793305,2.0740368,-42.6809705,0.010622102,7.3886396,2.007714,2.5953465,6.3210787,23.3638426,0.7789032,121134.0,3429708.0,28153.87483
Oregon,2001,53.6580335,7.8041834,41.4356829,6.1533844,4.887484,1.6201899,41.6406298,1.0215517,6.7230877,2.3624867,-42.500872,0.007241099,8.5763394,2.0814728,2.6457662,5.2754628,22.2960809,0.9163567,119665.0,3467937.0,25906.77813
Oregon,2002,52.5324886,1.1968171,39.6897353,6.4174493,5.3722623,1.647547,40.0051161,0.9614553,7.4456972,2.4659784,-42.9244825,0.01149587,6.4176594,2.0024332,2.6352669,5.5466782,22.6066352,0.8247211,125520.0,3513424.0,25797.68916
Oregon,2003,53.339577,5.7083319,40.0650794,6.4580423,5.6507142,1.7570008,40.4111175,0.9803106,7.7543765,2.5277624,-42.668155,0.010077268,8.1017504,1.6958496,2.4979688,4.9122727,22.4852659,0.6872676,129136.0,3547376.0,25252.82391
Oregon,2004,54.7077963,11.0692294,41.2047026,6.7431813,5.4911596,1.8463849,41.4222187,1.0390829,7.8437459,2.6067638,-42.6986991,0.007140215,8.0731763,1.6817213,2.4314308,5.2788614,23.2164572,0.6872676,139511.0,3569463.0,25214.47015
Oregon,2005,54.947891,10.9792672,41.545656,7.0984331,4.9236274,1.930852,41.7236245,1.0514435,7.423004,3.020536,-42.9128974,0.005492461,8.0998998,1.781737,2.5265965,4.9384955,23.6397391,0.6872676,143429.0,3613202.0,26140.47901
Oregon,2006,54.3665378,5.6151405,40.7635691,7.1076397,4.8083129,2.1636107,40.8379737,1.1463625,7.3486782,3.0967844,-43.5623536,0.048166279,6.3537742,1.7721939,2.5458265,5.3203586,24.0674988,0.6414497,157687.0,3670883.0,27053.98889
Oregon,2007,57.5970831,20.2988495,44.003825,6.8126344,4.9566408,2.1685235,44.1520431,1.119664,7.3716239,3.0151325,-43.196511,0.010266713,9.5784109,1.799392,2.5816846,5.0283272,24.4203422,0.8247211,162889.0,3722417.0,26862.4217
Oregon,2008,56.3074879,15.2867019,42.8703497,6.8898036,4.7013941,2.1952354,43.0683331,1.0863273,7.3677677,2.91174,-43.1560356,0.008920341,10.0175235,1.9421729,2.7571769,5.0424916,22.5640211,0.9621746,170182.0,3768748.0,26512.75237
Oregon,2009,53.6076587,5.8639189,40.8779915,6.6354982,4.3985193,2.0488544,41.2339009,0.9860678,6.9593672,2.7527044,-42.853719,0.006434806,8.8045845,1.9624356,2.785524,4.3872348,22.5729106,1.0996281,164711.0,3808600.0,25780.50305
Oregon,2010,53.769007,8.4682492,40.6324095,6.404903,4.6686629,2.3112936,40.9019787,1.1003995,7.2204514,2.5380813,-42.4573607,0.007814006,9.6941213,1.8061147,2.4778082,4.2169411,22.0391968,1.1912638,174165.0,3838212.0,24851.31904
Oregon,2011,50.9628795,-7.5503397,37.2351555,6.6328958,4.6590131,2.6885513,37.4352282,1.2404094,7.4299669,2.568499,-43.4112823,0.006694119,6.3490429,1.8999531,2.7858856,4.6184161,21.0438837,1.2828994,180326.0,3868229.0,25557.3356
Oregon,2012,50.1541905,-12.9958484,36.989956,6.3616657,4.3338094,2.6407672,37.1115565,1.2278526,6.9569667,2.5736498,-43.8542583,0.005537195,6.8853825,1.7233157,2.5415791,4.558149,20.7052707,1.0996281,174427.6,3899001.0,978305.0
Oregon,2013,52.7902346,3.0516547,39.2389622,6.2458712,4.9393726,2.5595202,39.3406636,1.2185736,7.3916041,2.5811002,-42.7537913,0.005537195,8.9849457,1.7659404,2.7066795,4.4464725,20.7469575,1.0996281,175811.6,3922468.0,996229.0
Oregon,2014,51.5082958,2.3093876,38.2028974,5.9696779,4.7807891,2.6565829,38.2054244,1.2714497,7.2784856,2.2710548,-41.8516756,0.005537195,7.879892,1.7155434,2.4900628,4.5336251,20.9041429,0.549814,181754.9,3963244.0,992970.0
Oregon,2015,51.6500085,3.3834865,38.1932668,6.057897,4.792743,2.7109305,38.2862556,1.268464,7.3426706,2.2865085,-41.7494905,0.005537195,8.5384931,1.9014839,2.3069296,4.5039614,20.3702253,0.5956319,191864.2,4015792.0,970894.0
Oregon,2016,51.397116,0.1540425,38.1136004,6.1060322,4.4989802,2.7470223,38.1402568,1.2974162,7.1051367,2.3076098,-42.1990101,0.005537195,7.7503783,2.027093,2.4737005,4.7092022,20.4752419,0.7330854,201059.5,4089976.0,987463.0
Oregon,2017,52.2345236,5.4599344,38.9586707,6.1465183,4.4362771,2.7433237,38.9872042,1.2958606,7.0927932,2.301746,-41.8070869,0.005537195,7.4907793,2.4118459,2.9496616,4.6445643,20.7292371,0.6414497,209581.3,4143625.0,1031576.0
Oregon,2018,53.1350607,11.898581,39.8039138,6.0745689,4.4664055,2.7901725,39.8039138,1.3252135,7.079824,2.2751366,-41.2364797,0.005537195,8.3568327,2.3113039,2.6880598,4.3633,21.365908,0.6414497,219279.9,4181886.0,1012242.0
Pennsylvania,1990,320.9456578,284.8299026,257.715636,50.9745732,8.3885963,1.311346,259.6085102,2.5612431,8.2636153,12.3525836,-36.1159879,0.0,106.6802807,12.8472955,22.6998665,50.1327287,60.0738137,35.132665,288955.0,11903299.0,91627.90546
Pennsylvania,1991,313.821374,277.6158638,251.2124236,51.4016784,8.2073794,1.2745893,252.9216057,2.4904654,7.9611222,13.9102642,-36.2546266,0.035618263,105.2274679,12.8278292,22.9181607,45.4070378,60.0619209,35.1785773,289708.0,11982164.0,90044.43963
Pennsylvania,1992,324.4091913,288.7500077,259.4528311,53.309924,8.6327496,1.3334738,261.4782846,2.6281513,8.2104032,14.2002871,-35.6821248,0.031132985,105.4835308,13.7369738,24.4515677,48.6657044,61.4493176,37.3256007,298365.0,12049450.0,92636.92173
Pennsylvania,1993,327.3902713,294.2531369,260.5464357,55.4692363,8.9964773,1.570973,264.2080954,2.6688898,8.5552398,13.2769195,-33.1221855,0.028607962,108.5988087,12.9061379,25.0922382,46.5795728,62.8837674,40.5397332,303021.0,12119724.0,94512.60186
Pennsylvania,1994,324.4158709,289.7556691,258.628875,53.9042274,8.5986806,1.9858481,261.0687551,3.0988081,8.0186446,13.736653,-34.6657428,0.026356518,104.7110405,13.9329405,24.7419291,46.6184772,63.2563455,38.6977225,311576.0,12166050.0,96320.34393
Pennsylvania,1995,329.1745398,295.9635802,261.4915321,55.2138574,8.6484057,2.8730576,264.3210025,3.708947,7.9692395,13.415754,-33.1947688,0.028909619,107.8461264,13.7713932,23.9163593,46.5397148,64.0289247,40.7023214,321832.0,12198403.0,97762.74253
Pennsylvania,1996,335.5709756,301.172659,266.4258916,55.5760911,8.8759234,3.452824,269.5474406,3.8949224,8.0921188,13.2117233,-34.3847485,0.025956599,112.8576497,13.9412854,25.0243093,46.0893621,63.7480006,41.4754416,330321.0,12220464.0,98596.04215
Pennsylvania,1997,350.5450887,317.1903714,277.7950053,59.1069497,8.9018517,3.9834548,275.4975583,7.6764518,8.0087507,13.5774346,-33.3148305,0.032804287,114.3643275,13.2367564,23.5806843,48.091066,66.3882458,46.2675415,416868.0,12227814.0,97685.30423
Pennsylvania,1998,334.2753401,300.6487618,264.1150416,56.4725543,8.8403161,4.2806779,261.3430522,7.8118083,8.1678507,12.8885078,-33.6210675,0.040774771,115.5539117,11.6743999,20.1309457,38.346734,68.3883837,44.1748406,432479.0,12245672.0,93661.03255
Pennsylvania,1999,327.989885,294.0300782,262.3539516,49.019419,8.2945151,4.6116549,256.9370262,8.047208,7.8560942,10.8147725,-33.9625053,0.036447146,110.9886701,11.799879,22.4302911,37.9042194,68.8580115,37.2698036,443652.0,12263805.0,94590.16616
Pennsylvania,2000,342.3655073,306.8504575,274.0809472,51.3221678,8.364079,4.7663221,269.6196129,7.8197187,7.9530867,11.0763581,-35.5120525,0.031808153,118.4515688,12.5144287,24.5038263,38.0882481,70.8434841,40.4282289,452415.0,12284173.0,98975.34619
Pennsylvania,2001,324.0976698,289.1160904,259.7383556,46.8899989,8.1678625,4.9133261,257.1211092,6.7958494,8.0129552,8.364737,-34.9962072,0.030760139,108.350109,12.2977976,23.3104356,37.0864497,70.5206136,38.8951451,453854.0,12298970.0,96636.57343
Pennsylvania,2002,329.8192725,294.3936406,266.2481875,44.5939362,7.8636245,5.060724,262.1209364,6.9997679,8.0182622,7.672513,-35.4305404,0.023936454,115.7984594,12.2752866,22.6817656,36.7642346,70.6052717,36.8693077,463831.0,12331031.0,98152.95798
Pennsylvania,2003,332.7170102,297.7994623,269.1909281,44.2035987,7.6043138,5.205273,265.416446,6.7226485,7.8754449,7.446292,-34.919709,0.03100957,116.3246295,12.9703138,25.1531688,37.5155481,69.3562764,37.0428976,472178.0,12374658.0,99414.54962
Pennsylvania,2004,337.6021949,302.8961874,273.3078354,44.6116757,7.629615,5.3219614,268.1742098,7.2630093,7.9723305,8.1523014,-34.690975,0.023663352,119.2865644,12.5444685,24.0793517,37.6768589,70.7855982,37.0276901,478759.0,12410722.0,100603.6169
Pennsylvania,2005,338.6706177,303.8645072,275.4966145,42.6631162,7.2342602,5.4621558,270.0255777,6.9964276,7.9588471,7.4284199,-34.7877042,0.02072535,124.0050978,12.4972165,22.7977733,36.1472656,71.8528734,36.2058637,482200.0,12449990.0,101199.1333
Pennsylvania,2006,331.8292529,296.2760903,270.1497438,40.822017,7.0461146,5.714805,264.6155934,7.1329884,7.9574253,6.0621319,-35.5608205,0.027660614,123.4032498,11.3756565,19.3184931,36.1076728,71.1503356,36.9832929,488685.0,12510809.0,98013.50352
Pennsylvania,2007,336.1340293,301.3760101,272.8799481,42.4698665,7.169605,6.0010456,267.9651177,7.0514419,8.4828382,6.1511945,-34.7435052,0.021636881,125.8927386,12.0442629,20.7226365,35.5702486,70.2879993,38.5088195,497356.0,12563937.0,100103.5061
Pennsylvania,2008,328.0201052,293.5879501,264.5759502,44.2788426,6.8435273,6.353631,260.9587296,6.9725752,8.3982533,6.4465523,-34.4226656,0.019566036,120.4386668,11.2929396,24.232444,34.8626725,65.2313848,40.7929119,498227.0,12612285.0,99735.36543
Pennsylvania,2009,301.9100292,268.3494574,239.5352306,46.4803619,6.657282,6.7484834,239.8779801,6.4128054,8.5337473,5.1767857,-33.5795105,0.022372535,113.1751291,10.4723653,19.0188927,27.689414,63.8773799,43.5817597,482665.0,12666858.0,91670.71954
Pennsylvania,2010,312.446606,279.8428504,249.8607699,44.7884624,6.4540266,7.0943431,248.1234353,6.8040256,8.6190571,5.3895215,-32.5929722,0.019239773,119.4808517,10.211237,19.3646377,31.1972542,63.1982372,40.908045,493530.0,12711308.0,94811.87204
Pennsylvania,2011,303.2758872,269.5900009,242.6249724,43.0074134,6.1063249,7.2108,240.1935732,6.8283684,8.4890715,5.4383982,-33.6965872,0.014959584,114.1740739,9.9878322,18.6401305,31.5789234,61.2623095,38.6174205,502769.0,12743948.0,93876.56453
Pennsylvania,2012,293.0863186,259.1232334,233.4371572,43.1777603,5.8997858,7.2289045,231.4218274,6.7604832,8.4971521,5.4786198,-33.9888436,0.012632335,107.3471906,8.7621291,16.535481,32.7320934,60.3482235,38.8243291,640663.1,12767118.0,3621718.0
Pennsylvania,2013,305.5274554,273.6690243,242.6995099,45.9645247,6.5955823,7.262979,241.1237047,6.9698809,9.2364043,5.5527988,-31.841021,0.012632335,105.958311,10.1401881,19.1923056,38.176055,59.6933829,42.1724228,650802.3,12776309.0,3828165.0
Pennsylvania,2014,306.1917964,275.5480856,242.8751023,46.1303735,6.8192835,7.4301049,241.0435391,7.1218772,9.5844722,5.6421337,-30.6104145,0.012632335,99.0178822,10.853548,21.3746296,41.1722494,59.4747106,42.2377106,666555.8,12788313.0,3955147.0
Pennsylvania,2015,289.6820646,259.0005154,227.7783467,46.4548651,6.6078465,7.5461826,226.7602962,7.0796811,9.5357554,5.7148292,-30.6715959,0.012632335,88.0991749,11.0989911,19.9444379,39.3299197,58.187613,42.4406284,682527.0,12784826.0,3872178.0
Pennsylvania,2016,275.0836177,243.520588,215.6590428,44.771092,6.2312964,7.5711492,214.4472995,6.9077786,9.4094357,5.7941642,-31.5841647,0.012632335,82.4119175,10.2519348,17.7404567,35.8768745,58.944392,40.0256045,691316.2,12782275.0,3760632.0
Pennsylvania,2017,276.3592152,245.2015165,216.0014898,46.4618916,6.2534708,7.5098876,215.607127,6.8197635,9.5073991,5.8278834,-31.1720724,0.012632335,76.928348,10.5197253,17.7848503,37.3185939,62.4012645,42.1418839,695560.8,12787641.0,3809955.0
Pennsylvania,2018,280.8820411,250.3823421,219.5839636,47.5504887,6.2275107,7.5200781,219.5839636,6.7408687,9.6131425,5.8343414,-30.499699,0.012632335,74.8105394,11.7449751,20.7980473,39.2893143,61.4339107,43.1605975,708856.9,12800922.0,3961566.0
Rhode Island,1990,9.3964737,8.9148374,8.4919948,0.7562222,0.4717803,0.0573606,8.9079238,0.0147375,0.0333453,0.5025183,-0.4265448,0.0,0.661443,1.0787726,2.2153828,0.6632292,4.1993049,0.0,25937.0,1005995.0,5360.101268
Rhode Island,1991,11.2592524,10.8659034,10.2938807,0.7994666,0.4706868,0.0551588,10.742379,0.014152,0.0316057,0.5347223,-0.4233109,1.08e-05,1.3502035,1.1219613,2.2282824,1.7988729,4.2161954,0.0,25005.0,1010649.0,5497.564962
Rhode Island,1992,13.5190959,13.2242056,12.43183,0.8665406,0.5268758,0.059306,12.9387049,0.0150735,0.0397857,0.5837743,-0.4235112,7.46e-06,2.1577669,1.0472243,2.6309731,2.9708735,4.1595868,0.0,25370.0,1012581.0,6163.791384
Rhode Island,1993,11.4257839,11.0687386,10.3381275,0.9234593,0.5432604,0.074001,10.8029984,0.0183074,0.0507732,0.6306222,-0.4094423,0.0,1.9868044,1.0975492,2.5162652,0.9922473,4.1593197,0.0,25653.0,1015112.0,5091.650172
Rhode Island,1994,13.2939283,13.0266214,12.2309258,0.777046,0.4898653,0.1018548,12.7169401,0.0256302,0.0301133,0.5200167,-0.405622,0.0,2.1105672,1.3359997,2.5640488,2.6481449,4.0728519,0.0,25882.0,1015960.0,6024.462921
Rhode Island,1995,12.6397196,12.3393847,11.532325,0.7996621,0.4731097,0.1605989,11.9905926,0.0394431,0.029088,0.5429557,-0.4077254,0.0,1.9724465,1.2184506,2.367584,2.2508457,4.1838446,0.0,26552.0,1017002.0,5744.117625
Rhode Island,1996,14.0906884,13.8607356,12.8859496,0.8376607,0.4817832,0.2003157,13.3788675,0.0468407,0.0295523,0.5690066,-0.4044318,0.0,3.4286583,1.3756463,2.5303506,1.8277139,4.2354019,0.0,27006.0,1020893.0,5509.383563
Rhode Island,1997,14.9849934,14.7763711,13.7664242,0.7457649,0.4731396,0.2383973,13.4552639,0.2242438,0.028531,0.5164284,-0.4129363,0.0,3.3452809,1.2989412,2.475144,1.6745554,4.6703911,0.0,34485.0,1025353.0,5450.769347
Rhode Island,1998,15.2245125,15.0192748,13.9572146,0.7208943,0.5255141,0.2606684,13.7074996,0.221095,0.0354403,0.4989594,-0.4163265,0.0,3.2707273,1.1068604,2.2522196,2.5792501,4.5521668,0.0,35226.0,1031155.0,5673.987202
Rhode Island,1999,14.4794389,14.2370824,13.2167746,0.689911,0.5236296,0.2882586,13.0640396,0.2028759,0.037748,0.4773823,-0.4184848,0.0,2.9557113,1.0501053,2.2043756,2.1657335,4.7174334,0.0,36370.0,1040402.0,5657.355481
Rhode Island,2000,13.1507471,12.8448993,11.9102362,0.6718756,0.5083115,0.3145388,11.6513434,0.2249833,0.0352894,0.466048,-0.4210424,0.0,2.6534697,1.1879967,2.3755621,0.6975549,4.6925127,0.0,38457.0,1050268.0,5105.610738
Rhode Island,2001,13.519296,13.2209507,12.3911988,0.4250029,0.4580114,0.3337073,12.1550033,0.219382,0.0328383,0.2807748,-0.4251625,0.0,3.2033311,1.2128577,2.4357855,0.5608641,4.7053913,0.0,39864.0,1057142.0,5088.853019
Rhode Island,2002,12.9795007,12.6544394,11.8675877,0.424043,0.4260628,0.3496829,11.5782472,0.2281421,0.0303124,0.2868292,-0.426642,0.0,2.917018,1.1207238,2.3295773,0.525092,4.6450155,0.0,41508.0,1065995.0,5063.351047
Rhode Island,2003,12.6682856,12.3281169,11.5565906,0.4351632,0.4060342,0.3636483,11.3779745,0.2044159,0.0303434,0.2941196,-0.4273539,0.0,2.2809493,1.2503249,2.6506902,0.5773331,4.5496324,0.0,43245.0,1071342.0,5447.720198
Rhode Island,2004,12.2727669,11.9080702,11.1717445,0.4376828,0.3865906,0.372768,10.8143738,0.2389769,0.0324655,0.3007496,-0.4308042,0.0,1.9491574,1.1682216,2.6345516,0.6153694,4.3732216,0.0,44368.0,1074579.0,5396.716254
Rhode Island,2005,12.3468047,11.9783563,11.2652765,0.4121402,0.3555289,0.381418,11.0209755,0.2100458,0.0343361,0.3032493,-0.4341444,0.0,2.3809557,1.097838,2.5386408,0.6292971,4.3178696,0.0,44189.0,1067916.0,5231.432227
Rhode Island,2006,11.6286313,11.225736,10.5668875,0.4061761,0.3308714,0.3959417,10.3383208,0.202904,0.0359001,0.3063931,-0.4355885,0.0,2.3223705,0.9146734,2.063786,0.6304555,4.3681846,0.0,44955.0,1063096.0,5010.885527
Rhode Island,2007,12.1310146,11.7419086,11.0473509,0.4122233,0.3122427,0.4139905,10.8582187,0.1980701,0.0363556,0.3076167,-0.4395028,0.0,2.7997454,1.0072928,2.1440171,0.6170925,4.2613301,0.0,44433.0,1057315.0,5021.570148
Rhode Island,2008,11.7485913,11.3338207,10.6613963,0.4135493,0.293171,0.4370335,10.4542241,0.2013565,0.0420849,0.3082288,-0.4437699,0.0,2.8726154,0.9039004,2.097665,0.5432597,4.0122655,0.0,43424.0,1055003.0,4929.66729
Rhode Island,2009,12.0942105,11.6677363,10.9791075,0.4281642,0.2683772,0.4644838,11.0048521,0.1585628,0.0392735,0.3078453,-0.4565868,0.0,3.0007055,1.0053835,2.1966669,0.6806529,4.1004341,0.0,42741.0,1053646.0,4845.072309
Rhode Island,2010,11.8472221,11.3849133,10.732585,0.4242728,0.2455273,0.4849555,10.7748675,0.1562957,0.0367905,0.3070215,-0.468544,0.0,3.0669319,0.8837257,2.0916577,0.6071538,4.1083155,0.0,43153.0,1052769.0,4839.175608
Rhode Island,2011,11.8708031,11.3978693,10.7632629,0.4215036,0.224755,0.4908854,10.7938414,0.1575399,0.0365802,0.3050009,-0.4741133,0.0,3.4616904,0.8307296,1.9970117,0.5671498,3.9354486,0.0,43168.0,1050646.0,4634.126648
Rhode Island,2012,11.3638065,10.8529559,10.2818787,0.4131769,0.2040138,0.4934913,10.2932946,0.1580772,0.0334235,0.3047744,-0.4816299,0.0,3.3118312,0.7582038,1.9265354,0.5486153,3.7464954,0.0,51607.4,1054621.0,183954.0
Rhode Island,2013,10.9808324,10.4266713,9.9072311,0.4191092,0.1964602,0.496123,9.9087823,0.1586552,0.0349578,0.3040056,-0.4943161,0.0,2.5551285,0.8752846,2.11652,0.5642452,3.7669006,0.0,51679.0,1055081.0,197499.0
Rhode Island,2014,11.4730242,10.9391948,10.3762938,0.4208418,0.1954399,0.5071287,10.382104,0.1610625,0.0370374,0.3045465,-0.4948916,0.0,2.4798035,1.0859988,2.1819487,0.565604,4.0291455,0.0,52005.5,1055936.0,204878.0
Rhode Island,2015,11.7220826,11.2055127,10.6114672,0.4250636,0.1895245,0.5165444,10.6189282,0.1630566,0.0377822,0.3038996,-0.4918521,0.0,2.7762393,0.9582506,2.2951317,0.5947806,3.9618389,0.0,52957.8,1056065.0,203300.0
Rhode Island,2016,10.5597902,10.0048576,9.4861488,0.4136626,0.1796299,0.5183011,9.4660523,0.1634682,0.0366353,0.3034417,-0.4858828,0.0,2.5640704,0.824827,1.714416,0.6066102,3.7432957,0.0,53030.2,1056770.0,186109.0
Rhode Island,2017,10.9399143,10.407693,9.8687054,0.4091214,0.1723508,0.5133058,9.8519671,0.1623113,0.0347001,0.3027122,-0.4829786,0.0,2.7927498,0.8345606,1.7384492,0.6184713,3.8596678,0.0,52727.7,1055673.0,183816.0
Rhode Island,2018,12.0429727,11.5608884,10.9413545,0.4127819,0.1742127,0.5146236,10.9413545,0.1625806,0.0370236,0.3026772,-0.4820843,0.0,3.1588804,0.9398973,2.1633131,0.6386401,4.0249752,0.0,53135.5,1058287.0,197377.0
South Carolina,1990,70.3862367,47.4031381,61.319021,4.922284,4.0820225,0.8264526,62.9221438,1.2255674,3.2404634,2.6654663,-22.013566,0.0,22.5000398,1.3635748,2.1680965,12.1132565,22.7174589,0.0,75344.0,3501155.0,31826.08322
South Carolina,1991,71.5777751,48.558171,62.4931519,4.8353496,4.1512026,0.8207851,64.1739742,1.1947829,3.1433272,2.7965477,-22.100748,0.000612355,23.0081128,1.3446558,2.3563551,11.8814695,23.5402757,0.0,76010.0,3570404.0,32514.00648
South Carolina,1992,70.9712195,47.9994865,61.6802801,5.0624098,4.2062332,0.8391337,63.418945,1.193987,3.1676112,2.9524503,-22.0327182,0.000427054,22.3881053,1.4967681,2.2670523,12.3593885,22.8038351,0.0,78505.0,3620464.0,32916.41853
South Carolina,1993,75.6885773,52.8060832,65.909996,5.4523632,4.2919087,0.8887288,67.999689,1.1323453,3.2404634,3.2010716,-22.1864079,0.000725516,25.6304859,1.6850631,2.568936,12.8476534,23.1225916,0.0,81301.0,3663314.0,34356.92716
South Carolina,1994,76.0173857,52.6828355,66.0498573,5.5568383,4.3431208,0.9569791,68.2064536,1.1603008,3.1918953,3.3559635,-22.5692307,0.001154393,26.1379522,1.5966274,2.3203361,12.4943648,23.5558305,0.0,85856.0,3705397.0,34360.1275
South Carolina,1995,75.4373215,52.2314519,65.0299132,5.7930301,4.3884137,1.2106771,67.267897,1.2723785,3.1918953,3.5429378,-22.4368409,0.000882458,25.2108065,1.6569415,2.3943674,12.3119378,23.6006936,0.0,89046.0,3748582.0,35693.08434
South Carolina,1996,80.3633157,56.9103923,69.3680908,6.1300948,4.451658,1.4111063,71.4474704,1.567054,3.1918953,3.8174719,-22.8738973,0.001847405,29.033401,1.7081932,2.6562961,11.8839075,24.1622497,0.0,91716.0,3796200.0,36638.34568
South Carolina,1997,83.999777,60.803607,72.5355536,6.4217004,4.4973048,1.5657241,73.5437731,2.2542538,3.1918953,4.162064,-22.8392087,0.00128199,30.0304103,1.6569181,2.3807206,12.2167378,25.1934966,0.0,117441.0,3859696.0,37840.36551
South Carolina,1998,87.2798008,63.9594113,75.7883393,6.6401513,4.1595306,1.6531326,76.8471522,2.3307075,2.8781454,4.3820296,-23.0965951,0.000819389,31.4826056,1.897611,2.3112474,12.4426208,26.5793156,0.0,122077.0,3919235.0,39015.2706
South Carolina,1999,90.8037285,67.3705948,79.0321353,6.8325425,4.1280613,1.7528273,80.1850594,2.3597835,2.8538613,4.5999611,-23.3564444,0.000468143,33.8836163,2.2010873,2.4060173,12.2794578,27.2948524,0.0,127371.0,3974682.0,39065.46816
South Carolina,2000,94.3382677,71.089214,82.2019253,7.204171,4.1225036,1.7926655,83.1736133,2.4868838,2.8781454,4.9789727,-23.377975,0.002388577,36.8155414,1.7257586,2.553347,12.1907304,27.8334331,0.0,130940.0,4024223.0,40215.57686
South Carolina,2001,92.8655931,70.0386647,81.0376601,6.9795098,4.0456257,1.7328057,81.8443237,2.433911,2.8781454,4.9148958,-22.9638006,0.000946792,34.8763405,1.621118,2.2753497,12.8409203,28.0605227,0.0,132206.0,4064995.0,39008.21472
South Carolina,2002,94.3813718,71.9033024,82.448303,7.1518458,3.9275624,1.7854685,83.1381596,2.4693404,2.8295773,5.1853619,-22.7536949,0.001330112,35.5650001,1.5784659,2.2541555,13.0122322,28.5326998,0.0,134397.0,4107795.0,39989.71305
South Carolina,2003,95.1484896,73.2771733,83.1340747,7.2705836,3.8402981,1.8415032,83.6135359,2.6076783,2.8295773,5.2315827,-22.2985054,0.001668765,35.6659405,1.6097863,2.4294219,13.0141609,28.6949503,0.0,138516.0,4150297.0,40119.89407
South Carolina,2004,102.8497815,81.9155154,90.7518582,7.1404267,3.7786998,1.9012571,91.2399428,2.7532222,2.8538613,4.9874978,-21.9068197,0.001427596,38.9144657,1.6227085,2.4579139,13.4249453,32.4949521,0.0,139239.0,4210921.0,42790.36886
South Carolina,2005,100.5436204,79.2141046,88.920417,7.0099055,3.3093147,1.953213,89.4526575,2.6615226,2.5643955,4.9158321,-22.1180611,0.002596588,39.9445089,1.6390227,2.3547281,12.5732541,30.7913523,0.0,141877.0,4270150.0,42109.98028
South Carolina,2006,101.7748968,80.0863506,89.906232,6.8981021,3.5636511,2.0388837,90.1828887,2.8025227,2.8052932,4.9061149,-22.4682708,0.002618012,40.0001412,1.7422405,2.0242802,12.174553,32.0970389,0.0,143904.0,4357847.0,42381.48052
South Carolina,2007,101.7987985,80.1029573,90.0944563,6.6069465,3.4680025,2.1526959,90.237308,2.8959614,2.8052932,4.6447725,-22.4755897,0.002915765,41.7677558,1.5616178,1.9293749,11.1048564,31.9105248,0.0,147956.0,4444110.0,42279.24584
South Carolina,2008,98.7226092,76.6942563,87.3308755,6.1844355,3.3537598,2.2895436,87.7469124,2.7329825,2.7567251,4.3349543,-22.5989134,0.003896823,41.8761531,1.6678841,2.022218,10.2363019,30.1451879,0.0,146164.0,4528996.0,41508.97036
South Carolina,2009,92.5384736,70.08638,81.6982287,5.9654922,2.8424199,2.4427211,82.9349305,2.2542896,2.4429752,4.10994,-22.6453118,0.002384455,37.5272526,1.5021568,2.0030825,9.5884267,30.5437803,0.0,139913.0,4589872.0,39867.7723
South Carolina,2010,95.9653392,73.5429248,84.7639571,5.7776692,3.1503378,2.6052415,85.6658356,2.5422027,2.7324411,3.9456406,-22.791554,0.009653036,40.9054253,1.6790281,2.3464642,8.531266,30.6092267,0.0,143407.0,4635835.0,41640.33576
South Carolina,2011,91.3858014,67.9611711,80.760853,5.532396,2.7195324,2.6504985,81.200486,2.7242496,2.4429752,3.7260945,-23.3858476,0.010246476,38.0054796,1.528843,1.9083337,8.0244075,30.1861661,0.0,146669.0,4673348.0,40579.50915
South Carolina,2012,85.1355222,60.8203102,74.9867978,5.0393842,2.6379007,2.7124048,74.942399,2.8933471,2.4186912,3.3335028,-23.8076093,0.008529591,33.4764329,1.4935142,1.5794502,7.5616793,29.3117439,0.0,175328.5,4717354.0,1567748.0
South Carolina,2013,81.9145395,57.5390755,71.681491,4.8712503,2.9202382,2.7469857,71.4867267,2.9138957,2.6353049,3.2806448,-23.7022954,0.008529591,28.2834031,1.5924227,1.9223145,7.3628283,30.7219996,0.0,178757.4,4764080.0,1602053.0
South Carolina,2014,86.1264565,61.8451445,75.8268879,4.6951156,2.9322391,2.8346973,75.7201487,2.9782712,2.6595889,3.0892519,-23.8275461,0.008529591,32.5343978,1.7232961,2.1504991,7.6889474,30.0448894,0.0,183579.7,4823617.0,1642099.0
South Carolina,2015,85.0198537,61.3722687,74.7500967,4.6617126,2.8717714,2.9014582,74.5828447,2.9895864,2.6595889,3.0957828,-23.2604863,0.008529591,29.4428158,2.0017006,1.9075238,7.9634811,31.548043,0.0,190294.1,4891938.0,1660178.0
South Carolina,2016,83.3406591,60.0280449,73.4167055,4.5798709,2.5121332,2.9448975,73.383462,2.9186771,2.345839,3.05971,-22.9083703,0.008529591,27.6663393,2.0429891,1.8495052,7.7137291,32.3744514,0.0,196477.4,4957968.0,1652056.0
South Carolina,2017,81.0894515,58.4312317,71.0675207,4.3934464,2.8309401,2.9547958,70.9412866,2.9224206,2.6110209,2.931846,-22.2697519,0.008529591,25.2062897,2.022354,1.6865486,7.5074118,32.7659483,0.0,202644.5,5021268.0,1643724.0
South Carolina,2018,84.9472993,63.3685316,75.1350271,4.3508136,2.4741457,2.9873128,75.1350271,2.9295719,2.345839,2.8572471,-21.5787677,0.008529591,28.7760829,2.1430744,2.0544263,7.7067777,32.7193812,0.0,209012.5,5084156.0,1671781.0
South Dakota,1990,30.2474645,29.3599766,12.4041931,7.6079901,10.0771984,0.058298,13.3498327,0.07628903,16.7428884,0.5430459,-3.473107179,0.0,3.162065,0.674547,1.3483135,2.1033566,4.982029,4.1126529,14696.0,697101.0,5476.271319
South Dakota,1991,30.9729314,29.6360535,12.5784105,7.8422141,10.3998534,0.0586593,13.2311693,0.411758878,17.2318593,0.5578372,-3.919673264,0.0,3.4240963,0.6701685,1.1928551,2.0100361,4.7498451,5.345741,15411.0,703669.0,5383.20928
South Dakota,1992,31.0626498,30.3530845,12.7223153,8.0782298,10.0983417,0.0604034,13.4064395,0.437147698,17.0976106,0.5828433,-3.39543817,0.0,3.1918699,0.6663647,1.0156981,1.9322167,5.3591327,5.9479711,16279.0,712801.0,5454.14609
South Dakota,1993,33.278199,34.7427821,13.7248628,8.5981824,10.7651104,0.0727667,14.1566083,0.734159453,18.2392704,0.6248179,-1.749810686,0.0,3.1199144,0.7340758,1.2309762,2.2978138,5.4559047,6.2097072,17208.0,722159.0,5794.441181
South Dakota,1994,34.1963419,33.0051349,14.4742741,8.7019161,10.7776821,0.0960753,14.8915115,0.821443799,18.3211294,0.6320166,-4.08593326,0.0,3.3997233,0.7297406,1.1502122,2.453891,5.8005799,6.302106,18141.0,730790.0,5954.886889
South Dakota,1995,34.5309483,35.1500514,14.2664437,9.2176223,10.7754182,0.1438666,14.7643005,0.842434746,18.7577106,0.6526214,-2.579893352,0.0,3.1362895,0.7677398,1.2081184,2.2522075,5.9194489,7.6388864,18520.0,737925.0,6044.672982
South Dakota,1996,34.9956972,33.4268857,14.2352524,9.0446529,11.4265193,0.1771921,14.7284266,0.903428142,19.189926,0.6728987,-4.478230615,0.0,2.6850127,0.8061821,1.4454745,2.3273155,5.9167659,8.2086417,19410.0,742213.0,6377.332601
South Dakota,1997,35.198217,35.1048773,14.5421609,8.5684018,11.75512,0.2070979,14.6872656,0.976500528,19.351461,0.6851484,-3.244437971,0.0,3.5973067,0.751535,1.3182999,2.3108977,5.7642348,2.0735569,22356.0,744223.0,6117.701357
South Dakota,1998,35.7276796,35.0064951,13.9843418,8.3942254,13.0562005,0.2226615,14.0790007,1.004855361,20.488755,0.6875387,-3.824805063,0.0,3.349389,0.6566162,1.114609,2.1346506,5.9326491,1.938914,23774.0,746058.0,6047.369337
South Dakota,1999,37.4836633,36.1269373,14.6054152,8.8572668,13.7035886,0.2476198,14.7289981,1.015378326,21.6031284,0.6905721,-4.521999303,0.0,3.7647255,0.6563429,1.0876687,2.2222254,6.0778612,1.9574754,25086.0,750412.0,6185.916612
South Dakota,2000,38.443584,34.6393272,15.3618091,9.0155631,13.7015592,0.2661435,15.5058454,1.052979413,21.7395601,0.6965911,-6.685161408,0.0,3.8861254,0.7224847,1.1996821,2.5356496,6.1661853,2.2556365,26878.0,755844.0,6530.117637
South Dakota,2001,39.4304112,36.2452611,14.661913,9.4629637,14.9958574,0.2843343,14.7798859,1.072025823,23.4771532,0.6986587,-6.248562971,0.0,3.9021694,0.7009805,1.1218597,2.0134756,6.0692124,2.4974527,27610.0,757972.0,6343.111575
South Dakota,2002,38.2823597,34.0489828,14.9540839,9.2938336,13.6601365,0.2972763,15.0112198,1.111247067,22.0124233,0.7090185,-7.034790929,0.0,3.3940055,0.6925897,1.1603896,2.2100352,6.5819389,2.3235776,29734.0,760020.0,6830.496598
South Dakota,2003,39.2613612,35.8400201,14.9394132,9.0181037,14.9489961,0.3078548,14.9545381,1.154033575,23.0132857,0.7285022,-6.433779653,0.0,3.6514868,0.6933904,1.1866607,2.2778568,6.1531753,2.5317964,30397.0,763729.0,6938.82958
South Dakota,2004,39.4536272,36.3799658,14.9592752,8.8718397,15.263055,0.3172481,15.0041796,1.127482189,23.1748207,0.7472088,-6.156047455,0.0,3.881361,0.6578781,1.0463025,2.1734313,6.2545623,2.6000415,30958.0,770396.0,7179.107549
South Dakota,2005,38.9923004,35.7144161,14.5230041,9.2050207,14.9087571,0.3286081,14.4717035,1.185299983,23.1770036,0.7636593,-6.287854549,0.0,3.30291,0.6500749,1.0312239,2.1814244,6.3413006,2.5564342,31549.0,775493.0,7630.305978
South Dakota,2006,38.2173787,33.6852697,14.6237432,9.2675032,13.9244224,0.3451966,14.5382936,1.224811546,22.2558173,0.7858359,-7.282435162,0.0,3.5274527,0.6173634,0.9650263,2.1203016,6.3584513,2.4322954,31643.0,783033.0,7762.603759
South Dakota,2007,39.7962117,36.6145956,15.1439987,9.3569033,14.8790557,0.3654275,15.0833767,1.232336696,23.2861489,0.8089185,-6.278459095,0.0,3.0247472,0.7118025,1.0250821,2.7219242,6.576193,2.7378094,32816.0,791623.0,8378.027833
South Dakota,2008,40.7337827,38.1068277,16.1503171,9.2308406,14.866578,0.390122,16.2106687,1.159381677,23.1497173,0.8278056,-5.892116211,0.0,3.9452505,0.7723552,1.2043555,3.0378695,6.174747,2.638178,34302.0,799124.0,8970.495093
South Dakota,2009,41.1122884,39.5740911,15.7120421,9.0960674,15.8317593,0.4183553,15.9508212,0.998025427,24.1254762,0.6233894,-5.002293678,0.0,3.4224004,0.7963013,1.1382535,3.1441101,6.3726527,2.7398426,34354.0,807067.0,9211.42825
South Dakota,2010,41.8374314,41.6260087,16.0727361,9.4515288,15.8127486,0.4376563,16.3217697,1.00005406,24.4801985,0.6277771,-3.941674726,0.0,3.5506377,0.7643482,1.0417668,3.286356,6.5896221,2.7229199,34371.0,816223.0,9572.336595
South Dakota,2011,41.5946681,39.407649,15.7209605,9.2558053,16.1268081,0.4477657,15.8631109,1.104806664,24.5871608,0.6324376,-5.596226731,0.0,2.8631005,0.7378834,1.0339594,3.5547762,6.5763397,2.9368587,35898.0,823593.0,9637.200306
South Dakota,2012,40.5697416,37.5361772,16.0654819,9.1398327,14.8153636,0.4535455,16.0122612,1.189955047,23.2861489,0.6386291,-6.222391025,0.0,3.2159996,0.626198,0.8685934,3.4605544,6.9676052,0.6954327,43550.7,833566.0,376640.0
South Dakota,2013,44.4396321,44.6948932,16.5017199,9.3857276,18.0707183,0.4604011,16.4431979,1.205783846,26.7842557,0.6441738,-3.779678106,0.0,3.1789137,0.7764066,1.0805631,3.8123892,6.6872256,0.6284375,43737.7,842316.0,390343.0
South Dakota,2014,45.3415778,47.0463365,16.5443264,8.9563471,19.3703119,0.4744329,16.4833903,1.21169413,27.8124043,0.427861,-2.630822286,0.0,3.0455841,0.8043531,1.0876569,3.6898515,6.9523719,0.5802488,44449.7,849129.0,393981.0
South Dakota,2015,45.6979515,46.9135804,15.9310913,9.973059,19.3594742,0.4835909,16.6121175,1.171103855,28.0852676,0.4330527,-3.077918267,0.0,1.9187446,0.7136283,0.9310882,3.7130302,7.0462484,14.9739312,45371.8,853988.0,385859.0
South Dakota,2016,44.1823301,43.3701501,15.9370217,9.7091858,18.0541131,0.4905778,15.8828286,1.176233657,27.2754095,0.4391353,-4.662311817,0.0,2.6423147,0.720006,0.9450258,3.697476,7.0194776,0.4557638,45733.6,862996.0,382983.0
South Dakota,2017,43.2644887,42.4947554,15.6523377,9.7284922,17.3944483,0.4922975,15.5472855,1.204898328,26.6249035,0.4750691,-4.54375609,0.0,2.4688246,0.7480945,0.9492946,3.7368344,6.8012952,0.4130604,46023.9,872868.0,384986.0
South Dakota,2018,45.4858301,45.5336016,16.5250063,10.0904642,18.3747492,0.4956105,16.5250063,1.142577611,27.9553847,0.4808356,-4.049822788,0.0,2.8862154,0.8492253,1.1456673,3.8034979,6.94841,0.3676849,47287.0,878698.0,396837.0
Tennessee,1990,115.2496336,75.5747958,98.5173811,11.2894905,5.0986205,1.0057861,103.0820934,0.7864236,7.0908083,4.9240373,-41.4268453,0.0,47.7632194,3.3221831,3.4030165,15.9339739,32.1613348,6.0073763,110321.0,4894492.0,45158.70072
Tennessee,1991,110.6449681,71.4885543,94.2432365,11.1887292,4.9358825,0.9861886,98.6633976,0.7677415,6.8468706,4.9543741,-41.4043299,0.0,44.7989528,3.292296,3.5607901,15.7594454,30.6589818,5.6907719,114266.0,4966587.0,45133.12315
Tennessee,1992,115.9338484,76.5422205,99.410502,11.1102221,5.0444045,0.9999107,104.1542944,0.7714479,6.8468706,4.9199072,-40.8788372,0.0,47.248428,3.4754312,3.7780006,16.9483864,32.0942835,4.977251,123167.0,5049742.0,46212.37065
Tennessee,1993,126.4977637,86.6394818,109.4033427,11.1976843,5.3584477,1.0438642,114.5291767,0.7907303,7.1474502,5.0368766,-39.8243933,0.0,56.1085883,3.5332076,4.0770571,16.9552282,33.852926,3.0822852,128543.0,5137584.0,47074.59938
Tennessee,1994,121.9968069,81.9930308,104.9547533,11.2867152,5.1980291,1.1580909,109.4911352,0.9684275,7.1111994,4.8609619,-40.8006436,0.0,49.7701048,3.4272909,4.0226111,17.0889761,34.742975,2.9328138,136301.0,5231438.0,48586.09522
Tennessee,1995,128.4327814,88.4649945,111.0199295,11.2396542,5.2552747,1.4641259,115.9600314,1.0417967,7.1867219,4.6971712,-39.6680216,0.0,54.8035694,3.4858692,4.1463545,16.8085907,36.5599787,3.2914772,140814.0,5326936.0,49026.60903
Tennessee,1996,129.9289805,89.3252453,111.8681432,11.3503475,5.493821,1.7122518,116.9780775,1.1300785,7.411779,4.6430587,-40.390842,0.0,53.414638,3.9220589,4.9028704,16.6682288,37.8213125,3.3771923,145391.0,5416643.0,51677.10056
Tennessee,1997,135.0929263,94.7384425,117.2570568,11.0734804,5.3172123,1.9071319,120.1406635,1.8933702,6.9412738,4.9169823,-39.1447903,0.0,56.5172378,3.7424144,4.4220845,17.1102178,38.1648176,4.2316664,181888.0,5499233.0,51112.32763
Tennessee,1998,134.4088945,94.3144973,116.7509014,11.0389003,5.1169348,2.0236326,119.1442876,1.9763128,6.6406942,5.3508931,-38.8612506,0.0,54.8102975,3.4168806,4.0848257,17.477054,39.0029496,3.7775497,189286.0,5570045.0,53140.566
Tennessee,1999,134.5198325,94.5753337,117.0663972,10.9737541,4.889922,2.1683794,119.5821174,1.9752145,6.3023533,5.4731402,-38.6132569,0.0,54.1945941,3.5768635,4.3011472,17.0472349,40.1077186,3.6964598,196232.0,5638706.0,54151.85024
Tennessee,2000,138.900001,98.091953,121.6922094,10.9326028,4.6646286,2.2304881,124.6909531,1.9411216,6.0206544,5.3580934,-39.2015738,0.0,59.0557613,3.7707703,4.8145323,16.3915366,40.7105364,3.4010058,198052.0,5703719.0,54979.47995
Tennessee,2001,138.582091,98.3638883,120.5975925,11.3145434,5.0448286,2.2210543,123.7326385,1.8822914,6.5085298,5.579322,-38.3520397,0.0,56.6580289,3.6852594,4.5632601,18.0140812,40.4703595,3.6768442,200084.0,5750789.0,55374.83612
Tennessee,2002,137.6624812,97.3561957,120.0547788,10.9581375,4.9134661,2.2908315,122.7133986,2.028242,6.5840523,5.0198289,-38.6408159,0.0,54.1361725,3.6115372,4.6554271,17.2272078,42.6292152,3.7109886,206386.0,5795918.0,56014.62818
Tennessee,2003,136.7493353,96.8700438,118.6176131,11.0192843,5.2343463,2.3522708,121.0622259,2.0625141,7.1852115,4.8303639,-38.1401834,0.0,51.0288133,3.9206052,4.6327213,17.224521,43.5836895,3.5895763,210833.0,5847812.0,56481.09756
Tennessee,2004,137.7751461,97.9851609,120.3498665,10.0757434,5.1788521,2.425999,122.9394813,2.0550628,7.0530471,4.1497095,-37.8317538,0.0,53.5836185,3.6479854,4.4037617,17.2149819,43.5833346,3.407909,219259.0,5910809.0,57274.15345
Tennessee,2005,137.9851676,98.2246955,121.4321748,9.7185071,4.65997,2.5051644,123.9534212,2.0806065,6.5840523,3.8399338,-37.7514213,0.0,55.0400202,3.4280066,4.4508666,16.9717791,43.6700134,3.623017,224288.0,5991057.0,58436.45875
Tennessee,2006,141.2675221,100.8872353,123.7024836,10.7043573,4.7691703,2.6175536,126.0319336,2.1440028,6.9035125,4.6049171,-38.1505028,0.0,57.1831903,3.2896499,4.1076103,17.3432386,43.8056761,3.2347126,230346.0,6088766.0,58443.94302
Tennessee,2007,140.3304681,100.5177032,123.1979416,10.8408668,4.2596556,2.758571,125.1047463,2.2719645,6.5289209,4.6172545,-37.4387944,0.0,56.7942584,3.3984541,4.0911984,16.8117256,43.7594919,3.2189383,230203.0,6175727.0,59281.14858
Tennessee,2008,134.8271859,95.6948854,117.1239501,10.5042955,4.7834589,2.9226266,118.9147731,2.2410069,7.0341665,4.5681393,-37.3187263,0.0,53.9736643,3.5481906,4.43865,16.3322989,40.3839324,3.0519522,230791.0,6247411.0,57815.16317
Tennessee,2009,114.3430441,77.70382,97.2204099,9.8876424,4.6301768,3.1063787,99.2163495,1.9159013,6.7887183,4.4549755,-36.9326138,0.0,39.1714631,3.5593143,4.3360568,12.6539324,38.9054029,2.8592174,221902.0,6306019.0,52991.9389
Tennessee,2010,121.5576946,84.4353885,104.8906555,9.8079837,4.1708977,3.2837821,106.0942747,2.2839314,6.4330073,4.2583932,-36.4640626,0.0,43.4840983,3.7657029,4.8331056,13.2285399,40.3581341,2.6689936,227360.0,6356673.0,57102.06554
Tennessee,2011,117.8975165,80.5412156,101.7712137,9.5193777,3.8958853,3.3398904,102.7822547,2.3160044,6.1513083,4.0159876,-37.4349963,0.0,40.7124761,3.478398,4.1461959,13.532282,40.1866992,4.0733159,232891.0,6399787.0,55467.49496
Tennessee,2012,112.2167272,75.2381604,96.0165728,9.3302083,4.253322,3.1091155,96.6033461,2.2689589,6.5636612,3.9417441,-37.8079768,0.0,37.5009234,3.0163715,3.2131521,13.3144539,38.7015912,3.7841827,283482.0,6453898.0,2085631.0
Tennessee,2013,112.6343931,76.7220198,94.8883841,8.8536953,5.6784777,3.1392573,95.267754,2.3138705,7.9691351,3.7530521,-36.1062365,0.0,33.7738787,3.3677326,4.2313286,14.0371067,38.6860036,3.8237704,287259.0,6494340.0,2137773.0
Tennessee,2014,118.1204329,82.2130958,99.9811979,8.5131905,6.081806,3.2348834,100.2868171,2.4144327,8.3437267,3.5846239,-35.1800307,0.0,37.3203293,3.6448902,4.7710468,14.0022905,39.6024582,3.5492084,291661.7,6541223.0,2205501.0
Tennessee,2015,115.0458776,79.4954902,96.6107499,8.8757162,6.0588461,3.3032751,96.8196094,2.4151707,8.3437267,3.8949488,-35.1484742,0.0,33.7718422,3.7037746,4.1429691,13.7740846,40.2495052,3.6866926,302970.2,6591170.0,2180072.0
Tennessee,2016,117.2600274,81.0996225,99.2993623,8.92743,5.6290244,3.3451921,99.6753172,2.3980364,8.0068964,3.8087004,-35.7114049,0.0,36.1357322,3.5441691,3.6491855,13.9222087,41.3450366,3.3815438,308157.4,6646010.0,2209517.0
Tennessee,2017,113.0808086,77.6116563,95.349093,8.7180807,5.5894057,3.3454843,95.4593819,2.3801845,8.025777,3.7293426,-35.3531444,0.0,32.2341295,3.5696241,3.4938812,13.6100119,41.3662385,1.5285921,314849.9,6708799.0,2167105.0
Tennessee,2018,110.3011905,75.490599,92.412124,8.9484781,5.5625407,3.3780478,92.412124,2.3830114,7.9880157,3.9592275,-34.8105915,0.0,26.1106983,4.1120663,4.5579213,13.9752662,42.036442,1.5645148,323316.8,6771631.0,2255868.0
Texas,1990,685.1659479,644.4094011,575.1678843,64.559442,48.1854799,3.0428642,560.4352884,11.3991978,63.3167348,13.3972221,-45.9477053,0.0,186.5004058,11.4586504,13.1048243,207.8601216,132.0051802,28.5447469,437292.0,17056755.0,259690.5889
Texas,1991,682.5581966,642.5394674,572.2844868,64.7372765,48.5748422,2.9715015,557.7258965,11.2993513,63.4674688,13.7367697,-44.9504214,0.121961617,185.698153,11.5885975,13.2773243,208.2738629,129.5514196,28.4062902,444358.0,17398005.0,259937.0156
Texas,1992,693.4258353,653.3568064,580.5452198,66.2256108,50.0167521,3.026564,565.3506055,11.8434919,65.5729218,14.1937112,-44.5787493,0.090624746,183.3446986,11.7573855,12.8559551,215.1643331,132.8014636,27.6644292,461816.0,17759738.0,264129.4944
Texas,1993,716.4381447,668.4030316,598.3387953,68.1431776,54.0837039,3.3841738,582.6293224,12.6812653,69.5330063,14.5100846,-57.7345192,0.096621084,200.4074197,10.4399149,13.5081126,217.39974,132.0693623,29.4497412,478420.0,18161612.0,267088.0508
Texas,1994,721.6847446,674.7624309,602.0168548,71.1462069,51.0028424,3.9164042,586.4971733,14.140909,69.0699514,14.7989927,-55.5679198,0.089105811,194.057478,10.8946812,12.6519786,222.5514749,135.4226671,30.7176991,505162.0,18564062.0,275173.6123
Texas,1995,727.0831006,680.0650678,603.6257857,73.3480746,51.5370146,5.2088374,589.2491922,16.1295053,69.3388609,15.5028329,-55.5423532,0.094424137,194.0101993,12.6401623,12.1950386,224.3915698,133.6378062,32.7977611,530666.0,18958751.0,280036.6015
Texas,1996,772.9222769,726.0615491,647.1948283,72.7752106,52.8122719,6.1526382,630.0853394,17.4871582,70.0274139,15.0177194,-53.553259,0.099873427,204.9418708,10.8641512,13.1801716,244.0753617,144.9053238,32.6841869,562107.0,19340342.0,299324.8871
Texas,1997,797.5604756,750.0965978,671.3964712,72.2516405,52.0314556,6.9940204,650.2142024,23.4880346,67.1405558,15.3691826,-53.6676989,0.08719259,209.5747579,12.7651336,13.6391809,252.8961021,148.8743131,33.5755275,754194.0,19740317.0,309644.618
Texas,1998,798.6453181,751.7222238,671.3951985,71.9983601,53.0228466,7.6998089,649.4537318,24.3043655,68.3114577,15.7553311,-52.7528262,0.133563334,216.3358757,10.8388762,12.1243632,243.299238,156.4409341,31.2833441,801462.0,20157531.0,314201.5079
Texas,1999,785.6133016,739.5414093,659.0145726,71.7383559,51.8508426,8.3488622,638.1392576,24.2483487,67.2008494,16.0621218,-51.6684363,0.087291374,219.9954011,11.0347496,11.6834361,230.4455036,155.083322,31.6380587,835845.0,20558220.0,305627.125
Texas,2000,803.5637614,758.0938611,678.4453575,71.5232996,48.6912791,8.5964858,655.7341153,25.5272665,64.1729041,16.2075424,-49.9485048,0.095080363,228.8417847,13.2673397,12.9740032,233.5413797,158.4067283,31.5767,870111.0,20944499.0,314230.5378
Texas,2001,796.8356016,751.5818273,669.3647221,73.5061791,49.6880823,8.6296932,646.7713461,25.799449,64.9772209,18.6221668,-49.7928443,0.078067367,220.1536187,11.4802523,14.0111475,226.6441613,164.5812799,31.4826126,891618.0,21319622.0,308768.1263
Texas,2002,813.2827518,768.1358022,683.6404633,74.8766544,49.9691921,8.9499572,660.0859397,26.1410971,65.7260676,19.7186648,-48.8733479,0.009398825,226.5714709,13.8822791,13.9185874,226.4157397,169.8092511,31.8352838,912837.0,21690325.0,316578.5336
Texas,2003,808.1035777,763.3081284,677.2486292,76.3930553,49.3703898,9.2375447,654.4811898,26.1984758,66.5098846,20.0272469,-48.4858471,0.031203457,226.4703502,13.7854206,13.3900298,227.2655268,163.9180605,32.3457094,914892.0,22030931.0,311180.4818
Texas,2004,813.0896932,768.4299086,679.7407599,78.4022708,49.7624359,9.4846318,657.2170422,26.9815522,66.9572632,21.1473324,-48.1475354,0.083953099,225.5167423,11.5348546,12.1866296,231.0634709,165.4278778,33.9131638,964924.0,22394023.0,312248.4903
Texas,2005,782.4801084,738.7667269,650.3631145,79.7772306,46.3682472,9.8003874,630.6038016,26.8936366,64.4996955,21.745906,-47.6337086,0.084607093,230.0810616,10.3195768,12.0961559,200.1930876,166.1306322,35.7575696,968553.0,22778123.0,300228.3172
Texas,2006,787.200503,743.9670449,654.1620009,81.6086993,43.9304406,10.4061452,634.120181,27.9181326,64.0872872,22.1979847,-46.6533291,0.109278308,228.1301697,9.4268703,10.5790173,200.747214,171.9004302,36.7023893,1016315.0,23359580.0,300623.2197
Texas,2007,786.2667754,742.985577,651.9933802,81.905832,44.6683184,10.9430334,631.7637356,28.7216975,64.8337221,22.6680142,-46.7716872,0.108874999,230.761511,9.8508019,12.5451747,193.3542114,172.7721475,36.5037837,1071592.0,23831983.0,298841.3072
Texas,2008,760.1213918,717.4555695,623.1747447,86.1395539,42.4826793,11.6290827,607.9597129,28.8692739,63.7255255,23.4076044,-46.6728943,0.109833302,228.5230102,10.4761951,12.101,175.7335212,165.7995003,40.8946198,1077144.0,24309039.0,289355.0524
Texas,2009,726.8573525,684.6737795,589.9938394,86.2134376,42.4314436,12.3287858,579.4952427,25.9246474,64.655253,22.7595287,-47.0524258,0.096842971,217.6860348,10.774481,11.769613,164.2446375,158.540222,41.5665294,1071959.0,24801761.0,282382.4554
Texas,2010,761.431006,718.3035833,623.5361835,85.3967259,42.6873835,13.1610759,610.1402144,28.6432402,64.2609328,21.9656624,-47.4546139,0.121331058,221.6085555,11.7578745,13.7261825,184.3044235,161.9654363,42.0907055,1116268.0,25242683.0,301499.913
Texas,2011,790.6621046,747.588654,642.6493343,98.2401671,37.4830741,13.7126584,639.2029677,29.9902137,60.0066155,21.7393726,-46.243084,0.109978296,239.0867103,12.2297735,12.0955512,187.2510255,162.0514758,57.0936106,1156013.0,25631778.0,307600.9071
Texas,2012,785.1788885,742.5975655,641.6710431,95.6145997,34.2770062,13.7936438,639.0443401,31.1653002,55.1975969,19.1819136,-45.5514707,0.090680414,223.318881,10.8148295,10.2256141,201.1457446,162.197476,60.0400935,1410447.8,26084481.0,11999994.0
Texas,2013,823.0320952,779.0816305,672.7785231,98.6932599,38.7137689,13.994934,671.3835014,31.7984359,57.8565452,19.0142483,-46.5378247,0.090680414,227.4797764,11.1705338,12.4025253,207.6486735,176.4116394,66.1838667,1470464.6,26480266.0,12785527.0
Texas,2014,826.9644868,782.7736061,674.6538361,100.34157,38.4845898,14.5627699,674.4301267,33.6064136,56.801407,19.0777529,-46.8129668,0.090680414,226.0824933,11.7798333,14.0642625,204.1690939,179.2117508,69.8695139,1518613.7,26964333.0,12789688.0
Texas,2015,827.7810501,784.0455982,674.2282837,100.7713092,39.0904148,15.0191895,673.7591244,33.3425927,58.9671536,19.1006484,-45.9813331,0.090680414,214.7742213,12.7762341,12.7575765,208.9699955,183.1497786,70.4508247,1595969.5,27470056.0,12937563.0
Texas,2016,828.2229911,785.4509932,677.3454668,98.9703144,37.0324412,15.3076256,674.9600764,33.5087542,57.8637804,18.9735209,-44.2702984,0.090680414,208.6544234,12.1310176,10.7626395,213.8771384,189.8252073,66.397786,1606579.8,27914410.0,13164829.0
Texas,2017,845.1073747,802.4202806,691.7689571,100.7919474,37.47012,15.3785137,689.97528,33.367355,59.3084154,18.3263561,-43.4868867,0.090680414,212.0744939,11.8017363,9.9127054,217.3862288,196.002437,70.2052244,1651329.5,28295273.0,13424141.0
Texas,2018,873.3613851,830.329915,714.9617789,105.0316039,37.7964805,15.5715218,714.9617789,33.9766633,60.6927568,17.6027038,-43.0314701,0.090680414,202.0182495,14.3619843,13.3755332,227.2958323,206.0071567,80.1737389,1715231.0,28628666.0,14258824.0
United States,1990,6208.4077225,5902.7975437,4993.4691006,753.1211221,487.131969,33.4544412,5117.2325476,67.1328178,570.2992085,222.5586806,-968.2473701,0.0,1838.7461445,219.0289762,336.3647092,969.1066066,1552.8659038,384.1358494,6638210.0,249622814.0,2129532.38
United States,1991,6164.2707584,5837.5300977,4954.7053211,756.5083909,480.1925526,32.8864406,5077.1136489,68.0395646,563.5011429,229.0386214,-970.5361866,0.64794373,1835.6162258,219.9263819,343.2788123,946.2104068,1535.711815,377.4580874,6627809.0,252980941.0,2127739.581
United States,1992,6270.868856,6012.7127119,5047.5717908,764.6256691,484.3909797,33.8699272,5170.3165805,69.5637595,566.0392836,232.8234465,-961.1910013,0.544432593,1848.2257528,221.0126513,352.8551077,989.6619694,1561.1589096,380.794519,6828525.0,256514224.0,2161833.677
United States,1993,6409.9630514,6270.7935803,5157.7754097,759.4399046,514.9001937,37.723633,5265.9610712,74.8674597,593.9256331,235.4677207,-856.459107,0.455090099,1932.3895481,219.0218577,368.0470706,978.0478323,1585.4261059,354.6886342,6967716.0,259918588.0,2203737.877
United States,1994,6498.6363727,6414.3164161,5241.6584191,769.8484072,494.8124809,44.8730799,5345.0240303,86.1470633,584.8752659,234.0403569,-880.245299,0.43677101,1957.9097086,221.2133019,359.1020281,995.95802,1623.8826884,359.1251081,7288327.0,263125821.0,2245725.589
United States,1995,6597.9074666,6443.1727338,5303.6979389,781.8707391,506.1324232,61.8889429,5412.2483627,96.1367355,596.3887639,236.7998625,-856.3877061,0.443541334,1973.8178402,224.2875346,356.2682868,1004.0495783,1658.1942811,368.3527428,7539096.0,266278393.0,2295474.494
United States,1996,6821.8843661,6667.2768036,5498.7816517,782.1837542,518.2991656,73.818278,5601.9990745,105.2384536,605.5872367,238.4541454,-874.9375663,0.441929755,2047.9179891,232.8285995,384.344831,1036.7277657,1705.4177074,370.3898725,7871721.0,269394284.0,2371063.246
United States,1997,7001.0289423,6870.4560617,5670.0663226,781.1283624,510.7926378,84.7380981,5686.5039567,164.2762411,597.4668061,235.8098733,-858.2939491,0.44946032,2117.0075266,233.0135728,365.4672074,1054.5502756,1724.9084248,364.8710491,9856166.0,272646925.0,2387668.911
United States,1998,6990.258276,6837.0266512,5658.5180323,771.2521728,514.3739065,92.2217507,5667.9935243,168.8114878,603.2399591,233.1925639,-862.5192685,0.504660216,2172.9342953,216.4275422,333.2236857,1013.1207152,1761.2855518,346.1172667,10281034.0,275854104.0,2394715.368
United States,1999,7034.1457296,6917.2318238,5714.0847918,752.2046171,503.6629697,101.3382558,5716.3375719,171.8589925,598.1435913,227.6694496,-866.9278446,0.392031872,2183.4692391,218.684203,353.3738938,994.2895667,1803.6710262,326.3383783,10771147.0,279040168.0,2435080.0
United States,2000,7191.3795996,7124.2691139,5875.972664,750.0694897,486.2490766,105.9765037,5876.8608656,174.1640775,582.3661325,227.0155022,-890.2698088,0.355478271,2287.7396825,230.8968523,372.070277,983.6958288,1839.8650355,328.4169292,11225406.0,282162411.0,2489858.513
United States,2001,7090.0461179,7020.6553581,5760.1941105,750.0514488,502.5599227,108.2989012,5773.4770367,165.9664673,604.6713869,228.7654224,-881.6302497,0.337184335,2250.0199573,222.0574043,359.7552668,959.9908048,1818.6672507,332.1673607,11365110.0,284968955.0,2422745.009
United States,2002,7139.6409763,7113.071293,5803.984789,754.8325118,494.9720957,113.1969982,5805.2771422,169.0193812,604.9302852,237.0422576,-889.1076902,0.228851754,2260.4610304,223.2973027,360.1256086,951.3988505,1849.3659364,326.8498622,11559801.0,287625193.0,2460739.142
United States,2003,7200.1388726,7136.6683245,5854.7240028,763.9542767,491.2168533,116.7247022,5854.1609567,169.7575007,606.4057925,244.6276684,-878.3347494,0.188766618,2288.4468637,233.5079351,377.5785397,945.9566379,1846.2739198,326.5978498,11809034.0,290107933.0,2468099.157
United States,2004,7333.5636509,7278.2004286,5971.6789763,766.8138201,498.0889625,119.4312763,5960.7964767,177.9487988,613.9279496,245.7958757,-874.388399,0.275438723,2319.3905328,229.9471332,363.9589498,973.5422558,1905.1854587,335.1545759,12199532.0,292805298.0,2524195.911
United States,2005,7345.4820088,7209.0919771,5989.7065346,775.7457385,475.1234216,123.0004497,5984.9698823,174.5173642,603.700492,247.1865392,-876.8729592,0.279268182,2385.5178416,219.5559823,357.0612842,930.1229741,1925.9392552,338.6394032,12539116.0,295516599.0,2526945.235
United States,2006,7268.1569234,6973.080809,5908.428694,781.5800507,462.7872787,128.7748784,5900.2003814,179.7218679,601.8393226,244.986373,-891.4012542,0.473546666,2333.6974325,200.5829655,316.5030898,932.162603,1944.3037843,347.2461625,12875816.0,298379912.0,2509705.625
United States,2007,7378.8933658,7063.9189766,5993.787738,794.4226373,468.3575982,135.2087904,5985.0233363,182.1422527,622.0342313,243.4989984,-880.0217063,0.491512013,2399.9942421,209.7680172,337.4085785,921.2834075,1943.663135,351.6859229,13103341.0,301231207.0,2552516.557
United States,2008,7197.1256277,6721.9139054,5798.1993404,820.5488031,454.3424659,143.3387204,5811.6444911,180.9223689,617.4094603,247.5828653,-878.0387267,0.50754743,2348.0921428,218.328926,350.4012504,882.9624082,1822.0613689,384.9384313,13016791.0,304093966.0,2501447.471
United States,2009,6745.6259632,6163.7466799,5359.8375429,815.6986358,449.4388299,151.8792242,5421.7206073,162.2249398,618.5623512,233.5618942,-869.7386692,0.474181822,2136.421325,215.8883097,332.7142283,790.0619642,1756.0838141,391.7880669,12592668.0,306771529.0,2383220.505
United States,2010,6967.2199324,6367.6794191,5562.3798927,814.5917943,452.5754487,160.0299017,5600.4959519,181.1571559,625.6212736,228.0047464,-859.0509854,0.503213987,2248.9289539,213.267702,330.1694257,846.7578615,1767.5288463,394.4756863,12897088.0,309326225.0,2469085.847
United States,2011,6834.764545,6126.5299712,5441.6503334,813.5060702,430.2530965,164.4505959,5482.3643503,186.5423516,606.9708924,222.2000021,-883.4352119,0.423882483,2150.0866922,214.2628178,320.4893447,852.9513937,1736.5772183,416.9310164,13108318.0,311587816.0,2454119.137
United States,2012,6585.8456335,5754.7765889,5246.7315879,779.5251158,403.4667018,165.6846146,5273.9609253,189.5578858,586.6945286,198.2903053,-888.2276726,0.37057148,2018.0075419,194.2012898,281.164381,871.4180607,1701.4728632,401.0717619,16197007.0,313830990.0,94369517.0
United States,2013,6778.8818627,6032.7883994,5389.1067161,777.765112,454.2971474,166.9957775,5411.5058102,193.4913377,629.971959,197.8192456,-856.122569,0.37057148,2032.6734173,215.3788117,327.5210527,892.4742319,1727.1615782,407.2302816,16495369.0,315993715.0,97101796.0
United States,2014,6845.8246786,6093.3817081,5442.2241108,776.1825736,461.3537699,171.8333188,5463.0272064,199.7550377,637.367098,193.6609234,-843.2253269,0.37057148,2032.6801414,226.4708326,343.7879179,891.3738879,1743.5914263,412.9951268,16912038.0,318301008.0,98269642.0
United States,2015,6702.5304007,5953.0976899,5302.6646144,775.6621435,458.2126056,175.567166,5318.9966282,199.6962162,641.5323637,195.526308,-849.1819341,0.37057148,1898.0667102,232.2058535,317.5463725,880.9454319,1764.5084129,415.1129447,17432170.0,320635163.0,97366585.0
United States,2016,6589.635868,5782.8664909,5216.4306411,768.6563798,436.9248305,177.3406846,5222.7716066,199.7881355,631.0574387,195.6846246,-865.0322082,0.37057148,1808.3380906,224.5600555,294.1665529,883.1176006,1797.5977358,376.3532333,17730509.0,322941311.0,97300830.0
United States,2017,6556.192471,5752.7544955,5182.563185,772.5538562,432.7286279,176.886576,5186.941998,200.7449469,631.1179842,196.0748418,-845.9301844,0.37057148,1730.6852606,226.2063924,296.8149044,898.1027369,1809.1678771,377.3666618,18144105.0,324985539.0,97613024.0
United States,2018,6716.8448778,5892.3892014,5335.2457991,764.5659933,439.1496742,177.8834109,5335.2457991,203.4388483,643.7164336,185.5819005,-838.9096411,0.37057148,1753.4324974,246.2974017,338.9395364,924.9781382,1836.0057841,376.7100688,18687786.0,326687501.0,101083621.0
Utah,1990,65.2768818,67.3738191,55.4832293,6.2247436,3.5964485,0.1422787,56.3830084,0.2659737,4.0191118,0.73437,-2.44798493,0.0,30.0938751,1.6388746,2.7531324,9.6941059,10.9918218,4.2160941,36697.0,1731223.0,13503.36984
Utah,1991,64.6778637,66.1276306,54.79265,6.3199735,3.6563474,0.1403017,55.3955282,0.5145648,4.0494218,0.761283,-2.976662799,0.0,28.5756183,1.8511987,3.1210304,9.0722802,11.451675,4.2851886,38105.0,1779780.0,14251.44449
Utah,1992,66.3204047,68.6475077,56.3280008,6.2957152,3.7445081,0.1545072,56.8604405,0.5267883,4.0797319,0.7831864,-2.314521253,0.0,30.7945712,1.551714,2.7411728,8.9297711,11.7072111,4.1494447,39564.0,1836799.0,13901.19556
Utah,1993,68.4609347,72.8364544,57.8436207,6.5253665,4.2858129,0.1814174,58.5249251,0.4516503,4.5622678,0.8420112,-0.657220223,0.0,31.5672338,1.6709481,3.0982406,8.8553178,12.1291972,4.3183693,41509.0,1898404.0,14566.6408
Utah,1994,69.2506388,70.4781756,59.0306452,6.2447196,3.8653398,0.2468613,59.3541991,0.5198645,4.2615921,0.8946323,-3.47213568,0.0,32.4923381,1.8672629,2.8685381,8.8489777,12.3656779,3.9007573,44958.0,1960446.0,14807.22116
Utah,1995,73.5359419,77.2330792,61.0814415,8.240663,4.3813429,0.3785323,62.5840697,0.7241303,4.713818,0.9791021,-1.586060236,0.0,30.5274394,1.8228677,2.842556,10.0019034,13.408396,8.8313388,48212.0,2014177.0,16059.03536
Utah,1996,74.3061578,75.4805094,61.9892783,8.2620799,3.9262523,0.479331,62.8501668,1.0706954,4.5040725,1.0816587,-3.850949974,0.0,30.8213612,1.9758202,3.0935397,9.4723335,14.0522882,7.94806,52980.0,2067976.0,16797.10578
Utah,1997,77.4473853,80.561309,64.6320775,8.1996007,4.4856878,0.5738117,64.7895995,1.4266789,4.9259883,1.1872369,-2.354926349,0.0,31.842045,2.1558467,3.3523977,10.070445,14.6451216,6.8414036,68799.0,2119784.0,17154.76338
Utah,1998,79.829862,82.2892239,66.4982596,8.6553506,4.4929041,0.6285708,67.0734931,1.3977194,4.9259883,1.1572847,-3.085967339,0.0,32.5664243,2.1469812,3.2255098,11.1260788,14.8899282,7.5462074,73231.0,2165960.0,17744.88708
Utah,1999,77.6467118,78.9909514,64.8813589,8.3469647,3.9852214,0.7085133,65.2184938,1.4190644,4.5950026,1.231867,-3.921301146,0.0,33.1302547,2.177214,3.2124914,8.8454726,15.3571986,6.5667132,75924.0,2203482.0,17505.94468
Utah,2000,80.1110943,78.6181068,67.1273725,8.427891,3.9818606,0.7762509,67.2500001,1.4804514,4.7162428,1.3109076,-6.573482785,0.0,33.7431222,2.0565395,3.2394107,10.2155182,16.1739109,5.492197,79679.0,2244502.0,18625.18391
Utah,2001,77.3173235,76.2184034,64.691021,8.0702484,3.9437691,0.8369766,64.8856413,1.2957928,4.7162428,1.3745421,-6.044061028,0.0,33.1955755,2.2273354,3.2701539,9.1552681,15.5176279,4.9522783,81074.0,2283715.0,17861.18312
Utah,2002,76.2974515,74.0336389,63.8587582,7.8751082,3.8825072,0.8848238,64.0465065,1.2164281,4.7162428,1.3911206,-6.999502997,0.0,34.428053,2.5311154,3.5086751,6.2765111,16.0463827,4.6152527,81865.0,2324815.0,17353.58804
Utah,2003,77.421113,76.0529195,64.6689231,8.2221211,3.7937942,0.9298527,65.0653146,1.2566126,4.6556227,1.4064885,-6.287225257,0.0,35.4373334,2.1335164,3.2073814,6.5363737,16.2375473,5.1247924,83250.0,2360137.0,17617.47801
Utah,2004,81.2119572,80.5273923,67.1801925,9.5975566,3.751788,0.9743595,68.6006967,1.2978145,4.5646926,1.4042841,-5.936240989,0.0,35.4518497,2.3965457,3.5518636,7.6966736,16.8253143,7.0457294,85683.0,2401580.0,18392.23901
Utah,2005,82.5482868,81.8140117,68.7386671,9.2510479,3.6952169,1.0243841,69.9626301,1.2977225,4.5950026,1.230404,-6.067665411,0.0,36.098076,2.2617695,3.3682087,8.797884,16.9321804,6.8046524,90616.0,2457719.0,19163.77447
Utah,2006,84.5419812,82.5872045,70.2542624,9.7123251,3.6197544,1.1019883,71.7416337,1.4371795,4.5040725,1.1492133,-7.269898701,0.0,36.5817892,2.2012888,3.5083291,7.8345824,18.6188254,7.6613668,96540.0,2525507.0,19646.09438
Utah,2007,85.9928236,85.6010313,72.182111,9.0027902,3.5640623,1.1908681,72.9480989,1.4317262,4.6556227,1.1820151,-5.993358816,0.0,38.48479,2.2201389,3.5179948,8.0408968,18.4676105,6.512625,101299.0,2597746.0,19742.23076
Utah,2008,86.351751,86.5666339,71.2605182,10.4767403,3.4743775,1.3100618,73.0291453,1.4896005,4.6859327,1.3488625,-5.484450887,0.0,39.0178608,2.3670452,3.8518578,7.6717539,16.9119368,8.1955193,103861.0,2663029.0,19437.94587
Utah,2009,80.9726162,82.1229092,66.2311477,10.2249576,3.3688934,1.4275105,68.4418668,1.3823248,4.5343825,1.2002599,-4.310033346,0.0,36.0791071,2.3140289,3.742272,6.6919283,16.2361581,8.258648,102863.0,2723421.0,18802.31173
Utah,2010,80.6436045,83.3285491,65.6696517,10.468137,3.3121882,1.5098797,67.9695215,1.4791919,4.5343825,1.2207505,-2.941430331,0.0,35.1208374,2.3675452,3.7451443,6.9850485,16.1149187,8.6103682,105199.0,2775093.0,19143.69041
Utah,2011,80.8912728,81.3623363,66.3467356,9.8709298,3.2556493,1.5979665,67.9192627,1.617156,4.5950026,1.2426707,-4.900859651,0.0,33.9543916,2.5376758,3.9584539,7.1714353,17.1543125,7.7003868,108106.0,2814347.0,20090.23692
Utah,2012,77.9968449,77.4660667,63.5115711,9.9173882,3.1982612,1.6409399,65.1370325,1.6582862,4.6859327,1.1881546,-5.590036488,0.0,32.0745104,2.2676015,3.3898056,7.7028186,16.5464169,7.5823197,128764.2,2853375.0,791539.0
Utah,2013,83.4794628,86.909892,68.8079937,9.5076133,3.6940389,1.6609514,69.9016749,1.6799211,4.9866084,1.2522914,-2.473414278,0.0,35.2390219,2.6324598,4.0205958,8.130104,17.1934684,7.0351952,132169.1,2897640.0,833312.0
Utah,2014,81.5033004,86.5241309,67.2513354,9.0362685,3.6609138,1.7203137,67.8492926,1.7620141,4.9866084,1.3594207,-0.947665889,0.0,34.7618556,2.4499263,3.5433699,7.9360777,16.9076914,6.2821254,136325.2,2936879.0,800078.0
Utah,2015,79.8273425,84.2268623,65.5727114,9.0610258,3.6471754,1.772661,66.230913,1.7878177,4.9866084,1.3845658,-1.382894618,0.0,33.2010405,2.34622,3.3372968,7.6999302,17.3404329,6.2585424,141602.0,2981835.0,803446.0
Utah,2016,74.4966223,76.4204166,60.9230859,8.4466902,3.6074549,1.8112126,61.1821763,1.8021307,5.0472285,1.4121728,-3.205665205,0.0,27.7624309,2.5615067,3.6307258,7.4966662,17.7290553,5.3374103,147555.5,3041868.0,812753.0
Utah,2017,74.2959458,76.4950159,60.7922676,8.3625359,3.590564,1.8283526,60.9814791,1.8128968,5.0169184,1.4388956,-2.950867387,0.0,27.4523136,2.6374064,3.8318553,7.3291809,17.7751092,5.2363963,153986.0,3101042.0,829148.0
Utah,2018,75.3252582,78.407899,62.28823,8.0876189,3.0892887,1.8601207,62.28823,1.8499427,4.6253126,1.3316478,-2.242966357,0.0,28.6640934,2.7094358,3.8785498,7.0821682,18.1631558,5.0551534,162574.4,3153550.0,835121.0
Vermont,1990,7.7499,0.8033559,5.4867084,1.1208219,0.703499,0.2233201,5.5512503,0.0740779,1.4033368,0.2042362,-6.6326159,0.0,0.0113589,0.5501941,1.2187978,0.4194143,3.1762283,0.0,13313.0,564798.0,3178.876265
Vermont,1991,7.6104034,0.6356894,5.6670545,1.0914093,0.4486473,0.2198521,5.7447931,0.072822,1.0727184,0.1910358,-6.6391502,0.0,0.0176144,0.6128367,1.277358,0.4205741,3.2154077,0.0,12952.0,568606.0,3341.111143
Vermont,1992,8.1156588,1.243553,6.1241962,1.094083,0.4580568,0.2279848,6.2084501,0.0753659,1.0727184,0.1792725,-6.6150086,0.0,0.0128552,0.6941345,1.3902277,0.4924069,3.4111015,0.0,13562.0,572751.0,3485.378722
Vermont,1993,8.2711544,1.4415402,6.1867843,1.1602684,0.4615693,0.2789125,6.2684248,0.0914292,1.1238977,0.1945747,-6.5986093,0.0,0.0071407,0.6453435,1.3572606,0.4994374,3.5756362,0.0,13755.0,577748.0,3441.103065
Vermont,1994,8.0850691,1.1605612,6.0281981,1.0965514,0.4677585,0.3279645,6.1064521,0.1140589,1.0727184,0.1987913,-6.6544337,0.0,0.0064673,0.6402918,1.2921421,0.3932573,3.6100939,0.0,14178.0,583836.0,3428.200881
Vermont,1995,8.1867557,1.3611457,6.0320336,1.1290136,0.46929,0.4464621,6.0763055,0.1635379,1.0983081,0.2336335,-6.5852636,0.0,0.0080943,0.5608443,1.2494386,0.3577596,3.7458899,0.0,14211.0,589002.0,3358.272055
Vermont,1996,8.6082648,1.7926749,6.3803419,1.1306391,0.4741412,0.521003,6.3610022,0.1882632,1.0983081,0.3671434,-6.6272434,0.0,0.0039791,0.6238121,1.313167,0.3786586,3.8886229,0.0,14839.0,593701.0,3529.780377
Vermont,1997,8.8351395,2.1155861,6.5654298,1.1251465,0.4738637,0.5805946,6.5679932,0.2130652,1.0983081,0.2751522,-6.5753391,0.0,0.0060157,0.6657562,1.2797766,0.6235471,3.8170516,0.0,17302.0,597239.0,3650.58715
Vermont,1998,8.5990515,1.8454675,6.2830344,1.1850575,0.4709812,0.6122961,6.3239416,0.2148131,1.1494874,0.2222985,-6.5751832,0.0,0.016905,0.7121932,1.2156068,0.4245081,3.7712779,0.0,18086.0,600416.0,3435.861553
Vermont,1999,8.8864553,2.1686841,6.5284028,1.2486032,0.461794,0.5849435,6.5608252,0.2054908,1.2006667,0.2078335,-6.5799876,0.0,0.0130321,0.6652426,1.1965861,0.5851999,3.9225121,0.0,18908.0,604683.0,3392.51828
Vermont,2000,9.0988691,2.3462188,6.7678937,1.2519333,0.4620672,0.5059488,6.7822485,0.1768623,1.2006667,0.2557555,-6.63396,0.0,0.0349768,0.7210264,1.3876677,0.517133,3.8624099,0.0,19952.0,609618.0,3717.189633
Vermont,2001,9.200356,2.5026003,6.6239639,1.5282569,0.5158017,0.4381188,6.7060942,0.1519166,1.2006667,0.7288133,-6.6009324,0.0,0.0136686,0.7447901,1.3729281,0.44076,3.9395521,0.0,20442.0,612223.0,3724.774706
Vermont,2002,8.9006126,2.1490787,6.3748663,1.539661,0.4966927,0.4020056,6.4355277,0.1423016,1.2006667,0.7563456,-6.6094237,0.0,0.0082619,0.688653,1.2860504,0.4271808,3.8580114,0.0,20954.0,615442.0,3740.474042
Vermont,2003,9.1668446,2.5026959,6.6286409,1.5851403,0.4557749,0.4141061,6.6418426,0.1441968,1.2262563,0.7788534,-6.5693186,0.0,0.0116162,0.729445,1.3788417,0.4660147,3.8631777,0.0,21604.0,617858.0,3808.059308
Vermont,2004,9.6032046,3.0211143,7.0739655,1.5648236,0.4321294,0.4263727,7.0360783,0.1559276,1.2006667,0.8008696,-6.5538593,0.0,0.0092706,0.7788682,1.545668,0.5460446,3.9414734,0.0,22438.0,619920.0,4064.137412
Vermont,2005,9.1744761,2.5343117,6.8361853,1.3647799,0.4183884,0.4392273,6.8055085,0.1596608,1.2006667,0.4237561,-6.5505151,0.0,0.0044086,0.6770597,1.4425349,0.5378397,3.9600548,0.0,22743.0,621215.0,4028.555609
Vermont,2006,9.0100982,2.3146974,6.6753375,1.3791425,0.4054384,0.4574091,6.6462208,0.1556754,1.2006667,0.4584302,-6.5763313,0.0,0.0042521,0.6377513,1.3457291,0.5214949,3.9693736,0.0,23010.0,622892.0,3953.914461
Vermont,2007,8.7744895,2.0930424,6.5161256,1.3070038,0.3895375,0.4799216,6.4801542,0.1604488,1.2006667,0.3290651,-6.5367942,0.0,0.004353,0.6411825,1.322504,0.4565882,3.8939772,0.0,22821.0,623481.0,3922.087395
Vermont,2008,8.1674539,1.4214971,5.9492169,1.3080366,0.3728923,0.5075427,5.910217,0.1688155,1.2262563,0.2745657,-6.5174974,0.0,0.0041668,0.5815676,1.1645645,0.4504341,3.5648217,0.0,22772.0,624151.0,3716.78644
Vermont,2009,8.4492255,1.8450412,6.1898697,1.3207897,0.3697062,0.5395671,6.1831091,0.1818931,1.2006667,0.2461883,-6.4345426,0.0,0.0039914,0.6326353,1.3321832,0.4382121,3.6099894,0.0,22108.0,624817.0,3899.458175
Vermont,2010,8.1781554,1.6424873,5.9277489,1.3262213,0.3598779,0.5661869,5.9104655,0.1950525,1.2006667,0.2511325,-6.3459362,0.0,0.0044641,0.5922173,1.1931658,0.4628181,3.5060223,0.0,23341.0,625916.0,3799.844246
Vermont,2011,8.122309,1.5778173,5.8606728,1.3539824,0.3496791,0.5743505,5.8306063,0.1976075,1.2262563,0.2514893,-6.3465353,0.0,0.0041418,0.6068862,1.1637691,0.5011431,3.4018454,0.0,23639.0,626592.0,3761.994481
Vermont,2012,7.6901708,1.1258464,5.501583,1.3058208,0.341183,0.5755151,5.4624357,0.1955013,1.2006667,0.2520099,-6.3113542,0.0,0.0031828,0.5725894,1.0037706,0.4474806,3.3094902,0.0,28893.6,626090.0,129759.0
Vermont,2013,8.3728949,2.0756249,5.8022499,1.3619544,0.6034497,0.5783697,5.7582651,0.2047006,1.531285,0.2533352,-6.1731968,0.0,0.0047511,0.7190191,1.1625962,0.3644375,3.3586026,0.0,28367.9,626210.0,137698.0
Vermont,2014,8.560506,2.4395466,5.950115,1.395369,0.5997125,0.5900081,5.8969604,0.209424,1.5568747,0.2553463,-6.0506378,0.0,0.0044099,0.7513227,1.2656597,0.3945204,3.3151751,0.0,28510.1,625214.0,140498.0
Vermont,2015,8.914595,2.9200361,6.2051787,1.4813893,0.6037782,0.6002085,6.1928417,0.2115115,1.5824644,0.2567206,-5.9889327,0.0,0.0039302,0.9456261,1.3298048,0.3686399,3.367585,0.0,28876.6,625216.0,140924.0
Vermont,2016,8.6922814,2.7016719,5.99505,1.4893913,0.5992915,0.6006849,5.9719737,0.2070719,1.608054,0.2578892,-5.959202,0.0,0.0042766,0.819154,1.2166583,0.3786286,3.3944443,0.0,29206.3,623657.0,135650.0
Vermont,2017,8.5867044,2.6827354,5.9022678,1.4893751,0.5958655,0.5961875,5.8786719,0.2048861,1.608054,0.2585725,-5.8754147,0.0,0.0048792,0.7368879,1.2711928,0.3965078,3.3014816,0.0,29312.4,624344.0,134598.0
Vermont,2018,8.642374,2.8614938,5.93025,1.51925,0.5967244,0.5961495,5.93025,0.2045596,1.608054,0.2584676,-5.7808801,0.0,0.0039503,0.8693522,1.3737605,0.4054725,3.0888474,0.0,29565.4,624358.0,139153.0
Virginia,1990,138.0779694,97.4344892,96.629486,40.3394518,6.4828786,0.5686827,116.3968198,0.9263196,6.2998998,9.5642297,-41.9780942,0.0,23.2746839,4.2621437,6.3454168,14.9856287,46.1597202,28.0137327,173022.0,6216884.0,49484.05695
Virginia,1991,136.3896743,95.2663747,97.6200993,36.8317197,6.5928977,0.5589093,114.7466011,0.8855163,6.3223225,9.7294326,-42.1788259,0.014896901,25.2958522,4.0349995,6.2303875,15.2728317,45.2072577,24.4234764,172407.0,6301217.0,49664.33473
Virginia,1992,138.7080448,98.0137907,99.1502992,37.5406143,6.7430291,0.5940368,116.456356,0.9303724,6.3447453,10.3143706,-42.0825601,0.011654599,26.8984828,4.449142,6.7942651,14.4157248,45.1455312,24.8427268,175795.0,6414307.0,50301.15324
Virginia,1993,138.0951224,97.4108847,103.4197448,31.0141759,6.8612603,0.6894628,115.7490348,1.0550835,6.3671681,10.0597423,-42.015996,0.00848523,31.4791836,4.8412698,7.0337498,13.0328362,46.0119521,18.5705447,180781.0,6509630.0,52072.48192
Virginia,1994,135.2557064,93.0593232,102.4990818,28.6850602,6.6373516,0.8482593,113.0950004,1.2360125,6.077466,9.8804031,-42.8419921,0.011651575,29.3704237,4.8954615,6.9548268,13.2355043,46.8145981,16.5020974,188082.0,6593139.0,52625.00785
Virginia,1995,136.4425279,95.0447542,105.0211422,26.3335012,6.7095858,1.2108409,113.6094521,1.4521029,6.1223115,10.0494433,-42.3770041,0.010219224,30.6203765,5.1273654,7.0280411,13.3173623,47.6502043,14.0505878,193402.0,6670693.0,54241.76233
Virginia,1996,141.6683888,100.0084277,109.6378322,26.1629952,7.0716294,1.4602081,118.0603668,1.521837,6.4344364,10.1022652,-43.0468362,0.007462086,33.3656059,5.8547584,7.9310411,13.1916067,48.1512379,13.8410405,201703.0,6750884.0,55672.03993
Virginia,1997,143.5089899,102.4900424,113.2050448,24.0222284,6.6942481,1.6939885,119.0466875,2.1050937,6.2120025,9.7478464,-42.7595518,0.01082164,34.6670806,5.4113436,7.559251,13.69016,49.5257021,12.0824884,257517.0,6829183.0,55578.6251
Virginia,1998,143.1546184,101.6763375,114.4846616,21.81343,6.642186,1.8252997,118.5763298,2.1811333,6.1223115,9.8561962,-43.0558594,0.00980624,36.4785485,5.2173899,6.9278818,13.2850885,50.2227049,10.1132037,269698.0,6900918.0,56238.14843
Virginia,1999,144.6597575,103.3781819,116.0406337,21.4230795,6.6200656,2.0418386,120.3678355,2.2814927,6.1223115,8.9669512,-43.052379,0.007976653,38.0637794,5.1946158,7.0467734,12.9671203,51.0804631,9.8250998,284538.0,7000174.0,57707.20819
Virginia,2000,153.0505252,112.1347867,124.9308309,20.3611692,6.5922221,2.1864281,128.0937992,2.3861919,6.0326204,9.1709735,-43.5650656,0.006422676,42.6461407,5.6572028,8.0355219,12.9653651,53.8224552,8.9129285,298266.0,7105817.0,60145.31768
Virginia,2001,150.0843447,109.2881834,122.5076519,19.7854294,6.3980078,2.330689,125.4560596,2.175197,6.0998887,9.4657192,-43.203881,0.005583115,42.099596,5.156232,7.2735947,12.6476942,53.6900816,8.5232241,311397.0,7198362.0,58535.66949
Virginia,2002,148.8166418,107.7997332,121.3848917,19.6342729,6.2626942,2.449298,123.7817453,2.2367952,6.1223115,9.953561,-43.244353,0.004688481,41.1787695,4.8283235,7.0810738,12.4479874,53.7607014,8.4413983,315625.0,7286873.0,59322.29949
Virginia,2003,153.2089134,113.3748173,125.521247,19.8835477,6.1120828,2.5425843,128.0168264,2.3032942,6.1223115,9.6461698,-42.801503,0.004922931,40.8144266,5.5490074,8.0715311,13.2731348,55.4808998,8.7193755,326171.0,7366977.0,61153.72916
Virginia,2004,156.0212851,117.0008699,129.2905305,18.5716676,6.0117926,2.6291594,131.7452779,2.3365865,5.9653521,8.1640772,-42.4841637,0.013126781,40.5103917,5.4035941,8.1401588,13.5426249,59.6041379,8.676273,339818.0,7475575.0,64308.84222
Virginia,2005,156.3578398,117.1909438,131.0555584,17.1037351,5.5939443,2.7248313,132.1590559,2.3396674,5.8774549,8.156565,-42.6109141,0.001516129,41.3113913,5.4244635,8.251013,13.562287,60.4502311,6.9830937,356370.0,7577105.0,66170.30979
Virginia,2006,150.5937018,110.1107376,124.720138,18.0574647,5.4055918,2.8525115,126.2461078,2.4289037,5.8998777,8.493791,-43.0229054,0.0017863,36.8210809,4.8224748,6.836568,12.7365412,61.5421333,7.6783058,363185.0,7673725.0,64791.64092
Virginia,2007,156.5504457,117.2120341,129.9541349,18.3614163,5.5849371,3.0122931,132.0103546,2.4945094,6.0998887,7.7884008,-42.7528012,0.00254253,41.3781023,4.9182481,7.2085882,12.9425008,61.2786783,8.7962505,366846.0,7751000.0,66839.66096
Virginia,2008,145.2047431,104.4718149,119.0958372,17.9910563,5.4120018,3.2196149,120.736739,2.6160394,6.077466,8.1749573,-42.7040591,0.00235831,36.1207227,4.7425487,6.8542273,12.4721058,56.1447784,8.3718094,366445.0,7833496.0,64439.25003
Virginia,2009,132.2245314,90.1052154,107.4592603,16.6003795,5.17882,3.4579291,109.4424221,2.5416049,5.9205066,7.0480773,-42.4976555,0.00156068,31.0629898,4.6920396,6.7791608,9.6982594,53.8520562,7.5791248,363730.0,7925937.0,61509.0684
Virginia,2010,137.6090411,96.3268011,111.0749932,18.5206677,5.0766451,3.6790384,113.564261,2.8510441,6.077466,7.3204299,-42.3957829,0.002720351,34.0118365,4.8070875,7.0225604,9.8705251,53.3047844,9.1261373,377466.0,8025105.0,62811.55894
Virginia,2011,127.4636246,83.7672364,102.2682852,17.1272978,4.9405959,3.7805619,104.1664415,2.9531737,5.9877749,6.7431368,-43.1894699,0.001181469,28.3252996,4.4568469,6.2838406,9.5353941,51.344496,8.3987298,381493.0,8104384.0,60188.03096
Virginia,2012,123.4704364,78.6435155,100.488781,14.8344979,4.5339581,3.8287347,101.1634174,2.9946756,5.67565,5.8965641,-43.6331019,0.002625019,25.0571521,4.3519285,5.3445113,9.6747571,53.6784008,6.9555515,445120.7,8185080.0,2348356.0
Virginia,2013,132.3669865,89.5140887,107.615927,16.0443524,5.1362077,3.8705465,108.6981065,3.0282926,6.4120136,5.9868983,-43.0386833,0.002625019,30.6874786,4.7392092,6.4245017,9.648172,53.6805885,7.7766131,446625.0,8252427.0,2416930.0
Virginia,2014,130.6443562,87.7799043,106.6252247,15.049188,5.0902294,3.9857517,107.0440439,3.0887017,6.2326315,6.1147296,-42.8875117,0.002625019,30.149122,5.1656227,6.8919586,9.3206973,52.5936542,6.9657203,446790.6,8310993.0,2435979.0
Virginia,2015,129.0020636,85.3917715,105.7525941,14.4700817,4.7004609,4.0681238,105.7266885,3.1335632,5.9429294,6.0750632,-43.2712409,0.002625019,31.7401962,5.6045629,6.3954457,8.6573401,50.8282574,6.5341865,455830.0,8361808.0,2374507.0
Virginia,2016,129.7751504,85.972379,106.8384674,14.4079581,4.3589992,4.106997,106.8463354,3.1325269,5.6532273,5.9695267,-43.4810734,0.002625019,33.5269722,5.47881,5.6300383,8.623956,51.0984423,6.6466347,460185.0,8410106.0,2332102.0
Virginia,2017,125.3620009,81.4926539,101.9263747,14.8955815,4.6017979,4.0979849,102.4106855,3.1454048,5.9653521,5.7706508,-43.1203532,0.002625019,28.6795254,5.5698828,5.4938161,8.5177038,51.0546116,7.2710081,468125.4,8463587.0,2302335.0
Virginia,2018,129.7459665,87.0949167,106.3985008,14.6482547,4.5791771,4.1200339,106.3985008,3.1639601,5.9653521,5.9929647,-42.6510499,0.002625019,30.5549517,6.0009115,6.4931407,8.5828733,52.1361775,6.8078561,478835.0,8501286.0,2401238.0
Washington,1990,83.3697851,62.6916275,65.415156,8.171048,8.2220993,2.6826267,65.5369517,1.532434,9.1091218,3.9923878,-20.059462,0.0,7.6050388,3.0652373,3.4924238,16.2602375,34.2568507,0.087995596,141946.0,4903043.0,51571.86712
Washington,1991,83.8551051,63.4210416,66.0502777,8.1636192,7.9477832,2.6975485,66.0089827,1.627007,8.8792166,3.8458368,-19.9911095,0.056916354,8.030157,3.1522346,3.7730174,15.3196866,34.832444,0.090494171,145050.0,5025624.0,51337.15826
Washington,1992,91.3122772,72.0753852,73.0712704,8.0770406,8.1993753,2.6418845,73.4538175,1.5713713,8.8792166,3.5932851,-19.9290224,0.054623078,10.3109348,2.6472236,3.4535489,17.5205975,38.6265564,0.092394496,150245.0,5160757.0,52223.60379
Washington,1993,87.1867456,74.0494713,68.6824735,8.246924,8.8658137,2.5395063,68.9380463,1.491255,9.6873681,3.871833,-15.8380374,0.042433099,10.393257,3.013336,4.1192327,15.4788333,35.3106506,0.083385548,154090.0,5278842.0,52218.05988
Washington,1994,91.2499615,78.3021716,72.976245,8.4213183,8.1374457,2.4523274,73.4316565,1.4237146,9.1695009,3.8231833,-16.0850665,0.039780553,12.0730738,2.99255,4.1586272,17.6927684,36.1695742,0.086095271,159470.0,5375161.0,51952.02795
Washington,1995,90.342751,76.8870135,71.2880765,8.3397811,8.9963552,2.8044922,71.6204087,1.5859554,9.7163965,3.9287857,-16.3106658,0.036152371,8.4479349,3.0677951,4.0548659,17.1537972,37.8949599,0.085655381,160182.0,5481027.0,53177.25659
Washington,1996,94.144301,80.8589637,74.6228759,8.3716802,8.9896974,3.0900056,74.7284402,1.7569303,9.6293113,4.0775734,-16.5526012,0.043927737,10.8365247,3.1692327,4.6511949,18.1372938,37.4003772,0.080323914,169162.0,5569753.0,52778.82607
Washington,1997,92.3755784,78.3802259,73.2153469,8.3935178,8.2396694,3.3283678,72.6487202,2.0892681,8.8792166,4.1142424,-16.8357217,0.058416967,9.1038453,3.1659493,4.7210055,16.4366392,38.275416,0.079092222,223784.0,5674747.0,53512.10857
Washington,1998,97.1210115,83.3539964,77.6911526,8.1951341,8.2373488,3.5201711,76.9922686,2.1553974,8.9663019,4.0138347,-17.1106475,0.040928714,11.7795099,2.9809421,4.6160841,21.4182287,36.1158686,0.081608393,237384.0,5769562.0,55315.33992
Washington,1999,98.220643,84.1796294,78.5485341,8.2602765,8.1480796,3.7434176,78.0594916,2.2082906,8.9372735,3.8030716,-17.3738459,0.037603704,10.7507164,3.3909957,5.1670323,21.8812496,36.7120444,0.072159556,257112.0,5842564.0,57474.31369
Washington,2000,96.4562137,81.6913401,77.2980428,8.0377051,7.7016877,3.7795093,76.5555662,2.2324444,8.7654251,3.6336457,-17.6558026,0.036646037,14.16938,3.3231859,5.0811801,16.4370581,37.3568813,0.075133212,259155.0,5910512.0,55726.47102
Washington,2001,90.9623307,74.951397,72.3619466,8.3099348,7.5674744,3.3499846,72.1503532,1.8519482,8.6783398,4.0735894,-17.9272503,0.044620316,14.0625051,3.7523695,5.904039,12.529291,35.6770441,0.081366365,255435.0,5985722.0,50189.29232
Washington,2002,85.0034675,67.6460087,66.8001048,7.8257079,7.777705,3.4768084,66.5033023,1.8611664,8.9663019,3.664168,-18.1964776,0.018972017,11.4745314,3.2210849,5.4560583,11.1962144,34.5381039,0.102529561,257788.0,6052349.0,46540.56994
Washington,2003,86.658076,69.1738032,68.4387368,7.3749659,8.0564332,3.5534295,68.2629633,1.8527341,9.2832924,3.0864186,-18.4241462,0.022373768,14.1229768,3.1703603,4.9181,11.2054006,34.51196,0.109655779,261996.0,6104115.0,46853.59909
Washington,2004,88.043143,70.2864437,69.9081492,7.70871,7.9190104,3.2145722,69.9971844,1.6392368,9.2252355,3.4246496,-18.7088508,0.01422707,14.0829842,3.0304306,4.8677657,11.8624866,35.7364789,0.099467927,266089.0,6178645.0,48406.64903
Washington,2005,89.0273815,70.9469587,71.3122261,7.4455155,7.3712908,3.3072003,71.2530369,1.6423699,8.7340744,3.4934443,-18.9955313,0.016398058,14.1126116,3.1903947,4.8884023,12.862054,35.8624729,0.09265843,279333.0,6257305.0,49175.23613
Washington,2006,87.3653345,68.5838296,69.5843876,7.5708428,7.2559232,3.4617028,69.4288813,1.6772925,8.7921313,3.6327606,-19.289144,0.040751897,9.612286,3.2675742,4.9287151,14.022723,36.7473236,0.045396648,290742.0,6370753.0,51902.18318
Washington,2007,92.6553297,74.1925518,74.0480031,7.9083116,7.5029823,3.6310922,73.8059232,1.7193153,9.3703776,3.7945766,-19.5649623,0.034292994,11.922843,3.2896897,5.0811078,13.8687416,38.9116794,0.0,305728.0,6461587.0,51809.67553
Washington,2008,89.7837164,70.4241445,71.5691112,7.8427919,6.9537667,3.81732,71.2114221,1.7784889,8.8792166,3.8836892,-19.8549516,0.036376601,12.8101603,3.7220675,5.4246678,14.4250859,34.7098314,0.0,308180.0,6562231.0,51692.04391
Washington,2009,86.8883496,66.5885582,69.0151536,7.9326801,6.4300428,3.9188313,69.1168254,1.6439674,8.5622261,3.8150628,-20.1649585,0.031816501,12.6906187,3.5398735,5.4885791,13.2902976,33.9584942,0.0,300785.0,6667426.0,51555.563
Washington,2010,86.4591079,65.6076806,68.1255466,8.3213494,6.3989886,4.1713426,68.1114236,1.7592175,8.3880555,4.4000454,-20.4570725,0.023678599,13.1375919,3.5228192,5.020825,12.6430167,33.6444353,0.0,307685.0,6743636.0,51542.68601
Washington,2011,81.8411994,59.8307613,63.2985426,8.5540654,6.6706675,4.2806569,63.1024758,1.8174883,8.908245,4.4640058,-20.7458413,0.018990443,7.4010618,3.6279828,5.4833792,12.261714,33.5022458,0.0,313783.0,6823267.0,52420.71488
Washington,2012,81.9175553,59.46099,63.6264726,8.7262377,6.2113704,4.198886,63.4141845,1.7723427,8.7073683,4.5235571,-21.0298592,0.027621888,6.2223491,3.5664317,4.9463923,12.9373346,34.6610142,0.0,400623.3,6897058.0,2047699.0
Washington,2013,85.4435918,63.0538198,67.2226318,7.6318683,6.9499666,4.2446651,66.9789834,1.8028126,9.4574629,3.2805477,-21.3051596,0.027621888,11.712101,3.6794166,5.1720135,12.3144127,33.7687934,0.0,411468.9,6963985.0,2045739.0
Washington,2014,83.3807963,60.8921741,66.0250841,7.1732563,6.1314659,4.370765,65.7518623,1.8401591,8.7654251,2.8161059,-21.1804947,0.027621888,11.7224309,3.6947249,4.9826713,11.9681992,33.0829259,0.0,426481.6,7054655.0,2021490.0
Washington,2015,86.248733,64.388756,68.4033358,7.5515679,6.0956542,4.479418,68.2271048,1.8425835,8.8815389,3.0563056,-21.0547699,0.027621888,10.8866901,3.9183805,4.6441103,13.0644533,35.1741117,0.0,446628.3,7163657.0,2010043.0
Washington,2016,90.5778081,69.5692468,72.3025985,7.6260246,6.2223319,4.559669,72.4362241,1.8089985,8.8815389,3.0785654,-20.9243539,0.027621888,9.5893387,4.1675851,5.0420317,12.835387,39.6937224,0.0,463974.0,7294771.0,2073986.0
Washington,2017,90.2954833,69.4728288,72.2714177,7.6713431,5.7687557,4.5963386,72.3750317,1.8150116,8.5645484,3.1014312,-20.7858757,0.027621888,10.3851625,4.3757979,6.0324952,12.4161178,38.3438126,0.0,489435.0,7423362.0,2098406.0
Washington,2018,89.9820514,69.325206,72.0090556,7.59559,5.7329874,4.6444183,72.0090556,1.858357,8.5645484,3.0212978,-20.6568454,0.027621888,10.1331409,4.5330408,5.5662075,12.6355255,38.2869956,0.0,524486.9,7523869.0,2078665.0
West Virginia,1990,150.7705467,117.0754882,106.8360626,41.8395701,2.7128716,0.5427942,113.0977749,0.7636296,1.5453511,1.3454212,-33.707033,0.0,72.0612142,1.9075776,2.3190447,16.5886422,11.1776464,43.1673373,31349.0,1792548.0,17753.78253
West Virginia,1991,141.4561917,108.7685929,98.9148525,40.7251503,2.7214513,0.5422954,105.8347452,0.7449044,1.5997266,1.373173,-33.6022129,0.0,66.9742107,1.7514736,2.2440357,14.4522591,11.0770757,41.8186147,31986.0,1798735.0,16989.78174
West Virginia,1992,143.2726903,110.646604,100.876812,40.3827216,2.7801177,0.5454729,107.2020775,0.7428304,1.6269143,1.3980161,-33.1476964,0.0,68.8078557,1.7948382,2.3711747,13.6439436,11.9989149,41.3628108,32880.0,1806451.0,17328.01047
West Virginia,1993,137.46429,104.2242026,102.0026682,32.2083062,2.7865846,0.5462905,102.3609588,0.918804,1.6269143,1.4218835,-35.3693191,0.0,68.9346418,1.7736149,2.4479589,13.7989003,12.3864151,32.1923901,33836.0,1817539.0,17932.90112
West Virginia,1994,145.4141242,111.0820093,110.0733213,31.4531557,2.8709598,0.5725846,108.2919151,1.0527754,1.5997266,1.4432122,-35.8861862,0.0,75.2473239,1.7706632,2.4418957,14.5954738,13.0305414,31.3514088,35963.0,1820421.0,18582.64702
West Virginia,1995,142.8126542,109.2451449,108.0968313,30.7120758,2.8645727,0.7099901,106.3013191,1.0072556,1.6269143,1.4750406,-34.9672897,0.0,74.818908,1.7302366,2.3503458,13.4308629,13.1704241,30.4457273,36902.0,1823700.0,18628.61105
West Virginia,1996,148.1296406,113.8322823,110.6863486,33.5967629,2.9063837,0.805744,110.4235682,0.9931066,1.5997266,1.5241111,-35.3120261,0.0,80.0145009,1.898673,2.5611033,12.0179459,11.9241539,33.622392,37750.0,1822808.0,17928.81879
West Virginia,1997,151.7538229,117.5014965,115.5934489,31.642977,2.9789826,0.8859006,112.2863227,1.5383196,1.5453511,1.5520622,-34.5482351,0.0,84.1334871,1.8251129,2.5389922,10.9629201,12.9720593,31.4699828,47387.0,1819113.0,17880.234
West Virginia,1998,155.6721309,121.0746383,117.6971946,33.5876362,2.9670255,0.9282504,115.2699965,1.5584275,1.5453511,1.5729937,-34.4475428,0.0,83.4703495,1.9120221,2.1753664,13.0793592,13.578945,33.6210536,48361.0,1815609.0,18567.57767
West Virginia,1999,155.8798044,121.3605863,119.1345766,31.985922,2.9536639,1.0054872,115.5545316,1.4770618,1.5453511,1.5933868,-34.2644223,0.0,86.8347829,2.0258556,2.3093205,11.6890709,13.2222249,31.8037755,50191.0,1811799.0,18112.62451
West Virginia,2000,154.0172497,119.4874711,118.4915026,30.6249604,2.9082559,1.0159774,114.0128345,1.5611195,1.4909756,1.5833325,-34.6337887,0.0,85.440844,2.1110722,2.2951612,11.7714727,13.6039277,30.3712062,49564.0,1807021.0,18608.85458
West Virginia,2001,144.9217721,111.6482357,108.8435271,32.0229231,2.7935467,0.9758935,106.9141126,1.5990252,1.4637879,1.5792104,-34.0298372,0.0,75.8202316,1.8663569,2.3115534,11.9579333,13.3890045,31.9950294,49945.0,1801481.0,18463.50342
West Virginia,2002,157.2409845,122.7907103,121.6273146,30.5836935,2.8130127,1.0214104,116.4850627,1.6031576,1.5181634,1.5168379,-33.8817669,0.0,87.858861,1.6145593,2.1184342,13.2574733,13.1721444,30.4263498,50571.0,1805414.0,19082.37983
West Virginia,2003,152.6124853,118.9982075,118.1984583,29.4473132,2.7269432,1.0404723,112.871042,1.6590709,1.4909756,1.4617563,-33.2122643,0.0,86.9502248,1.738027,2.2000918,11.2773195,12.5517217,29.2904928,50570.0,1812295.0,17980.88112
West Virginia,2004,150.5297744,117.3110621,115.5404436,29.9569698,3.1677843,1.0660209,110.9705567,1.6760492,1.7878657,1.4879807,-32.8753118,0.0,82.9927845,1.6714704,2.1770914,11.8931577,13.1615944,29.854256,51433.0,1816438.0,18598.97635
West Virginia,2005,153.4579049,120.04081,117.3115089,31.1895741,3.1395163,1.0871572,113.384078,1.572134,1.8150535,1.508986,-32.6904177,0.0,86.1509913,1.7075135,2.0946672,10.8832328,13.2763975,31.0846356,51857.0,1820492.0,18627.32587
West Virginia,2006,153.6744777,120.1516874,117.6087737,31.0855644,3.0728746,1.1222534,113.4876117,1.6003586,1.8422412,1.5026785,-32.8443155,0.0,86.5915792,1.5437071,1.964072,11.0567022,13.1665945,30.962245,52592.0,1827912.0,19222.28789
West Virginia,2007,155.5553517,122.1680188,119.7635024,30.6199785,3.0084373,1.1698288,114.8411887,1.6233573,1.8966167,1.526005,-32.2415714,0.0,87.9274043,1.5147627,1.8715436,12.0130303,12.976663,30.3245668,52207.0,1834052.0,19984.90269
West Virginia,2008,154.7721817,121.6622353,115.5436156,35.2829573,2.3911748,1.2239639,114.3800621,1.69288,1.5181634,1.5480239,-31.8780382,0.0,85.4896264,1.5219051,1.9128942,11.6228721,11.4348806,35.5596926,51591.0,1840310.0,19657.10659
West Virginia,2009,132.4214568,101.9257877,92.22093,38.0432657,2.1497474,1.2875916,97.5201279,1.3965225,1.5453511,1.5696403,-31.2642432,0.0,66.7003213,1.5072084,1.8690277,8.034008,11.6742964,38.4987713,51881.0,1847775.0,17791.68269
West Virginia,2010,143.8051444,112.5145424,102.8507193,38.1132927,2.1810602,1.376395,105.9901505,1.654543,1.4637879,1.5386106,-30.5890283,0.0,75.1965246,1.5454082,1.9414495,9.1562659,11.9613904,38.7198218,53575.0,1854019.0,18611.29894
West Virginia,2011,138.5730298,107.6366687,100.3378057,35.1323803,2.1169451,1.3910008,101.8850078,1.7330149,1.4637879,1.4454203,-30.9198433,0.0,72.8949867,1.585504,1.8019503,9.281027,11.5092132,35.554463,54597.0,1854908.0,18251.82697
West Virginia,2012,131.0949198,100.9536423,94.6859233,33.3823097,2.0394529,1.430341,96.1729305,1.7368705,1.4909756,1.3273842,-30.8610271,0.0,67.748343,1.4810777,1.5810017,8.747343,11.9153431,33.7992869,69335.6,1856872.0,730734.0
West Virginia,2013,133.6764638,103.929829,96.9170928,33.2654308,2.5739514,1.4359427,97.9790785,1.6996906,1.8422412,1.3194686,-29.6494846,0.0,69.5588362,1.5941385,1.9374748,9.0750286,11.5777615,33.5935837,70121.2,1853914.0,751371.0
West Virginia,2014,141.3589767,111.2813144,102.4704673,35.7271996,2.051986,1.4611246,104.4762545,1.6657117,1.4909756,1.1124147,-28.8155688,0.0,74.2923504,1.5979705,1.983791,9.8143643,11.6053367,36.7223722,69720.7,1849489.0,781210.0
West Virginia,2015,131.5228003,102.5523247,94.4789425,34.1594867,1.9467666,1.4705271,96.9469485,1.6351941,1.4366001,1.1059811,-28.625187,0.0,66.8426442,1.6537905,1.7515583,9.1759859,11.9015382,35.1775542,70332.7,1842050.0,768613.0
West Virginia,2016,132.4400641,103.2581101,96.9838144,32.1430917,1.9481489,1.4689269,97.6834516,1.6006853,1.4909756,1.1002347,-28.8421906,0.0,69.6586691,1.622693,1.6034458,8.4068143,12.744352,32.8761168,69276.4,1831023.0,761973.0
West Virginia,2017,128.9576544,100.3554972,93.3529473,32.6059845,1.9007697,1.4507457,94.8783262,1.6107116,1.4909756,1.1861109,-28.4290331,0.0,66.1177137,1.5679218,1.4869301,9.0901384,11.9729781,33.2548869,69743.2,1817004.0,752851.0
West Virginia,2018,124.8219297,96.9378036,91.8314125,29.6952876,1.8513837,1.4438459,91.8314125,1.5972828,1.4909756,1.0475053,-27.8841261,0.0,61.3196199,1.7591087,1.7694632,10.1697484,13.5016188,30.2210745,71858.7,1804291.0,832914.0
Wisconsin,1990,117.3615138,94.6535079,87.1167443,18.646618,12.2691702,0.4060829,88.9166383,0.0993461,19.9965346,11.0867092,-23.2400726,0.0,33.9202516,4.720596,9.306002,14.0739743,25.9800868,0.0,115638.0,4904562.0,37415.57624
Wisconsin,1991,119.4708084,97.1509707,89.3025252,18.7398952,12.0649077,0.4013121,91.2226752,0.1047569,19.6337194,11.2012435,-22.7026952,8.31e-06,35.1528819,4.9173834,9.9795068,14.3333985,25.8872282,0.0,117167.0,4964343.0,38457.57876
Wisconsin,1992,116.9023303,94.2501883,88.4638968,17.9623896,10.9761376,0.4216345,90.4863905,0.106875,18.0521374,10.660739,-23.1887038,0.0,34.2875036,4.7322948,9.724323,14.2591434,26.5436595,0.0,123617.0,5025398.0,38397.78016
Wisconsin,1993,120.9938337,97.6690157,92.2507535,17.599637,11.3595156,0.4929154,94.2154268,0.1290625,18.3367596,10.2211545,-23.8562041,0.0,35.354908,5.0458496,10.3788187,15.0700047,27.3613894,0.0,128390.0,5084889.0,40015.59302
Wisconsin,1994,123.6919075,102.3390331,95.5644882,17.1780392,10.8278529,0.6391707,97.4229914,0.1659588,17.4286793,10.2041886,-21.3991899,2.75e-06,37.0490753,5.0035041,9.9266131,15.5396635,28.9119133,0.0,135190.0,5133678.0,41215.54648
Wisconsin,1995,127.6364032,104.9591924,98.5084501,17.4784128,11.1639106,0.9427016,100.4249086,0.2030777,17.7654301,10.6447483,-22.8533011,4.96e-06,38.9141926,5.3615382,10.0700018,15.587479,29.4918778,0.0,138010.0,5184836.0,42791.04925
Wisconsin,1996,132.1293933,110.9920726,102.8477323,17.1668629,11.2074707,1.1442914,104.7832352,0.2302128,17.5829799,10.5749621,-20.8533698,0.0,40.8498608,5.8725437,11.2455738,15.8025526,29.949959,0.0,144558.0,5229986.0,44417.05197
Wisconsin,1997,135.2584593,113.0161823,105.8710314,16.855469,11.2477641,1.3414999,107.4569051,0.3048008,17.5308513,10.1591671,-22.0721289,9.66e-06,44.0999988,5.7900394,10.121211,16.3384033,30.0982587,0.0,179537.0,5266213.0,44581.45401
Wisconsin,1998,132.2687435,110.6226257,102.7402796,16.6004019,11.5560368,1.4490941,104.1965669,0.3296279,17.9718594,9.5548589,-21.4588793,1.54e-06,42.2361917,5.4408883,8.7280662,15.1774859,31.7066216,0.0,186541.0,5297672.0,44071.23817
Wisconsin,1999,137.1881644,115.9917936,107.0230008,16.690694,11.8046013,1.6145497,108.4422343,0.3524823,18.4128674,9.3996534,-20.7519523,0.0,42.9843766,5.5536328,9.8085155,16.7172513,32.3637355,0.0,193925.0,5332666.0,46400.66189
Wisconsin,2000,138.0692954,118.6766725,109.0057597,16.3110744,10.8567074,1.715134,110.3951688,0.3607246,17.6111294,8.5671991,-18.5585326,0.0,44.6726694,5.493242,9.996239,17.4855527,31.7099703,0.0,198885.0,5373999.0,47221.66411
Wisconsin,2001,136.7117691,116.9803344,106.9882956,17.2107782,10.7619509,1.82292,108.2930304,0.3728056,17.6111294,10.0280333,-19.0111256,0.0,44.3168172,5.2785227,9.5357792,16.6996484,31.4814483,0.0,200717.0,5406835.0,46635.84954
Wisconsin,2002,137.8270224,118.7306134,108.2211217,16.3074241,11.2055887,1.907449,109.2889676,0.3879892,18.2064381,8.715894,-18.2115023,0.0,43.9837193,5.6758519,10.2303679,16.9199317,31.4430443,0.0,204439.0,5445162.0,47674.42492
Wisconsin,2003,135.2091134,115.7529961,106.4213682,15.7844581,10.7930083,1.9703388,107.2863929,0.4074528,17.9218159,7.7902801,-18.7356054,0.002927115,43.8564508,5.974194,10.3747309,15.1334038,30.9665793,0.0,209205.0,5479203.0,47022.83945
Wisconsin,2004,137.2292248,117.3514863,108.8292092,15.2595023,10.6866498,2.023264,109.4728135,0.4286068,17.8175587,7.1594838,-19.1689841,0.0,45.0433674,5.5555484,9.9265386,15.814241,32.1659224,0.0,214738.0,5514026.0,47672.33335
Wisconsin,2005,140.6852799,120.6889938,111.9979033,15.5200343,10.6082217,2.0864623,112.7571134,0.4307356,18.1303303,6.6442196,-19.2005014,0.005802089,49.0758395,6.0658217,9.8264663,15.3194895,31.5400326,0.0,218689.0,5546166.0,49765.98982
Wisconsin,2006,132.6044805,113.5533803,104.3436635,14.974849,10.737358,2.1758007,104.8175592,0.4469883,18.5192098,5.706626,-18.3349771,0.0,43.4400531,5.1912055,8.8379162,14.6077003,31.8697445,0.0,222351.0,5577655.0,47389.4177
Wisconsin,2007,134.5855933,114.4791559,106.0734279,15.2328783,10.6168335,2.2874891,106.4407857,0.4620803,19.0926245,4.9040765,-19.533297,0.0,44.2288057,5.4234355,9.3367348,14.733038,31.8193453,0.0,223788.0,5610775.0,48104.2541
Wisconsin,2008,134.254059,113.6672829,106.5033968,14.993801,9.900831,2.4238206,106.9128074,0.4628687,18.4451871,4.5283177,-20.1207043,0.0,44.740617,6.3420656,10.0680935,14.2397922,30.5843871,0.0,218801.0,5640996.0,47979.4154
Wisconsin,2009,125.260649,104.0488709,97.3565242,14.3360535,10.6523962,2.5794001,97.7732056,0.4559573,19.403311,3.4890462,-21.1765427,0.0,39.8746354,5.695999,9.1386981,12.4780966,29.7458746,0.0,212592.0,5669264.0,44744.69687
Wisconsin,2010,129.4710753,107.1196118,99.9081378,15.424038,11.2326098,2.704384,100.1107507,0.4983212,20.4417129,4.361568,-22.4001259,0.0,42.9643381,5.0989146,8.5045629,12.5598936,30.211324,0.0,219080.0,5689591.0,45350.44431
Wisconsin,2011,128.1284168,107.1519075,99.1055965,15.2458873,10.8228107,2.7455091,99.120137,0.5116782,20.2352836,3.8742253,-20.7967184,0.0,42.1757624,5.392452,8.7691438,12.8652598,29.1073577,0.0,221874.0,5709843.0,45088.26791
Wisconsin,2012,120.3370875,100.0264183,91.9400942,15.181773,10.4621716,2.7571663,91.8812299,0.5078607,20.2113044,3.2505173,-20.2633896,0.0,37.3980024,4.6516636,7.5012034,12.5156168,29.0626825,0.0,274540.5,5719960.0,1733338.0
Wisconsin,2013,132.4922817,109.6433192,102.4473602,15.6709405,11.3629718,2.7762072,102.4464037,0.5130522,21.2215569,3.7808353,-22.8939604,0.0,43.6856589,5.8631782,9.6297598,13.6160994,28.7698235,0.0,275648.7,5736754.0,1828731.0
Wisconsin,2014,133.2327072,109.2772385,102.6281646,15.5643905,11.9093555,2.8446768,102.5368725,0.5258436,21.8689942,3.5628915,-24.1958958,0.0,40.0834295,6.3569009,10.239032,13.9320704,30.9558577,0.0,282031.2,5751525.0,1887219.0
Wisconsin,2015,132.6237802,109.0500795,101.1938588,16.2344019,12.1950687,2.8929744,101.2007732,0.5235608,22.7270311,3.4178558,-23.7587354,0.0,41.9351396,5.8521513,8.8248839,13.2214449,30.5194526,0.0,288260.1,5760940.0,1810006.0
Wisconsin,2016,127.9193334,105.8183134,96.946651,16.6367915,11.5527187,2.9106383,96.936232,0.5169607,22.522687,3.2832192,-22.1525776,0.0,38.9087887,5.7653878,8.599256,12.6407197,30.1878393,0.0,291320.5,5772628.0,1793847.0
Wisconsin,2017,130.2937355,108.0244816,99.6141794,16.5987829,11.2346639,2.8950367,99.5771099,0.5161442,22.2380648,3.1811927,-22.2735134,0.0,41.1650315,5.9054588,8.8408038,13.2401325,29.5702514,0.0,294151.7,5790186.0,1805871.0
Wisconsin,2018,133.4980768,110.7030368,102.2918096,16.7859704,11.5172107,2.903086,102.2918096,0.5165371,22.5748156,3.343382,-22.7950399,0.0,39.8698917,6.5031623,9.8603529,13.6442014,31.4645404,0.0,303767.4,5807406.0,1885868.0
Wyoming,1990,81.7151951,76.9476027,63.9187212,12.3694403,4.9615256,0.1118754,60.8824341,1.5464566,6.5974185,0.1122441,0.5308405,0.0,41.0034169,0.8364045,0.806818,9.8491578,5.5064892,14.5441833,13673.0,453690.0,10065.49232
Wyoming,1991,82.4379011,77.5961485,63.1670257,13.5441668,5.4988101,0.1057233,61.1681924,1.6049607,6.9798979,0.1155764,0.5252819,0.0,40.0073704,0.9115405,0.8574597,9.4109346,5.0780751,17.0257386,14118.0,459260.0,9786.860595
Wyoming,1992,89.5459911,84.1764104,69.4041243,14.1553135,5.5544214,0.1072934,66.6710009,1.6661684,7.3651793,0.119249,0.5352079,0.0,43.8170305,0.7321543,0.7472473,11.3167076,5.3429882,17.7876072,14327.0,466251.0,10625.62852
Wyoming,1993,91.4526166,106.0859287,68.5246167,16.6163694,6.1022482,0.1108062,67.6803457,1.8283007,7.9578121,0.1227316,6.9936103,0.0,41.8387523,0.9494333,0.857587,9.7919817,5.7100463,22.482651,14785.0,473081.0,10267.16454
Wyoming,1994,94.7720099,109.0219515,70.8120099,17.539231,6.1205415,0.1190074,70.1274609,1.8510835,8.3430935,0.1263038,6.9543791,0.0,43.9172705,0.9834835,0.8015602,10.0890723,5.6120057,23.2093968,15105.0,480283.0,10292.01132
Wyoming,1995,95.3554149,109.6550219,69.5993951,19.3381622,6.1167759,0.141752,70.560873,1.9208637,8.2730424,0.1322336,6.9849937,0.0,41.2353256,0.923964,0.8331305,9.5134487,6.4706586,26.5518157,15539.0,485160.0,10167.04662
Wyoming,1996,97.1712982,111.3203256,70.9046914,19.7640991,6.1449703,0.1600957,72.0032947,1.9118129,8.3430935,0.1385316,6.9824862,0.0,42.0697794,1.2743239,0.9225117,9.6856785,6.48594,26.7915053,15968.0,488167.0,10468.96275
Wyoming,1997,96.7509092,111.0075836,70.1831066,19.760054,6.6731506,0.1783333,71.1184487,2.0044009,9.0408031,0.1444914,7.0063929,0.0,41.7350542,0.9142616,0.7874668,9.8540766,6.5895792,26.2282933,21015.0,489451.0,10458.80732
Wyoming,1998,87.9422351,102.8544789,67.3340558,13.9353973,6.7190705,0.181548,63.8510987,1.9755968,9.1809054,0.150379,6.9945601,0.0,45.0255732,0.9182292,0.7581287,10.0646908,6.7790996,12.0201516,21560.0,490787.0,10613.28073
Wyoming,1999,86.3482274,101.3383461,65.8112127,14.2391297,6.1438171,0.1986239,62.9632868,1.940503,8.553247,0.1561873,6.9793576,0.0,43.2477452,0.8864372,0.7397508,9.4382551,7.6816729,12.546936,22727.0,491780.0,10722.0673
Wyoming,2000,88.774783,103.4394709,66.6804387,15.7317395,6.1556344,0.2096733,64.9292348,1.9458285,8.553247,0.164413,6.9362005,0.0,44.5989409,0.9750491,0.796439,9.2697432,7.2382166,14.2732385,23172.0,494300.0,10789.27458
Wyoming,2001,90.5206904,105.0689591,66.8767823,17.2494087,6.1509236,0.221006,66.3858007,1.9911233,8.4131447,0.1689804,6.9428775,0.0,44.5783844,0.9790199,0.7679736,9.407713,7.38406,15.959742,24804.0,494657.0,11051.12338
Wyoming,2002,89.768541,104.239939,65.8369125,17.8985029,5.5824013,0.2262114,66.0882218,2.0053859,7.8555374,0.1749949,6.899293,0.0,43.048105,0.9223678,0.8796387,9.6152768,7.3192364,17.0770056,25247.0,500017.0,11059.69124
Wyoming,2003,92.7876031,107.0570529,68.0542359,18.6192463,5.5655814,0.2316815,68.6711612,2.0853396,7.5052816,0.1831173,6.9106361,0.0,44.1661138,0.8738257,0.8107447,9.7084593,8.0441102,18.4161986,25657.0,503453.0,11629.63008
Wyoming,2004,94.3102341,108.459907,68.1302514,19.7445754,6.0743917,0.2361222,69.468462,2.2076428,7.9928377,0.1910625,6.9106119,0.0,44.6698441,0.8848441,0.8085225,9.5310123,7.6617049,19.6234143,26466.0,509106.0,11360.0198
Wyoming,2005,95.8541703,109.8669691,68.2001401,21.5338281,5.4959891,0.2416858,70.9568127,2.2638743,7.5052816,0.1984926,6.9056453,0.0,43.8842043,0.8326914,0.7976959,9.4683063,7.8382448,22.4940957,26250.0,514157.0,11495.61873
Wyoming,2006,98.8262736,112.5412235,69.1321483,23.2118657,6.0038487,0.2515377,72.9149739,2.2925644,8.2029912,0.2061638,6.8850718,0.0,43.603149,0.8073728,0.7836089,10.3375656,8.067091,24.1685174,28730.0,522667.0,12116.9899
Wyoming,2007,103.7167779,117.1072925,72.3416506,25.0783797,5.4437249,0.2655212,76.9286218,2.2881796,8.1707677,0.2131299,6.9043099,0.0,44.0861828,0.8356011,0.9091984,11.804813,8.2462256,26.8528392,29818.0,534876.0,13222.92375
Wyoming,2008,103.95961,117.3533874,72.629451,25.3259602,4.8957908,0.2861194,77.4249589,2.4145248,7.4380325,0.2209427,6.9114735,0.0,44.5641866,0.8507783,0.9375937,11.9209619,8.0231908,27.0665154,31369.0,546043.0,13603.71456
Wyoming,2009,98.7306858,112.5954661,69.0372778,23.5309732,5.3731523,0.3083831,73.1783303,2.1059176,7.9255886,0.2298915,6.93068,0.0,42.461469,0.863689,0.9202034,11.237971,7.6806105,24.985104,32439.0,559851.0,13157.58124
Wyoming,2010,101.4181554,115.1595378,70.7510835,23.8020947,6.4159645,0.3304902,74.8131998,2.2019887,8.6555217,0.2347987,6.9588421,0.0,43.3745415,0.9293272,0.8991042,11.7603309,7.7747303,25.3407031,32004.0,564367.0,13555.75976
Wyoming,2011,103.399927,108.6653912,70.6583392,25.8691051,6.3843239,0.3371229,76.2670521,2.346793,8.6555217,0.2385879,4.2924761,0.0,41.630864,1.1279415,0.9343849,12.7114886,7.1430002,28.6823677,31231.0,567356.0,13934.963
Wyoming,2012,102.8822249,123.4363966,72.4078673,23.8736979,5.8572126,0.3391477,75.8194408,2.5157069,8.3781191,0.2429839,9.1790359,0.0,43.9255825,1.006796,0.7826579,12.5699638,7.5085782,25.4610622,38437.7,576305.0,551167.0
Wyoming,2013,103.8647599,134.2290777,74.1556492,22.4248228,6.9282285,0.3428135,76.1453326,2.5555569,9.0730267,0.247027,12.3476669,0.0,46.8126717,1.060642,0.9200631,12.0441785,7.2370608,23.3392748,38523.2,582122.0,540265.0
Wyoming,2014,100.0721228,122.027869,70.9082458,22.0102402,6.8945487,0.3509756,72.9925394,2.6152582,9.0380011,0.2509684,9.557404,0.0,43.7806768,1.0647675,0.9065117,11.7136029,7.5979841,22.4940185,38711.1,582531.0,537553.0
Wyoming,2015,95.0405262,97.7397869,67.7163637,20.298867,6.8931865,0.3546794,68.8361218,2.5888959,9.1430778,0.2548941,3.2594742,0.0,43.8766107,1.0758536,0.7999575,10.3610626,7.1523845,19.0727507,39899.0,585613.0,507953.0
Wyoming,2016,90.2335029,84.0271818,65.2787759,18.3670143,6.3343762,0.3556661,65.2475845,2.5062103,8.7255729,0.2585854,0.2843771,0.0,40.7773443,1.0780287,0.8497795,10.516047,7.2561574,17.3586937,38079.7,584215.0,506363.0
Wyoming,2017,93.311176,116.5948606,67.4627626,19.1801595,6.3342293,0.3503785,67.5276258,2.6756902,8.7956241,0.262109,9.8126368,0.0,40.9205111,1.0056741,0.9296495,11.8502124,7.2851493,18.6016241,37866.3,578931.0,537178.0
Wyoming,2018,93.7013608,97.175387,67.8928643,19.1297741,6.3298673,0.3488551,67.8928643,2.6484207,8.7605985,0.2658294,3.4740261,0.0,40.7119093,0.9420764,0.950364,12.8069588,7.4640511,17.9736926,38696.3,577601.0,558594.0
Alabama,2019,131.5775,74.505,108.1741,16.3894,3.8745,3.1394,108.1741,6.4523,5.1865,5.664,-57.0725,,48.4196,2.1591,2.0431,17.1289,33.1748,8.297,,,
Alabama,2020,124.3659,68.1252,100.7614,16.6235,3.9526,3.0284,100.7614,6.073,5.3033,5.792,-56.2407,,42.6682,1.9978,1.8973,15.9585,33.2191,8.4124,,,
Alabama,2021,134.6846,79.0205,112.2932,15.0978,3.9399,3.3537,112.2932,7.0856,5.1462,5.2513,-55.6641,,47.173,2.1996,2.0465,17.4632,37.689,7.3806,,,
Alabama,2022,135.0291,79.9595,113.3303,14.2305,3.9918,3.4765,113.3303,6.8851,5.037,5.1655,-55.0696,,50.1287,2.5101,1.9511,16.3199,36.9378,6.6767,,,
Alaska,2019,33.7121,56.9139,31.2621,1.8111,0.1999,0.4389,31.2621,0.2363,0.053,0.6152,23.2019,,2.7192,1.9577,1.3934,16.7713,7.6705,1.8166,,,
Alaska,2020,35.5689,5.0798,33.1761,1.7548,0.2076,0.4304,33.1761,0.2232,0.059,0.5446,-30.4891,,2.7362,2.0561,1.5837,18.1624,8.0127,1.7062,,,
Alaska,2021,38.7665,13.5506,36.3059,1.8279,0.2207,0.412,36.3059,0.1869,0.0584,0.5854,-25.2159,,2.7968,2.1975,1.6234,19.5236,9.5871,1.7072,,,
Alaska,2022,40.6164,63.9771,38.0531,1.8789,0.2302,0.4542,38.0531,0.2439,0.0603,0.5738,23.3606,,2.8462,2.1388,1.5272,21.9168,8.9566,1.8221,,,
Arizona,2019,111.3399,114.419,93.7044,7.1243,6.4676,4.0436,93.7044,3.1579,7.8867,2.7542,3.0791,,43.4917,2.969,2.6406,4.5692,38.516,1.354,,,
Arizona,2020,98.3625,102.4835,82.0006,6.4814,5.7527,4.1279,82.0006,3.2705,7.1767,2.328,4.121,,35.5635,2.7419,2.5667,4.57,34.9559,1.3626,,,
Arizona,2021,101.7097,104.8242,84.9645,6.3726,6.0027,4.3699,84.9645,3.2936,7.3973,2.3493,3.1144,,34.3009,2.9252,2.4965,4.3341,39.3002,1.2867,,,
Arizona,2022,100.2682,103.4792,83.5141,6.2631,6.066,4.425,83.5141,3.3592,7.2553,2.3211,3.2109,,32.6504,3.2008,2.5961,4.7021,38.7026,1.2986,,,
Arkansas,2019,92.2263,57.7605,66.969,16.1111,7.5675,1.5787,66.969,1.0155,15.9964,2.5025,-34.4658,,31.2029,3.4656,2.0621,8.147,19.9545,5.0018,,,
Arkansas,2020,81.0878,47.2107,56.4665,16.079,6.9038,1.6385,56.4665,1.0365,16.5989,2.522,-33.8771,,22.562,3.266,1.8839,7.8605,18.831,3.7943,,,
Arkansas,2021,88.6565,55.0813,64.0866,15.9379,6.9533,1.6787,64.0866,1.14,16.6545,2.5721,-33.5752,,28.533,3.5181,2.0649,7.7455,20.1104,3.4084,,,
Arkansas,2022,89.9754,56.9664,65.6188,15.7519,6.8844,1.7202,65.6188,1.2498,16.5942,2.5385,-33.0089,,30.3043,3.4625,1.9618,7.9726,19.7264,3.1101,,,
California,2019,429.1572,397.2216,348.703,44.5182,16.3593,19.5767,348.703,8.2222,34.9013,16.1818,-31.9355,,31.1851,19.5548,27.059,71.4299,193.3847,7.313,,,
California,2020,380.0421,357.5788,299.4935,44.8734,15.7012,19.974,299.4935,8.3921,35.0328,16.3873,-22.4633,,33.749,17.8569,26.5439,64.3593,150.6301,7.0594,,,
California,2021,400.5924,376.5128,321.1009,43.186,15.7544,20.5511,321.1009,8.0018,33.8308,15.8674,-24.0797,,35.4165,18.4885,26.1148,64.2518,170.8379,6.9111,,,
California,2022,399.13,366.4064,319.8976,42.6344,15.5841,21.0139,319.8976,8.226,33.4708,15.6157,-32.7236,,35.4576,19.3769,25.0372,64.074,169.7306,6.8901,,,
Colorado,2019,133.2402,140.6981,95.1403,24.8447,10.0004,3.2549,95.1403,2.0357,16.0917,2.9077,7.4578,,33.356,4.5966,8.8714,13.5479,30.6924,17.5034,,,
Colorado,2020,119.9505,127.4077,83.7737,23.7536,9.2481,3.1751,83.7737,1.9884,15.4522,2.3919,7.4571,,28.4789,4.1839,8.3804,13.0843,25.8203,16.6765,,,
Colorado,2021,122.2345,128.6787,88.1692,21.4872,9.2674,3.3107,88.1692,1.8161,15.2958,2.2977,6.4441,,30.5047,4.2322,8.221,12.3872,29.34,14.4396,,,
Colorado,2022,124.1916,130.7368,90.474,21.1051,9.2376,3.3748,90.474,1.8867,15.0438,2.2707,6.5452,,29.1613,4.4992,8.5159,12.696,32.139,14.1042,,,
Connecticut,2019,40.9155,36.3328,37.4032,1.1133,0.6193,1.7796,37.4032,0.5396,0.3319,1.5272,-4.5826,,7.9043,4.1108,6.9118,1.8043,15.7514,0.3486,,,
Connecticut,2020,38.201,33.6338,34.6879,1.0737,0.6082,1.8312,34.6879,0.545,0.3738,1.5342,-4.5671,,8.6458,3.718,6.1645,1.7397,13.4223,0.3554,,,
Connecticut,2021,40.5269,35.9891,36.9484,1.0625,0.6118,1.9043,36.9484,0.5354,0.3339,1.4524,-4.5378,,9.2144,3.9961,6.3904,1.661,14.7819,0.3522,,,
Connecticut,2022,41.3568,36.8371,37.7624,1.0566,0.5851,1.9526,37.7624,0.5629,0.3321,1.3834,-4.5197,,9.2352,4.1297,6.6007,1.6721,15.2553,0.352,,,
Delaware,2019,15.3069,14.6371,13.4217,0.8909,0.4907,0.5035,13.4217,0.0616,0.4174,0.7325,-0.6697,,1.7632,1.0716,0.9728,3.8049,5.7394,0.204,,,
Delaware,2020,13.9021,13.2645,12.0466,0.8419,0.4637,0.5499,12.0466,0.0783,0.4019,0.6834,-0.6376,,1.8033,0.7389,0.854,3.7321,4.8408,0.2057,,,
Delaware,2021,14.4061,13.729,12.5568,0.8268,0.4817,0.5408,12.5568,0.0748,0.4023,0.6819,-0.677,,1.7655,0.7674,0.9308,3.7482,5.2629,0.2105,,,
Delaware,2022,14.5024,13.8695,12.6096,0.8265,0.4745,0.5919,12.6096,0.0848,0.3906,0.6847,-0.6329,,2.0011,0.8103,0.9903,3.6722,5.0484,0.2122,,,
District Of Columbia,2019,3.4784,3.4429,2.8909,0.0809,0.0806,0.4259,2.8909,0.1161,0.0013,0.0726,-0.0354,,0.0001,0.9355,0.6632,0.0288,1.2361,0.0533,,,
District Of Columbia,2020,2.973,2.9378,2.473,0.0785,0.074,0.3475,2.473,0.1109,0.0012,0.0692,-0.0352,,0.0001,0.8658,0.6152,0.0297,0.9324,0.0533,,,
District Of Columbia,2021,3.147,3.112,2.6016,0.0779,0.0731,0.3944,2.6016,0.1082,0.0013,0.0677,-0.035,,0.0001,0.8656,0.6649,0.0288,1.0117,0.053,,,
District Of Columbia,2022,3.2004,3.166,2.6708,0.0773,0.0729,0.3794,2.6708,0.1146,0.0012,0.0673,-0.0345,,0.0001,0.9126,0.6893,0.0332,0.998,0.0526,,,
Florida,2019,267.7514,263.3967,227.6983,16.1926,13.1365,10.724,227.6983,11.2078,8.5379,14.0448,-4.3546,,94.2378,6.6823,1.3031,12.2222,107.2404,1.5295,,,
Florida,2020,249.5643,245.8428,208.2374,14.9379,15.4115,10.9774,208.2374,13.6384,8.5516,12.9644,-3.7214,,92.2377,6.2299,1.3513,11.4988,90.8881,1.5839,,,
Florida,2021,266.1424,263.707,224.9737,15.0595,14.6579,11.4513,224.9737,12.8509,8.5482,12.9527,-2.4354,,91.1508,6.3132,1.464,12.3038,107.8286,1.5446,,,
Florida,2022,266.5567,264.9089,229.5747,14.7642,10.2335,11.9843,229.5747,8.6046,8.3702,12.8501,-1.6477,,92.6604,6.7114,1.4012,12.4488,110.3259,1.5743,,,
Georgia,2019,157.4915,115.5074,134.1388,12.7783,5.2179,5.3566,134.1388,2.4746,5.8045,8.7697,-41.9842,,48.5504,4.3689,7.2281,11.3779,61.6639,1.3843,,,
Georgia,2020,139.8425,98.9704,116.1638,12.9258,5.2378,5.5152,116.1638,2.7414,6.0267,8.9352,-40.8721,,37.279,4.2113,7.0257,10.8088,55.7297,1.4115,,,
Georgia,2021,147.2986,107.3223,124.199,12.1924,5.1709,5.7363,124.199,2.7434,5.7967,8.2666,-39.9763,,40.826,4.3624,7.3595,11.5423,59.017,1.3731,,,
Georgia,2022,146.8816,107.8578,124.1666,12.0388,4.7498,5.9263,124.1666,2.3856,5.696,8.1473,-39.0238,,40.4066,4.6875,7.7609,11.631,58.5766,1.3894,,,
Hawaii,2019,19.2723,16.4118,17.4347,0.8084,0.3331,0.6962,17.4347,0.1899,0.3807,0.8808,-2.8605,,6.3031,0.4305,0.0332,1.0397,9.3644,0.017,,,
Hawaii,2020,15.1494,12.3406,13.3578,0.7722,0.296,0.7233,13.3578,0.1966,0.3739,0.8274,-2.8088,,5.8744,0.3728,0.0323,0.7889,6.0127,0.0171,,,
Hawaii,2021,17.1388,14.3175,15.2441,0.8353,0.3118,0.7476,15.2441,0.1898,0.3795,0.8637,-2.8213,,5.7767,0.4002,0.0387,0.7389,8.051,0.0166,,,
Hawaii,2022,17.6609,14.8429,15.7504,0.8368,0.3084,0.7653,15.7504,0.2002,0.3869,0.8943,-2.818,,5.7603,0.4065,0.0376,0.7944,8.4673,0.0163,,,
Idaho,2019,36.4223,33.3343,19.4976,10.1153,5.6837,1.1257,19.4976,0.0827,14.33,0.8798,-3.088,,1.6963,1.5492,2.0418,3.3066,10.422,0.3497,,,
Idaho,2020,36.8597,33.962,19.2404,10.4012,6.0497,1.1685,19.2404,0.0305,15.045,0.8892,-2.8977,,1.646,1.5292,1.9644,3.4212,10.1776,0.3591,,,
Idaho,2021,37.8275,35.1401,20.286,10.4805,5.8258,1.2352,20.286,0.0159,14.9183,0.8601,-2.6873,,2.0054,1.4319,2.0118,3.3443,11.0062,0.3545,,,
Idaho,2022,38.4345,36.123,20.6518,10.7494,5.7409,1.2924,20.6518,0.0862,15.0844,0.8594,-2.3115,,1.7727,1.6442,2.3718,3.4508,10.8483,0.3608,,,
Illinois,2019,242.734,228.6357,197.7493,17.8162,20.0092,7.1593,197.7493,2.6908,22.4463,6.2994,-14.0983,,58.0805,15.14,25.4239,32.5327,63.6525,8.1622,,,
Illinois,2020,209.828,198.3825,166.239,17.3405,18.8381,7.4104,166.239,2.6377,21.6787,6.8845,-11.4455,,42.4436,13.3977,23.1209,31.525,52.615,7.1939,,,
Illinois,2021,225.6697,211.5747,181.284,17.417,19.3087,7.6599,181.284,2.7547,22.1423,6.7878,-14.0951,,52.4273,13.8038,22.6705,30.9193,58.0551,7.3621,,,
Illinois,2022,225.2944,211.3332,181.439,17.3467,18.8985,7.6101,181.439,2.6229,21.6368,6.6783,-13.9612,,48.7556,15.3264,24.6779,32.0606,57.0184,7.5955,,,
Indiana,2019,210.9708,199.5986,180.8856,13.6464,12.3028,4.136,180.8856,13.2142,14.8372,4.5849,-11.3722,,75.7481,6.0789,8.8997,36.1077,39.7379,5.96,,,
Indiana,2020,183.829,173.5954,155.826,13.1386,10.7357,4.1287,155.826,9.0332,13.3977,4.707,-10.2336,,63.1377,5.4487,8.2708,32.1283,36.8091,5.485,,,
Indiana,2021,194.3768,182.9276,165.5468,13.2073,11.3627,4.2601,165.5468,7.7204,14.3143,4.3635,-11.4492,,68.7943,5.9426,8.1164,33.2006,40.6887,5.6412,,,
Indiana,2022,193.2511,181.8873,165.1563,12.4857,11.3023,4.3068,165.1563,8.8569,14.1757,4.3148,-11.3637,,68.5834,6.5218,8.7682,31.667,39.3495,5.1456,,,
Iowa,2019,123.1684,111.5528,76.7518,19.8827,24.899,1.6348,76.7518,1.5463,39.5284,2.7097,-11.6156,,23.7225,4.178,5.3503,18.6288,21.2663,1.5228,,,
Iowa,2020,109.3708,99.5633,65.0589,19.8014,22.8348,1.6756,65.0589,1.7867,37.6065,2.7583,-9.8075,,16.026,3.705,4.8457,16.9245,19.6842,1.5577,,,
Iowa,2021,118.4037,107.8783,72.6613,19.6834,24.3167,1.7422,72.6613,1.5688,38.6759,2.6973,-10.5254,,23.9166,3.476,4.5366,16.4657,20.8337,1.4979,,,
Iowa,2022,118.0103,107.3193,72.9863,19.4162,23.8195,1.7884,72.9863,1.8232,37.8005,2.6577,-10.691,,20.5679,4.7437,5.4184,17.9947,20.7182,1.5084,,,
Kansas,2019,112.6463,105.6208,59.6699,28.566,22.8745,1.5358,59.6699,1.2458,36.5569,2.2631,-7.0255,,20.3338,2.6816,4.3426,11.4742,17.9043,12.2099,,,
Kansas,2020,107.6276,99.7739,57.6255,27.9352,20.4983,1.5686,57.6255,0.8806,34.454,2.2841,-7.8537,,19.8246,2.6263,3.939,11.5325,16.5876,11.6209,,,
Kansas,2021,110.177,102.1278,59.9377,28.3977,20.2104,1.6312,59.9377,0.9678,34.7751,2.3857,-8.0492,,22.2496,2.6412,3.7738,11.4042,16.6701,11.2882,,,
Kansas,2022,112.4704,104.5089,62.9747,27.9422,19.8729,1.6806,62.9747,0.9649,34.1048,2.3578,-7.9615,,23.2962,2.9478,4.1082,12.2705,17.1748,11.0796,,,
Kentucky,2019,142.8875,117.8755,115.5766,14.2346,6.1639,6.9125,115.5766,7.9068,9.2779,5.1733,-25.012,,59.5058,2.8473,3.2596,15.2298,31.1495,5.2987,,,
Kentucky,2020,127.2817,102.1181,102.0886,13.5938,6.0049,5.5944,102.0886,6.1983,9.1274,4.7061,-25.1636,,50.474,2.5408,2.9554,13.6834,29.2656,5.1018,,,
Kentucky,2021,136.9563,111.8169,112.6147,12.3769,6.219,5.7457,112.6147,6.3985,9.1916,4.304,-25.1394,,56.899,2.5854,3.0796,14.5884,32.0768,4.4115,,,
Kentucky,2022,135.6949,110.7797,111.5669,12.5958,6.2757,5.2564,111.5669,6.0991,9.0571,4.2572,-24.9152,,55.7367,2.8322,3.3466,14.1963,31.7332,4.7562,,,
Louisiana,2019,224.0375,194.5211,188.9076,25.0708,7.3317,2.7275,188.9076,15.5321,9.4029,4.335,-29.5164,,30.6384,2.3478,2.0591,103.569,33.9855,19.489,,,
Louisiana,2020,206.7443,177.1944,175.3179,21.5166,7.1388,2.771,175.3179,15.9559,10.0221,3.7704,-29.5499,,27.5311,2.2164,1.8531,95.4023,31.8081,15.6984,,,
Louisiana,2021,216.4183,187.2511,186.395,19.9626,7.2069,2.8537,186.395,16.8768,9.7538,3.5773,-29.1672,,30.3788,2.2987,2.0837,95.8429,38.5102,14.4473,,,
Louisiana,2022,222.628,193.7904,193.4836,19.6893,6.7247,2.7305,193.4836,16.1425,9.7473,3.5159,-28.8376,,32.0757,2.3239,2.0125,98.183,41.2621,14.6415,,,
Maine,2019,16.8331,-1.416,14.3239,1.1417,0.5282,0.8393,14.3239,0.5833,0.5464,0.7087,-18.2491,,0.7129,1.7024,2.8016,1.6384,6.9893,0.1014,,,
Maine,2020,15.8408,-2.2357,13.4153,1.1028,0.5015,0.8211,13.4153,0.5602,0.5456,0.7385,-18.0766,,0.7007,1.5359,2.6054,1.6624,6.4364,0.1046,,,
Maine,2021,16.5844,-1.284,14.1194,1.1087,0.4976,0.8588,14.1194,0.532,0.5253,0.7557,-17.8684,,1.2616,1.6093,2.2764,1.5656,6.9739,0.1039,,,
Maine,2022,17.3808,-0.2836,14.8979,1.1356,0.4906,0.8567,14.8979,0.5147,0.5117,0.7426,-17.6644,,1.7304,1.6731,2.397,1.5553,7.1113,0.1035,,,
Maryland,2019,66.568,59.4213,58.6816,3.0479,1.8168,3.0216,58.6816,2.2009,1.4964,2.7831,-7.1468,,11.7892,5.5429,5.6628,2.8734,30.7489,0.5853,,,
Maryland,2020,57.5792,50.4956,49.7768,2.9182,1.7539,3.1303,49.7768,2.3862,1.4725,2.7159,-7.0836,,9.2125,4.9034,5.4071,2.5811,25.4241,0.5713,,,
Maryland,2021,62.6667,55.4259,54.7325,2.8736,1.804,3.2565,54.7325,2.3089,1.4783,2.6837,-7.2408,,11.2238,4.8186,5.488,2.7198,28.2957,0.574,,,
Maryland,2022,60.7221,53.5794,52.701,2.8972,1.7814,3.3425,52.701,2.3847,1.4342,2.6262,-7.1426,,10.4875,5.3725,5.8878,2.6795,26.0865,0.5908,,,
Massachusetts,2019,70.0655,63.4213,63.2356,2.1808,1.1342,3.5148,63.2356,1.1793,0.2574,2.9564,-6.6442,,6.2154,7.9447,13.0638,3.5094,31.1302,0.8193,,,
Massachusetts,2020,59.5161,52.9118,52.7244,2.1301,1.052,3.6095,52.7244,1.1883,0.2465,2.8528,-6.6043,,5.741,7.1451,11.5268,3.2757,23.6318,0.8833,,,
Massachusetts,2021,63.3345,56.8149,56.5209,1.9924,1.0683,3.7529,56.5209,1.1774,0.2711,2.7969,-6.5196,,6.1332,7.1261,11.4788,3.405,26.9373,0.8102,,,
Massachusetts,2022,66.5185,60.0474,59.5851,2.0301,1.0499,3.8534,59.5851,1.2244,0.2762,2.8142,-6.4711,,6.7979,7.9949,12.2148,3.5292,27.5431,0.8418,,,
Michigan,2019,190.6795,171.5152,162.4573,15.5623,7.6036,5.0564,162.4573,9.3597,10.6978,7.202,-19.1643,,54.5496,11.6684,21.482,15.1672,50.7394,3.6162,,,
Michigan,2020,168.6772,149.3306,140.8823,15.4014,7.1722,5.2213,140.8823,8.4578,10.5373,7.0171,-19.3465,,46.964,10.5179,19.4904,13.1183,42.9662,3.6197,,,
Michigan,2021,180.1696,161.2084,151.3917,16.1819,7.2319,5.3641,151.3917,9.1324,10.6966,7.658,-18.9612,,52.91,10.5362,18.8826,13.5358,47.0174,3.5292,,,
Michigan,2022,185.9281,167.1667,157.3471,15.8681,7.2155,5.4973,157.3471,8.675,10.3954,7.52,-18.7613,,56.0193,11.644,20.6549,14.3008,46.6942,3.4322,,,
Minnesota,2019,137.7725,126.4266,104.3087,12.1435,18.1275,3.1928,104.3087,13.9101,25.9299,3.0068,-11.3459,,22.8584,7.2776,10.1782,14.9519,32.7498,1.3529,,,
Minnesota,2020,122.4089,112.4584,90.4717,11.733,17.0244,3.1798,90.4717,13.0022,24.841,2.8305,-9.9505,,19.2095,6.5641,9.1752,13.4888,26.6992,1.3688,,,
Minnesota,2021,128.1864,117.9887,95.5525,11.7331,17.5507,3.3501,95.5525,13.165,25.3874,2.7548,-10.1977,,21.2074,6.6887,9.2137,14.0521,28.9181,1.3459,,,
Minnesota,2022,128.4083,118.1172,96.1773,11.6551,17.1639,3.412,96.1773,12.2144,24.8364,2.7816,-10.2911,,19.8927,8.0079,10.5422,14.4283,28.76,1.3465,,,
Mississippi,2019,78.0976,13.3104,62.6934,7.7145,6.1801,1.5097,62.6934,2.1235,6.9808,2.603,-64.7872,,24.4761,1.5779,1.6274,10.6715,23.0903,2.6645,,,
Mississippi,2020,78.3305,15.2818,63.4776,7.3086,6.0207,1.5235,63.4776,2.3112,6.9263,2.3241,-63.0486,,26.2772,1.513,1.4314,10.5694,22.1851,2.5152,,,
Mississippi,2021,78.1776,16.2726,63.9631,7.1225,5.5175,1.5745,63.9631,1.9479,6.8051,2.1417,-61.905,,25.1668,1.5128,1.4911,10.7721,23.5559,2.4347,,,
Mississippi,2022,80.9094,20.559,66.4803,7.0892,5.7299,1.61,66.4803,2.4886,6.6639,2.1183,-60.3504,,26.7297,1.6361,1.5449,11.3451,23.5471,2.4368,,,
Missouri,2019,155.5123,134.0683,123.5421,13.9014,14.692,3.3768,123.5421,6.8152,23.1924,2.7515,-21.444,,57.9058,4.6454,7.2114,8.3733,38.5524,1.1211,,,
Missouri,2020,146.5408,124.4456,115.7977,13.9898,13.4483,3.305,115.7977,7.0184,22.1454,2.7958,-22.0952,,54.8223,4.2733,6.3576,8.1107,34.9592,1.1413,,,
Missouri,2021,155.328,133.6133,123.8432,13.8439,14.1825,3.4584,123.8432,7.1093,22.2854,2.8743,-21.7147,,60.211,4.5019,6.3296,8.272,37.4987,1.1018,,,
Missouri,2022,151.3848,129.7351,120.0274,13.3731,14.4756,3.5086,120.0274,7.5292,21.5298,2.838,-21.6497,,56.7905,4.5998,6.8305,7.9601,36.8354,1.0529,,,
Montana,2019,59.4139,77.0283,33.4457,9.227,16.0865,0.6547,33.4457,0.1765,21.8822,0.5773,17.6144,,15.9359,1.7339,1.9504,4.4975,7.5811,3.6049,,,
Montana,2020,48.7421,61.7409,26.7714,8.9882,12.3089,0.6736,26.7714,0.1413,18.1676,0.5829,12.9988,,10.0987,1.6661,1.7845,4.4039,7.4362,3.0599,,,
Montana,2021,52.4417,61.5424,29.5786,8.7112,13.4464,0.7055,29.5786,0.1591,19.1249,0.564,9.1007,,12.4637,1.6069,1.6992,4.3648,8.049,2.9263,,,
Montana,2022,52.8672,62.8823,30.6914,8.1848,13.2665,0.7244,30.6914,0.1904,18.4172,0.5589,10.0151,,13.3304,1.7635,1.9475,4.5399,7.7284,2.8036,,,
Nebraska,2019,91.043,85.6148,49.7196,18.2293,22.0316,1.0626,49.7196,-0.8955,36.5957,2.0987,-5.4282,,22.0169,2.345,2.8455,8.5022,13.199,1.2334,,,
Nebraska,2020,84.3651,78.1474,46.0378,17.7359,19.4999,1.0916,46.0378,-0.9134,33.8658,1.8599,-6.2177,,19.6517,2.1496,2.492,8.585,12.3258,1.2291,,,
Nebraska,2021,86.6385,81.1494,47.1057,17.9277,20.4826,1.1225,47.1057,-0.8583,35.0649,1.8816,-5.4891,,19.7914,2.0848,2.4318,8.6305,13.2671,1.1622,,,
Nebraska,2022,87.3034,81.7399,48.2149,17.7697,20.1765,1.1425,48.2149,-0.7833,34.5545,1.8838,-5.5635,,20.5363,2.1636,2.5643,8.9063,13.0827,1.1164,,,
Nevada,2019,47.5848,47.9226,41.7007,2.4578,1.8709,1.5554,41.7007,1.4765,2.5776,0.7949,0.3379,,13.6238,2.4826,2.7788,3.5945,18.0191,0.5353,,,
Nevada,2020,42.8365,43.0415,37.1503,2.4665,1.6188,1.6009,37.1503,1.536,2.3859,0.7916,0.205,,13.3011,1.9206,2.6803,2.7069,15.2024,0.5508,,,
Nevada,2021,45.9699,45.9239,40.1419,2.4576,1.7031,1.6673,40.1419,1.4491,2.435,0.8029,-0.046,,13.7268,2.1927,2.6113,2.8513,17.5097,0.537,,,
Nevada,2022,46.5309,46.5924,40.7363,2.3748,1.6876,1.7323,40.7363,1.482,2.3974,0.7375,0.0615,,13.3226,2.376,2.7471,3.0002,18.004,0.544,,,
New Hampshire,2019,15.9817,9.207,13.9204,1.0409,0.269,0.7514,13.9204,0.3052,0.2029,0.8257,-6.7747,,1.8029,1.4304,2.7852,0.7957,6.8254,0.0872,,,
New Hampshire,2020,14.4275,7.7344,12.4228,1.0451,0.247,0.7126,12.4228,0.3197,0.1908,0.886,-6.6931,,1.5858,1.2807,2.5674,0.7622,5.9272,0.0883,,,
New Hampshire,2021,15.2961,8.7201,13.2151,1.0626,0.2555,0.7628,13.2151,0.3063,0.1921,0.9023,-6.576,,2.1004,1.3155,2.1748,0.7278,6.6131,0.0882,,,
New Hampshire,2022,15.9519,9.4716,13.8578,1.0659,0.253,0.7752,13.8578,0.3396,0.1881,0.8858,-6.4803,,2.3925,1.3871,2.3476,0.772,6.6271,0.0887,,,
New Jersey,2019,108.5564,102.77,98.4709,3.6416,1.67,4.7739,98.4709,1.7244,0.4,3.7241,-5.7865,,17.3542,9.97,15.038,9.3626,45.7736,1.3758,,,
New Jersey,2020,90.9199,85.0607,80.9063,3.4647,1.5927,4.9562,80.9063,1.7205,0.3725,3.5929,-5.8592,,13.5519,8.8357,13.8008,7.9595,35.7967,1.3111,,,
New Jersey,2021,96.5512,90.77,86.5253,3.3005,1.6125,5.1128,86.5253,1.6829,0.3739,3.4664,-5.7812,,13.3104,9.628,14.436,8.3547,39.8147,1.2849,,,
New Jersey,2022,99.7194,93.9829,89.5349,3.2688,1.5856,5.3301,89.5349,1.8023,0.3644,3.457,-5.7364,,14.3471,10.0393,14.8863,9.5988,39.6544,1.2664,,,
New Mexico,2019,82.7308,88.3911,54.4835,20.3656,6.7539,1.1278,54.4835,0.6959,10.9139,1.1944,5.6603,,20.2737,1.9755,2.6105,8.2418,15.6591,19.5252,,,
New Mexico,2020,76.9178,82.6711,50.2656,19.2544,6.2407,1.157,50.2656,0.725,10.4056,1.0674,5.7533,,18.5977,1.6822,2.2857,7.811,14.9638,17.7666,,,
New Mexico,2021,77.4487,80.9548,51.1715,18.6683,6.3961,1.2127,51.1715,0.7184,10.526,0.9792,3.5061,,17.121,1.7816,2.2532,8.5827,16.7948,17.0665,,,
New Mexico,2022,77.2499,82.9075,52.0737,17.5984,6.3469,1.2309,52.0737,0.782,10.0104,0.9622,5.6576,,17.9884,1.8663,2.304,9.0324,15.9096,16.6089,,,
New York,2019,197.9695,161.8962,167.4812,14.1773,6.1769,10.1342,167.4812,4.164,9.9814,7.2161,-36.0733,,21.4103,22.4386,34.8533,9.1547,76.7744,3.139,,,
New York,2020,176.6859,140.6115,144.8954,15.2855,5.8905,10.6145,144.8954,4.0551,9.9751,8.01,-36.0745,,23.4249,19.8389,30.7201,8.134,59.8422,3.542,,,
New York,2021,187.928,151.5353,156.8072,14.4394,5.8523,10.829,156.8072,4.0754,9.9584,7.2934,-36.3926,,24.8745,20.8554,32.1674,8.2548,67.6482,3.2502,,,
New York,2022,194.8142,158.5956,164.213,13.3906,5.7175,11.493,164.213,4.6532,9.8585,7.277,-36.2186,,27.1256,21.7303,32.8176,8.2231,71.2406,2.2498,,,
North Carolina,2019,148.731,108.7707,122.4202,14.8299,5.7266,5.7543,122.4202,2.1325,11.0427,6.7741,-39.9603,,46.026,4.9925,5.1405,9.9902,55.971,1.1179,,,
North Carolina,2020,132.7947,93.4153,107.0183,14.565,5.653,5.5584,107.0183,1.8788,11.0283,6.6836,-39.3793,,37.0945,4.7524,4.7689,9.5173,50.5345,1.1302,,,
North Carolina,2021,141.4132,101.7474,116.0071,14.0422,5.4596,5.9042,116.0071,1.9549,10.2122,6.7472,-39.6658,,40.1046,4.9507,5.2988,9.9756,55.3281,1.1097,,,
North Carolina,2022,142.3176,103.0756,117.0274,13.9049,5.3526,6.0327,117.0274,1.9058,10.0741,6.6661,-39.2419,,40.0542,6.4884,5.3722,10.2919,54.4651,1.1083,,,
North Dakota,2019,103.2169,101.3359,76.7965,9.0634,16.8371,0.5198,76.7965,-1.1277,20.5519,0.6074,-1.881,,28.2769,1.1918,1.2869,14.2216,8.8552,26.8766,,,
North Dakota,2020,89.8846,89.1387,66.7355,7.7219,14.8911,0.5361,66.7355,-1.3351,18.6359,0.5031,-0.7459,,27.3815,1.2226,0.9777,15.3764,7.8357,16.5214,,,
North Dakota,2021,89.3044,87.5489,65.5197,7.6336,15.592,0.559,65.5197,-1.3628,19.3483,0.6287,-1.7555,,27.3709,1.1345,1.0306,15.4361,8.3918,14.5228,,,
North Dakota,2022,88.2097,86.5691,64.8863,7.3874,15.3702,0.5657,64.8863,-1.3172,18.8024,0.6175,-1.6406,,27.9374,1.3178,1.1895,15.8327,8.2942,12.6005,,,
Ohio,2019,231.4275,213.9218,195.2142,19.8699,10.3991,5.9443,195.2142,6.1732,12.7202,6.586,-17.5057,,67.4211,12.1583,18.2572,28.5181,60.7421,11.8366,,,
Ohio,2020,223.0973,206.1508,184.552,22.6554,9.8013,6.0887,184.552,5.5155,12.1205,7.1981,-16.9465,,66.9479,11.3616,17.0108,26.6495,55.4207,13.4824,,,
Ohio,2021,236.6818,219.142,196.0031,24.1377,10.1651,6.3759,196.0031,10.2255,12.335,8.8781,-17.5397,,68.3813,11.6295,17.0965,27.4938,59.6694,13.2965,,,
Ohio,2022,237.562,220.2703,199.1,21.9256,9.9009,6.6355,199.1,10.4376,12.0976,8.7204,-17.2917,,71.0122,12.5757,18.2713,26.9484,58.3424,11.1401,,,
Oklahoma,2019,142.6974,133.948,93.5784,34.8887,11.8296,2.4007,93.5784,5.3803,20.1617,3.0897,-8.7494,,27.5779,3.4152,4.2263,20.9881,30.4063,25.0645,,,
Oklahoma,2020,129.3376,120.6667,86.2006,30.1173,10.662,2.3577,86.2006,5.5312,18.799,2.957,-8.671,,25.2797,3.0547,3.82,19.6017,27.717,20.1775,,,
Oklahoma,2021,132.4208,124.3881,89.5444,30.1657,10.5041,2.2066,89.5444,4.4077,19.4342,2.6626,-8.0327,,26.7181,3.0525,3.9725,19.9987,29.6954,19.9042,,,
Oklahoma,2022,133.5526,125.8951,89.6337,30.3821,11.0126,2.5242,89.6337,5.6638,19.1007,2.5931,-7.6575,,25.4804,3.2667,3.8619,20.9276,29.3581,20.683,,,
Oregon,2019,55.2935,13.1894,41.8865,6.0246,4.4844,2.8981,41.8865,1.3985,7.0283,2.2205,-42.104,,10.5155,2.5115,2.9704,4.4695,20.6782,0.6504,,,
Oregon,2020,51.1013,13.845,37.8356,5.8556,4.4713,2.9388,37.8356,1.5241,7.0355,2.1357,-37.2562,,8.8862,2.3113,2.7908,4.3368,18.7468,0.6579,,,
Oregon,2021,52.1027,13.8389,38.8882,5.6812,4.3936,3.1397,38.8882,1.6114,6.9098,2.0,-38.2638,,8.2236,2.3532,2.9136,4.5141,20.1453,0.6474,,,
Oregon,2022,51.0929,11.874,38.0313,5.6394,4.3428,3.0794,38.0313,1.4978,6.8387,1.9669,-39.219,,7.4082,2.5938,3.0567,4.6442,19.5734,0.6516,,,
Pennsylvania,2019,274.4068,244.3711,219.6682,40.9104,5.7887,8.0395,219.6682,7.6624,9.1424,5.9766,-30.0357,,75.0341,11.6992,18.987,39.1243,62.0721,37.1351,,,
Pennsylvania,2020,253.2659,223.7226,199.4393,40.0534,5.4478,8.3254,199.4393,9.7159,8.8089,5.981,-29.5433,,70.0156,10.4974,17.237,33.9005,53.387,36.2908,,,
Pennsylvania,2021,268.7072,238.567,216.7879,38.0456,5.6102,8.2634,216.7879,9.6154,8.5327,5.6123,-30.1401,,77.4137,11.0003,18.1523,37.1902,58.2837,35.0738,,,
Pennsylvania,2022,264.4553,234.5859,214.4221,36.0663,5.4827,8.4842,214.4221,7.7388,8.1956,5.5687,-29.8693,,74.2401,11.9058,19.283,38.7285,57.6159,33.2784,,,
Rhode Island,2019,11.579,11.0879,10.3359,0.4363,0.1755,0.6313,10.3359,0.1692,0.0352,0.3286,-0.491,,2.806,0.9155,1.9709,0.636,3.9867,0.1402,,,
Rhode Island,2020,10.9031,10.3982,9.7316,0.3088,0.1769,0.6858,9.7316,0.1756,0.0328,0.2144,-0.5049,,3.1782,0.7855,1.7902,0.6112,3.3394,0.1413,,,
Rhode Island,2021,11.6779,11.1681,10.5136,0.3049,0.18,0.6795,10.5136,0.1714,0.0318,0.2122,-0.5098,,3.3719,0.8874,1.9292,0.5945,3.7037,0.1399,,,
Rhode Island,2022,11.1883,10.6712,10.1043,0.3073,0.1707,0.606,10.1043,0.1794,0.0316,0.2148,-0.5171,,2.7753,0.8963,1.9672,0.6119,3.8188,0.1385,,,
South Carolina,2019,80.5832,59.2145,71.0331,4.1827,2.279,3.0884,71.0331,2.9461,2.2113,2.6918,-21.3687,,24.9347,2.2021,1.9284,7.5951,32.5229,0.7087,,,
South Carolina,2020,74.8395,54.2029,65.132,4.2119,2.4302,3.0655,65.132,2.9816,2.3367,2.7998,-20.6366,,22.8321,2.0825,1.8785,7.1458,29.2063,0.7211,,,
South Carolina,2021,81.1654,60.2769,71.3874,4.2862,2.3332,3.1586,71.3874,2.9869,2.1295,2.9393,-20.8885,,25.0144,2.1723,2.1212,7.2976,32.7817,0.704,,,
South Carolina,2022,80.3867,59.8199,70.5031,4.2225,2.3361,3.3249,70.5031,3.5474,2.0547,2.9071,-20.5668,,24.6965,2.2958,2.1188,6.9211,32.0331,0.7141,,,
South Dakota,2019,44.1505,44.7244,17.0604,10.2365,16.3278,0.5259,17.0604,-0.0277,26.0197,0.5024,0.5738,,3.196,0.9226,1.2515,3.8719,6.7908,0.3726,,,
South Dakota,2020,42.4864,41.9351,15.9027,10.1543,15.9053,0.5241,15.9027,-0.3686,25.5288,0.4996,-0.5514,,2.2846,0.8588,1.0489,4.0937,6.6738,0.3582,,,
South Dakota,2021,43.4273,42.552,16.3074,10.5109,16.0458,0.5632,16.3074,-0.34,25.9943,0.5231,-0.8753,,2.4015,0.7904,1.0117,3.948,7.186,0.3479,,,
South Dakota,2022,43.5012,42.8,16.9937,10.2153,15.7121,0.5802,16.9937,-0.2061,25.3222,0.5208,-0.7012,,2.6641,0.8979,1.137,4.1706,7.053,0.3546,,,
Tennessee,2019,109.2891,74.6882,91.7516,9.0901,5.0042,3.4432,91.7516,2.4063,7.4899,4.1545,-34.6009,,24.0319,4.1213,4.2869,13.5265,44.1151,1.5341,,,
Tennessee,2020,99.9602,65.5913,83.0156,8.5163,4.8993,3.5291,83.0156,2.4181,7.359,3.5519,-34.369,,19.7161,3.8024,4.0043,12.9933,40.8486,1.6684,,,
Tennessee,2021,109.7031,75.5034,92.5024,8.497,5.0068,3.6968,92.5024,2.4791,7.3773,3.5451,-34.1997,,24.0212,4.1322,4.3563,13.6347,44.6696,1.6315,,,
Tennessee,2022,108.6679,74.8211,91.638,8.2566,4.9543,3.819,91.638,2.7316,7.1797,3.5022,-33.8468,,23.6468,4.3081,4.451,13.4389,43.8353,1.5383,,,
Texas,2019,869.5909,829.284,708.1827,110.064,35.4533,15.8909,708.1827,34.4555,58.5543,18.0579,-40.3069,,190.5988,13.9343,13.7161,220.9873,210.2511,90.3354,,,
Texas,2020,802.7752,760.3882,648.1383,103.5785,34.8402,16.2183,648.1383,32.255,59.2104,16.5363,-42.387,,176.7537,12.7561,12.0392,212.218,182.5525,78.9869,,,
Texas,2021,847.7153,804.3731,692.9108,102.4314,35.3317,17.0414,692.9108,33.8025,59.7699,15.4138,-43.3422,,180.1143,13.6161,12.1974,230.5098,205.9597,75.8587,,,
Texas,2022,851.1426,809.4387,701.3574,96.7186,35.1201,17.9464,701.3574,33.9562,58.6977,15.2264,-41.7039,,186.0783,14.3624,13.7031,228.4306,208.9552,70.4273,,,
United States,2019,6555.5941,5780.1395,5208.5765,747.7782,416.0711,183.1686,5208.5765,195.7687,621.3716,187.8973,-775.4543,,1606.7212,251.7489,342.9047,912.8204,1840.5471,390.0061,,,
United States,2020,5969.2828,5162.7837,4664.8877,729.0416,390.852,184.5016,4664.8877,189.0087,600.9639,183.7768,-806.4991,,1439.5658,229.2636,314.7949,857.1927,1592.76,356.8357,,,
United States,2021,6295.6259,5480.9863,4992.7649,713.9498,397.8566,191.0535,4992.7649,194.0721,606.0782,180.4134,-814.6395,,1540.9326,237.5279,318.0336,889.1969,1774.5129,339.6261,,,
United States,2022,6311.1829,5550.8126,5029.6886,695.8763,389.406,196.2112,5029.6886,191.8832,594.6981,178.0172,-760.3699,,1531.6802,257.6913,335.1677,900.767,1772.3359,326.7115,,,
Utah,2019,75.9945,78.4689,62.7825,7.9971,3.2445,1.9703,62.7825,1.9329,4.8522,1.3595,2.4744,,28.4424,3.0431,4.3995,7.0047,17.9351,5.0095,,,
Utah,2020,72.4916,75.2814,58.6588,8.9629,2.9404,1.9294,58.6588,1.7412,4.6737,1.3751,2.7899,,26.444,2.8709,4.2037,6.472,17.046,5.6294,,,
Utah,2021,77.6429,79.9862,63.5208,9.0912,3.0636,1.9673,63.5208,1.733,4.676,1.3893,2.3433,,29.9411,2.931,4.0658,6.6987,18.2399,5.794,,,
Utah,2022,75.1466,77.639,61.1019,9.019,3.0694,1.9563,61.1019,1.7242,4.5636,1.378,2.4925,,26.5452,3.1916,4.4938,6.7089,18.4224,5.836,,,
Vermont,2019,8.8938,3.1673,6.1567,1.4909,0.5895,0.6568,6.1567,0.2171,1.5705,0.2706,-5.7265,,0.002,0.8592,1.4625,0.4235,3.1926,0.0308,,,
Vermont,2020,8.2155,2.5255,5.5116,1.5022,0.5655,0.6362,5.5116,0.2042,1.5472,0.337,-5.69,,0.003,0.8508,1.3203,0.4408,2.6735,0.0314,,,
Vermont,2021,8.2689,2.6343,5.5513,1.4407,0.5599,0.717,5.5513,0.215,1.5177,0.2969,-5.6346,,0.003,0.8697,1.2155,0.3626,2.8871,0.0307,,,
Vermont,2022,8.2871,2.705,5.6223,1.4706,0.5521,0.6421,5.6223,0.2077,1.5131,0.298,-5.5821,,0.0054,0.8953,1.2304,0.399,2.8293,0.0308,,,
Virginia,2019,124.9684,82.0222,102.1319,14.3763,4.2409,4.2194,102.1319,3.4393,5.4371,6.1058,-42.9463,,26.8732,5.9577,6.024,8.6331,51.8809,6.5896,,,
Virginia,2020,119.9927,77.7623,97.0618,14.3275,4.2609,4.3426,97.0618,3.372,5.505,6.2919,-42.2304,,28.7727,5.5296,5.6645,8.2342,46.0655,6.4647,,,
Virginia,2021,119.842,77.8587,97.6111,13.4991,4.2152,4.5165,97.6111,3.4865,5.2864,6.076,-41.9834,,24.3263,5.7351,6.0432,8.857,49.8389,5.9358,,,
Virginia,2022,116.4707,75.1056,94.572,13.0489,4.1975,4.6523,94.572,3.4785,5.2872,5.8125,-41.3651,,22.9076,6.0566,6.2481,8.5744,48.2096,5.5367,,,
Washington,2019,95.8516,75.534,77.0603,7.8831,6.0803,4.8279,77.0603,1.8676,8.8294,3.2439,-20.3176,,13.6829,4.6027,6.0816,12.5181,39.2087,0.8069,,,
Washington,2020,82.3169,62.9024,64.2793,7.6371,5.9162,4.4843,64.2793,1.4439,8.8482,3.097,-19.4146,,10.9871,4.5026,5.7945,11.6064,30.5591,0.7961,,,
Washington,2021,87.3073,69.1873,69.6024,7.6801,5.7338,4.2909,69.6024,0.9147,8.5414,3.2109,-18.12,,9.8429,4.5249,5.968,11.2957,37.3314,0.7995,,,
Washington,2022,87.8742,69.3183,70.2577,7.5773,5.6301,4.4091,70.2577,0.9186,8.3497,3.1818,-18.5559,,9.4677,4.9386,6.1682,11.5257,37.507,0.7938,,,
West Virginia,2019,118.4533,90.7401,89.3793,25.6999,1.6843,1.6898,89.3793,1.8949,1.3738,1.0462,-27.7132,,57.7782,1.7495,1.6644,10.7423,13.5527,26.6113,,,
West Virginia,2020,108.9017,81.1992,79.9031,25.7227,1.6604,1.6155,79.9031,1.7036,1.3945,1.0514,-27.7025,,50.423,1.553,1.6464,10.9247,11.4726,26.7339,,,
West Virginia,2021,118.6224,90.8484,91.5956,23.4437,1.7665,1.8166,91.5956,1.8083,1.3486,1.0037,-27.7739,,58.9707,1.6118,1.6425,11.531,13.6566,24.779,,,
West Virginia,2022,114.8118,87.124,84.1832,26.6941,1.8658,2.0687,84.1832,2.253,1.3263,0.9897,-27.6879,,51.4247,1.7093,1.7232,11.7887,13.2169,28.1315,,,
Wisconsin,2019,125.6284,102.8488,95.6034,16.4753,10.5659,2.9839,95.6034,0.3835,21.4781,3.2815,-22.7796,,33.2606,6.6404,10.7776,13.3497,30.6811,1.2658,,,
Wisconsin,2020,117.5632,95.7502,87.8896,16.4701,10.1376,3.0658,87.8896,0.4908,21.0297,3.2961,-21.813,,31.5037,6.0323,9.6982,12.1449,27.704,1.2949,,,
Wisconsin,2021,123.6134,101.5134,93.554,16.6524,10.237,3.17,93.554,0.4843,21.3222,3.2508,-22.1,,34.994,6.5462,9.4624,11.778,29.9459,1.267,,,
Wisconsin,2022,122.0325,100.0419,92.0054,16.7491,10.0212,3.2567,92.0054,0.5397,21.1733,3.2163,-21.9906,,31.076,7.4957,10.4654,11.9677,30.1438,1.2751,,,
Wyoming,2019,87.6937,90.8596,63.0912,17.4323,6.8071,0.3631,63.0912,2.7176,9.2492,0.2594,3.1659,,36.4791,0.9715,1.0253,12.1655,7.366,16.3438,,,
Wyoming,2020,85.016,86.7471,58.852,19.9335,5.8636,0.367,58.852,2.4352,8.3085,0.2232,1.7311,,35.2421,0.9092,0.9281,10.5464,6.9384,18.3421,,,
Wyoming,2021,84.1553,84.655,58.1197,19.4936,6.1617,0.3802,58.1197,2.6431,8.5703,0.2846,0.4997,,34.0877,0.886,0.9344,10.498,7.2466,17.8824,,,
Wyoming,2022,83.6412,85.2151,60.0297,16.9005,6.3216,0.3893,60.0297,2.7301,8.4068,0.2803,1.5739,,35.3688,1.0548,0.9675,11.2292,6.869,15.4044,,,
